TCPId,Phase,File,Title,AltTitle,Author,CleanDate,RawDate,Publisher,PublicationStatement,PublicationPlace,XMLNotes,ESTC,STC,Wing,EEBOMarc,GaleDocNo,DocNo,ShortTitle,ShortTitleClean
A00725,EEBO-TCP Phase 1,A00725.P4.xml,"A vvoman is a vveather-cocke A new comedy, as it was acted before the King in White-Hall. And diuers times priuately at the White-Friers, by the Children of her Maiesties Reuels. Written by Nat: Field.","","Field, Nathan, 1587-1620?",1612,1612.,"[By William Jaggard] for Iohn Budge, and are to be sold at the gteat [sic] south doore of Paules, and at Brittaines Bursse,","Printed at London :[By William Jaggard] for Iohn Budge, and are to be sold at the gteat [sic] south doore of Paules, and at Brittaines Bursse,1612.",Printed at London :,Printer's name from STC.; Signatures: A-H⁴ I² .; Running title reads: A woman's a wether-cocke.; Reproduction of the original in the British Library.,S102043,10854,"",99837844,"","",A vvoman is a vveather-cocke.,A vvoman is a vveather-cocke
A00959,EEBO-TCP Phase 1,A00959.P4.xml,The tragœdy of Rollo Duke of Normandy Acted by His Majesties Servants. Written by John Fletcher Gent.,Bloody brother,"Fletcher, John, 1579-1625.; Jonson, Ben, 1573?-1637.; Massinger, Philip, 1583-1640.",1640,Anno 1640.,"Printed by Leonard Lichfield printer to the University,","Oxford :Printed by Leonard Lichfield printer to the University,Anno 1640.",Oxford :,"The attribution to Fletcher is not certain. Probably by him and Ben Jonson, revised by Philip Massinger.; Another version of ""The bloody brother"".; The title page is partly in the same setting as Fletcher's ""Rule a wife and have a wife"", 1640.; Reproduction of the original in the British Library.",S102320,11065,"",99838109,"","",The tragoedy of Rollo Duke of Normandy.,The tragoedy of Rollo Duke of Normandy
A00960,EEBO-TCP Phase 1,A00960.P4.xml,"The elder brother a comedie. Acted at the Blacke Friers, by his Maiesties Servants. Printed according to the true copie. Written by Iohn Fletcher Gent.","","Fletcher, John, 1579-1625.; Massinger, Philip, 1583-1640.",1637,1637.,"Imprinted by F[elix] K[ingston] for I. W[aterson] and I. B[enson],","London :Imprinted by F[elix] K[ingston] for I. W[aterson] and I. B[enson],1637.",London :,"Acts I and V are ascribed to Philip Massinger, who probably completed the play after Fletcher's death.; In verse.; Printer's and publishers' names from STC.; Signatures: [A]²  B-I⁴ K² .; Reproduction of the original in the British Library.",S102356,11066,"",99838141,"","",The elder brother,The elder brother
A00962,EEBO-TCP Phase 1,A00962.P4.xml,The faithfull shepheardesse. By Iohn Fletcher,"","Fletcher, John, 1579-1625.",1610,[1610?],"[By Edward Allde] for R. Bonian and H. Walley, and are to be sold at the spred Eagle ouer against the great north dore of S. Paules,","Printed at London :[By Edward Allde] for R. Bonian and H. Walley, and are to be sold at the spred Eagle ouer against the great north dore of S. Paules,[1610?]",Printed at London :,"In verse.; Printer's name supplied and publication date conjectured by STC.; Signatures: A⁴ [par.]²  B-K⁴ L² .; The first leaf is blank except for signature-mark ""A""; the last leaf is blank.; Reproduction of the original in the British Library.; Lacks A4.",S105619,11068,"",99841346,"","",The faithfvll shepheardesse.,The faithfvll shepheardesse
A00966,EEBO-TCP Phase 1,A00966.P4.xml,"The night-vvalker, or The little theife A comedy, as it vvas presented by her Majesties Servants, at the Private House in Drury Lane. Written by Iohn Fletcher. Gent.",Night-walker,"Fletcher, John, 1579-1625.",1640,1640.,"Printed by Tho. Cotes, for Andrew Crooke, and William Cooke,","London :Printed by Tho. Cotes, for Andrew Crooke, and William Cooke,1640.",London :,"Partly in verse.; Signatures: [A]²  B-K⁴.; The title page is partly in the same setting as James Shirley's ""The coronation a comedy"", 1640 (STC 22440).; Reproduction of the original in the British Library.",S102369,11072,"",99838154,"","","The night-vvalker, or The little theife.","The night-vvalker, or The little theife"
A00967,EEBO-TCP Phase 1,A00967.P4.xml,Rule a vvife and have a wife A comoedy. Acted by His Majesties Servants. Written by John Fletcher Gent.,"","Fletcher, John, 1579-1625.; Cervantes Saavedra, Miguel de, 1547-1616. Casamiento engañoso.",1640,Anno 1640.,"Printed by Leonard Lichfield printer to the University,","Oxford :Printed by Leonard Lichfield printer to the University,Anno 1640.",Oxford :,"The minor plot is from ""El casamiento engañoso"" by Cervantes.; In verse.; The title page is partly in the same setting as Fletcher's ""The tragœdy of Rollo duke of Normandy"", 1640.; Reproduction of the original in the British Library.",S102374,11073,"",99838159,"","",Rvle a vvife and have a wife.,Rvle a vvife and have a wife
A00968,EEBO-TCP Phase 1,A00968.P4.xml,"The tragedy of Thierry King of France, and his brother Theodoret As it was diuerse times acted at the Blacke-Friers by the Kings Maiesties Seruants.","","Fletcher, John, 1579-1625.; Massinger, Philip, 1583-1640.",1621,1621.,"Printed [by N. Okes] for Thomas Walkley, and are to bee sold at his shop in Britaines Burse, at the signe of the Eagle and Child,","London :Printed [by N. Okes] for Thomas Walkley, and are to bee sold at his shop in Britaines Burse, at the signe of the Eagle and Child,1621.",London :,"By John Fletcher, assisted by Philip Massinger and others.; Partly in verse.; Signatures: [A]²  B-K⁴.; The first leaf is blank.; Reproduction of the original in the British Library.",S102375,11074,"",99838160,"","","The tragedy of Thierry King of France, and his brother Theodoret.","The tragedy of Thierry King of France, and his brother Theodoret"
A01052,EEBO-TCP Phase 1,A01052.P4.xml,The ladies triall Acted by both their Majesties Servants at the private house in Drury Lane.,"","Ford, John, 1586-ca. 1640.",1639,1639.,"Printed by E[dward] G[riffin] for Henry Shephard, and are to be sold at his shop in Chancery-lane at the signe of the Bible, between Sarjants Inne and Fleet-street, neare the Kings-head taverne,","London :Printed by E[dward] G[riffin] for Henry Shephard, and are to be sold at his shop in Chancery-lane at the signe of the Bible, between Sarjants Inne and Fleet-street, neare the Kings-head taverne,1639.",London :,Dedication signed: Iohn Ford.; Printer's name from STC.; Signatures: A-K⁴.; The first leaf is blank.; Reproduction of the original in the Henry E. Huntington Library and Art Gallery.,S102516,11161,"",99838294,"","",The ladies triall.,The ladies triall
A01056,EEBO-TCP Phase 1,A01056.P4.xml,Loues sacrifice A tragedie receiued generally well. Acted by the Queenes Majesties Seruants at the Phœnix in Drury-lane.,"","Ford, John, 1586-ca. 1640.",1633,1633.,"Printed by I[ohn] B[eale] for Hugh Beeston, dwelling next the Castle in Cornhill,","London :Printed by I[ohn] B[eale] for Hugh Beeston, dwelling next the Castle in Cornhill,1633.",London :,"Dedication signed: Iohn Ford.; Signatures: pi¹ (=L4) A²  B-K⁴ L⁴ (-L4, = pi).; Reproduction of the original in an unidentified library.",S102512,11164,"",99838292,"","",Loues sacrifice.,Loues sacrifice
A01057,EEBO-TCP Phase 1,A01057.P4.xml,"'Tis pitty shee's a whore Acted by the Queenes Maiesties Seruants, at the Phænix in Drury-Lane.","","Ford, John, 1586-ca. 1640.",1633,1633.,"Printed by Nicholas Okes for Richard Collins, and are to be sold at his shop in Pauls Church-yard, at the signe of the three Kings,","London :Printed by Nicholas Okes for Richard Collins, and are to be sold at his shop in Pauls Church-yard, at the signe of the three Kings,1633.",London :,"Dedication signed: Iohn Ford.; Signatures: A²  B-K⁴.; Running title reads: 'Tis pitty shee's a whoore.; Variant: with an added leaf containing a verse ""To my friend the author"" signed by Thomas Ellice.; Reproduction of the original in the Henry E. Huntington Library and Art Gallery.",S102426,11165,"",99838211,"","",'Tis pitty shee's a whore.,'Tis pitty shee's a whore
A01772,EEBO-TCP Phase 1,A01772.P4.xml,"Argalus and Parthenia· as it hath been acted at the court before their Maiesties: and at the Private-House in Drury-Lane, by their Maiesties Servants. By Hen. Glapthorne.","","Glapthorne, Henry.; Sidney, Philip, Sir, 1554-1586. Arcadia.",1639,1639.,"Printed by R. Bishop for Daniel Pakeman, at the Raine-bow neere the Inner Temple Gate,","London :Printed by R. Bishop for Daniel Pakeman, at the Raine-bow neere the Inner Temple Gate,1639.",London :,"The plot is based on: Sidney, Sir Philip.  Arcadia.; Partly in verse.; The title page is in two settings: (1) line 10 begins ""By"" or (2) ""The Authour"", and line 9 reads ""By thier Maiesties Servants."".; Reproduction of the original in the Henry E. Huntington Library and Art Gallery.",S103124,11908,"",99838881,"","",Argalus and Parthenia·,Argalus and Parthenia
A01779,EEBO-TCP Phase 1,A01779.P4.xml,"Wit in a constable A comedy written 1639. The author Henry Glapthorne. And now printed as it was lately acted at the Cock-pit in Drury lane, by their Majesties Servants, with good allowance.","","Glapthorne, Henry.",1640,1640.,"By Io. Okes, for F[rancis] C[onstable] and are to be sold at his shops in Kings-street at the signe of the Goat, and in Westminster Hall,","London :By Io. Okes, for F[rancis] C[onstable] and are to be sold at his shops in Kings-street at the signe of the Goat, and in Westminster Hall,1640.",London :,In verse.; Publisher's name from STC.; Signatures: A-H⁴ I² .; The first leaf is blank.; Reproduction of the original in the New York Public Library.,S103219,11914,"",99838976,"","",Wit in a constable.,Wit in a constable
A02127,EEBO-TCP Phase 1,A02127.P4.xml,"The honorable historie of frier Bacon, and frier Bongay As it was plaid by her Maiesties seruants. Made by Robert Greene Master of Arts.",Friar Bacon and Friar Bungay,"Greene, Robert, 1558?-1592.",1594,1594.,"Printed [by Adam Islip] for Edward White, and are to be sold at his shop, at the little north dore of Poules, at the signe of the Gun,","London :Printed [by Adam Islip] for Edward White, and are to be sold at his shop, at the little north dore of Poules, at the signe of the Gun,1594.",London :,Partly in verse.; Signatures: A-H⁴ I² .; The first leaf is blank.; Running title reads: The honourable historie of Frier Bacon.; Reproduction of the original in the Henry E. Huntington Library and Art Gallery.,S105968,12267,"",99841693,"","","The honorable historie of frier Bacon, and frier Bongay.","The honorable historie of frier Bacon, and frier Bongay"
A02128,EEBO-TCP Phase 1,A02128.P4.xml,"The honorable historie of Frier Bacon, and Frier Bongay As it was lately plaid by the Prince Palatine his Seruants. Made by Robert Greene, Master of Arts.",Friar Bacon and Friar Bungay,"Greene, Robert, 1558?-1592.",1630,1630.,"Printed by Elizabeth Allde dwelling neere Christ-Church,","London :Printed by Elizabeth Allde dwelling neere Christ-Church,1630.",London :,In verse.; Signatures: A-H⁴.; With a title-page woodcut.; Reproduction of the original in the Henry E. Huntington Library and Art Gallery.; Running title reads: The honorable historie of Fryer Bacon.,S103422,12268,"",99839176,"","","The honorable historie of Frier Bacon, and Frier Bongay.","The honorable historie of Frier Bacon, and Frier Bongay"
A02455,EEBO-TCP Phase 1,A02455.P4.xml,The Queene of Arragon A tragi-comedie.,"","Habington, William, 1605-1654.",1640,1640.,"Printed by Tho. Cotes, for William Cooke, and are to be sold at his shop at Furnivals Inne gate in Holburne,","London :Printed by Tho. Cotes, for William Cooke, and are to be sold at his shop at Furnivals Inne gate in Holburne,1640.",London :,"By William Habington.; In verse.; Signatures: A²  B-G⁴ (±G4) H-I⁴ (-I4).; G4, a cancel, is signed ""G4"". Variant: G4 is cancellandum, unsigned.; I4 may have been used to print cancel G4.; Reproduction of the original in the University of Chicago. Library.",S120594,12587,"",99855789,"","",The Queene of Arragon.,The Queene of Arragon
A03201,EEBO-TCP Phase 1,A03201.P4.xml,"The fair maid of the vvest. Or, A girle worth gold. The first part. As it was lately acted before the King and Queen, with approved liking. By the Queens Majesties Comedians. Written by T.H.",Fair maid of the west,"Heywood, Thomas, d. 1641.",1631,1631.,"Printed [by Miles Flesher] for Richard Royston, and are to be sold at his shop in Ivie Lane,","London :Printed [by Miles Flesher] for Richard Royston, and are to be sold at his shop in Ivie Lane,1631.",London :,"Dedication signed: Thomas Heyvvood.; With title-page woodcuts.; Printer's name from STC.; Signatures: A-I⁴; A-L⁴ M² .; The second part, unpaginated, has separate dated title page and register.; The first leaf of each part is blank.; Running title reads: The faire maid of the west: or, a girle worth gold.; Reproduction of the original in the Henry E. Huntington Library and Art Gallery.",S104035,13320,"",99839776,"","","The fair maid of the vvest. Or, A girle worth gold. The first part. As it was lately acted before the King and Queen, with approved liking. By the Queens Majesties Comedians. Written by T.H. ","The fair maid of the vvest. Or, A girle worth gold. The first part. As it was lately acted before the King and Queen, with approved liking. By the Queens Majesties Comedians. Written by T.H. "
A03235,EEBO-TCP Phase 1,A03235.P4.xml,"Loves maistresse: or, The Queens masque As it was three times presented before their two Excellent Maiesties, within the space of eight dayes; in the presence of sundry forraigne ambassadors. Publikely acted by the Queens Comœdians, at the Phœnix in Drury-Lane. Written by Thomas Heywood.","","Heywood, Thomas, d. 1641.",1636,1636.,"Printed by Robert Raworth, for Iohn Crowch; and are to bee sold by Iasper Emery, at the signe of the Eagle and Child, in Pauls Church-yard,","London :Printed by Robert Raworth, for Iohn Crowch; and are to bee sold by Iasper Emery, at the signe of the Eagle and Child, in Pauls Church-yard,1636.",London :,"In verse.; Signatures: pi²  A-L⁴ M² .; The first leaf and the last leaf are blank.; Running title reads: Loves mistris.; Quire B outer forme is in two settings; B1r caption title has (1) ""Loues"" or (2) ""Loves"".; Reproduction of the original in the British Library.",S106146,13352,"",99841870,"","","Loves maistresse: or, The Queens masque.","Loves maistresse: or, The Queens masque"
A03248,EEBO-TCP Phase 1,A03248.P4.xml,"The royall king, and the loyall subject As it hath beene acted with great applause by the Queenes Maiesties Servants. Written by Thomas Heywood.","","Heywood, Thomas, d. 1641.; Bandello, Matteo, 1485-1561. Novelle. Part 1. Novella 2.",1637,1637.,"Printed by Nich. and Iohn Okes for Iames Becket, and are to be sold at his shop at the inner Temple neare the Gate,","London :Printed by Nich. and Iohn Okes for Iames Becket, and are to be sold at his shop at the inner Temple neare the Gate,1637.",London :,"In verse.; A dramatization of William Painter's ""Palace of pleasure"", tome 2, which is a translation of Matteo Bandello's ""Ariabarzane senescalco del re di Persia"" from his ""Novelle"" (part 1, novella 2).; Signatures: A-E⁴ F⁴ (+-F4 [=K4]) G-I⁴ K⁴ (-K4).; The first leaf is blank.; F4 cancellans recto catchword: ""That"". Variant: with cancellandum F4; recto catchword: ""His"".; Reproduction of the original in the Henry E. Huntington Library and Art Gallery.",S104074,13364,"",99839814,"","","The royall king, and the loyall subject.","The royall king, and the loyall subject"
A03255,EEBO-TCP Phase 1,A03255.P4.xml,The vvise-woman of Hogsdon A comedie. As it hath been sundry times acted with great applause. Written by Tho: Heyvvood.,"","Heywood, Thomas, d. 1641.",1638,1638.,"Printed by M. P[arsons] for Henry Shephard, and are to be sold at his shop in Chancerie-Lane, at the signe of the Bible, between Serjeants-Inne and Fleet-street,","London :Printed by M. P[arsons] for Henry Shephard, and are to be sold at his shop in Chancerie-Lane, at the signe of the Bible, between Serjeants-Inne and Fleet-street,1638.",London :,Printer's name from STC.; Signatures: A-I⁴.; Reproduction of the original in the British Library.,S104077,13370,"",99839817,"","",The vvise-woman of Hogsdon.,The vvise-woman of Hogsdon
A04600,EEBO-TCP Phase 1,A04600.P4.xml,"The temple of love A masque. Presented by the Queenes Majesty, and her ladies, at White-hall on Shrove-Tuesday, 1634. By Inigo Iones, surveyor of his Maties. workes, and William Davenant, her Maties. servant.","","Jones, Inigo, 1573-1652.; D'Avenant, William, Sir, 1606-1668. aut",1634,1634.,"Printed for Thomas Walkley, and are to be sold at his shop neare White-hall,","London :Printed for Thomas Walkley, and are to be sold at his shop neare White-hall,1634.",London :,"Signatures: A-B⁴ (-B4) C⁴ D² .; B4 was intended to be cancelled, but persists in most copies.; Variant: title page in an earlier version, with ""surveyour of his Majesties workes"" and other differences.; Reproduction of the original in the British Library.",S107859,14719,"",99843551,"","",The temple of love.,The temple of love
A04636,EEBO-TCP Phase 1,A04636.P4.xml,The alchemist. VVritten by Ben. Ionson,"","Jonson, Ben, 1573?-1637.",1612,1612.,"Printed by Thomas Snodham, for Walter Burre, and are to be sold by Iohn Stepneth, at the west-end of Paules,","London :Printed by Thomas Snodham, for Walter Burre, and are to be sold by Iohn Stepneth, at the west-end of Paules,1612.",London :,In verse.; Signatures: A-M⁴.; Reproduction of the original the British Library.,S109357,14755; 9877,"",99845007,"","",The alchemist.,The alchemist
A04640,EEBO-TCP Phase 1,A04640.P4.xml,Catiline his conspiracy· VVritten by Ben: Ionson,"","Jonson, Ben, 1573?-1637.",1611,1611.,"Printed [by W. Stansby?] for Walter Burre,","London :Printed [by W. Stansby?] for Walter Burre,1611.",London :,Printer's name conjectured by STC.; Signatures: A-O⁴.; The last leaf is blank.; Reproduction of the original in the British Library.,S107869,14759,"",99843561,"","",Catiline his conspiracy. VVritten by Ben: Ionson. ,Catiline his conspiracy. VVritten by Ben: Ionson. 
A04645,EEBO-TCP Phase 2,A04645.P4.xml,"Epicoene, or the silent woman A comedie. Acted in the yeare 1609. By the children of her majesties revels. The author B. I.","","Jonson, Ben, 1573?-1637.",1620,1620.,"Printed by William Stansby, and are to be sold by Iohn Browne at his shop in Saint Dunstanes Church-yard in Fleetstreet,","London :Printed by William Stansby, and are to be sold by Iohn Browne at his shop in Saint Dunstanes Church-yard in Fleetstreet,1620.",London :,"B. I. = Ben Jonson.; Signatures: A-O⁴ (-A1-2, blank?).; Reproduction of the original in the Bodleian Library.",S113330,14763,"",99848566,"","","Epicoene, or the silent woman.","Epicoene, or the silent woman"
A04647,EEBO-TCP Phase 1,A04647.P4.xml,Euery man in his humor As it hath beene sundry times publickly acted by the right Honorable the Lord Chamberlaine his seruants. Written by Ben. Iohnson.,"","Jonson, Ben, 1573?-1637.",1601,1601.,"[By S. Stafford] for Walter Burre, and are to be sould at his shoppe in Paules Church-yarde,","Imprinted at London :[By S. Stafford] for Walter Burre, and are to be sould at his shoppe in Paules Church-yarde,1601.",Imprinted at London :,Partly in verse.; Printer's name from STC.; Signatures: [A]²  B-L⁴ M² .; Reproduction of the original in the Henry E. Huntington Library and Art Gallery.,S109361,14766,"",99845011,"","",Euery man in his humor.,Euery man in his humor
A04648,EEBO-TCP Phase 1,A04648.P4.xml,The comicall satyre of euery man out of his humor. As it was first composed by the author B.I. Containing more than hath been publickely spoken or acted. VVith the seuerall character of euery person,Every man out of his humor,"Jonson, Ben, 1573?-1637.",1600,1600.,"Printed [by Adam Islip] for William Holme, and are to be sold at his shop at Sarjeants Inne gate in Fleetstreet,","London :Printed [by Adam Islip] for William Holme, and are to be sold at his shop at Sarjeants Inne gate in Fleetstreet,1600.",London :,B.I. = Ben Jonson.; Printer's name from STC.; Signatures: A-R⁴.; The first leaf is blank.; Running title reads: Euery man out of his humor.; Quires A-Q have vertical chain lines.,S109225,14767,"",99844875,"","",The comicall satyre of euery man out of his humor. As it was first composed by the author B.I. Containing more than hath been publickely spoken or acted. VVith the seuerall character of euery person.,The comicall satyre of euery man out of his humor. As it was first composed by the author B.I. Containing more than hath been publickely spoken or acted. VVith the seuerall character of euery person
A04825,EEBO-TCP Phase 2,A04825.P4.xml,"The prisoners and Claracilla Two tragæ-comedies. As they were presented at the Phœnix in Drury-Lane, by her Mties. servants. Written by Tho. Killigrew, Gent.","","Killigrew, Thomas, 1612-1683.",1641,1641.,"Printed by T. Cotes, for Andrew Crooke, and are to be sold at his shop, at the signe of the Greene Dragon in Pauls Church-yard,","London :Printed by T. Cotes, for Andrew Crooke, and are to be sold at his shop, at the signe of the Greene Dragon in Pauls Church-yard,1641.",London :,"""The prisoners"" and ""Claracilla"" each has separately dated title page, the first dated 1640; register is continuous.; Signatures: A¹²  (A2 + ² A⁶) B-F¹² .; The last leaf is blank.; Reproduction of the original in the Henry E. Huntington Library and Art Gallery.",S108016,14959,K452,"","","",The prisoners and Claracilla.,The prisoners and Claracilla
A05801,EEBO-TCP Phase 1,A05801.P4.xml,"The valiant VVelshman, or The true chronicle history of the life and valiant deedes of Caradoc the Great, King of Cambria, now called Wales As it hath beene sundry times acted by the Prince of Wales his seruants. Written by R.A. Gent.",Valiant Welshman.,"R. A., Gent.; Armin, Robert, fl. 1610, attributed name.; Anton, Robert, b. 1584 or 5, attributed name.; Aylett, Robert, 1583-1655?, attributed name.",1615,1615.,"Imprinted by George Purslowe for Robert Lownes, and are to be solde at his shoppe at the little north dore of Paules,","London :Imprinted by George Purslowe for Robert Lownes, and are to be solde at his shoppe at the little north dore of Paules,1615.",London :,"Sometimes attributed to Robert Armin, to Robert Anton or Robert Aylett.; Partly in verse.; Signatures: A-I⁴.; Reproduction of the original in the Henry E. Huntington Library and Art Gallery.",S104360,16,"",99840098,"","","The valiant VVelshman, or The true chronicle history of the life and valiant deedes of Caradoc the Great, King of Cambria, now called Wales.","The valiant VVelshman, or The true chronicle history of the life and valiant deedes of Caradoc the Great, King of Cambria, now called Wales"
A06177,EEBO-TCP Phase 1,A06177.P4.xml,Cupids reuenge As it hath beene diuers times acted by the Children of her Maiesties Reuels. By Iohn Fletcher,"","Beaumont, Francis, 1584-1616.; Fletcher, John, 1579-1625. aut; Sidney, Philip, Sir, 1554-1586. Arcadia.",1615,1615.,"Printed by Thomas Creede for Iosias Harison, and are to bee solde at the Golden Anker in Pater-Noster-Row,","London :Printed by Thomas Creede for Iosias Harison, and are to bee solde at the Golden Anker in Pater-Noster-Row,1615.",London :,"In fact written in collaboration with Francis Beaumont.; Based on Sir Philip Sidney's ""Arcadia"".; Signatures: [A]²  B-L⁴.; The last leaf is blank.; Reproduction of the original inthe Henry E. Huntington Library and Art Gallery.; Copy filmed is CSmH 60340.",S101156,1667,"",99836979,"","",Cvpids reuenge.,Cvpids reuenge
A06207,EEBO-TCP Phase 1,A06207.P4.xml,"A king and no king Acted at the Globe, by his Maiesties Seruants. Written by Francis Beamount, and Iohn Flecher.","","Beaumont, Francis, 1584-1616.; Fletcher, John, 1579-1625. aut",1619,1619.,"Printed [by John Beale] for Thomas Walkley, and are to bee sold at his shoppe at the Eagle and Childe in Brittans-Bursse,","At London :Printed [by John Beale] for Thomas Walkley, and are to bee sold at his shoppe at the Eagle and Childe in Brittans-Bursse,1619.",At London :,"Printer's name from STC.; The first leaf is blank.; Reproduction of the original in the Dyce Library, Victoria and Albert Museum.",S101159,1670,"",99836981,"","",A king and no king.,A king and no king
A06289,EEBO-TCP Phase 1,A06289.P4.xml,The maides tragedy As it hath beene diuers times acted at the Blacke-friers by the Kings Maiesties Seruants.,"","Beaumont, Francis, 1584-1616.; Fletcher, John, 1579-1625. aut",1619,1619.,"Printed [by Nicholas Okes] for Richard Higgenbotham and are to be sold at the Angell in Pauls Church-yard,","London :Printed [by Nicholas Okes] for Richard Higgenbotham and are to be sold at the Angell in Pauls Church-yard,1619.",London :,By Francis Beaumont and John Fletcher.; Printer's name from STC.; Signatures: A²  B-L⁴.; The first leaf is blank.; A variant of the edition with Francis Constable in the imprint.; Running title reads: The maydes tragedy.; Reproduction of the original in the Henry E. Huntington Library and Art Gallery.,S101186,1677,"",99837008,"","",The maides tragedy.,The maides tragedy
A06343,EEBO-TCP Phase 1,A06343.P4.xml,"Phylaster, or, Loue lyes a bleeding acted at the Globe by His Maiesties seruants / written by [brace] Francis Baymont and Iohn Fletcher ...","","Beaumont, Francis, 1584-1616.; Fletcher, John, 1579-1625.",1620,1620.,"For Thomas Walkley, and are to be sold at his shop at the Eagle and Child in Brittaines Bursse,","Printed at London :For Thomas Walkley, and are to be sold at his shop at the Eagle and Child in Brittaines Bursse,1620.",Printed at London :,"Signatures: [A]², B-I⁴, K².; Errors in paging: p. 12, 44 and 46 misnumbered 14, 42 and 64 respectively.; Identified as STC 1681 at reel position 1194:15.; Reproduction of originals in the Henry E. Huntington Library and Art Gallery.; Illustrated t.p.",S101198,1681.5,"",20185735,"","","Phylaster. Or, Loue lyes a bleeding.","Phylaster. Or, Loue lyes a bleeding"
A06389,EEBO-TCP Phase 1,A06389.P4.xml,"The scornful ladie A comedie. As it was acted (with great applause) by the Children of Her Maiesties Reuels in the Blacke Fryers. Written byFra. Beaumont and Io. Fletcher, Gent.","","Beaumont, Francis, 1584-1616.; Fletcher, John, 1579-1625. aut",1616,1616.,"Printed [by J. Beale] for Myles Partritch, are to be sold at his shop at the George neere St. Dunstons Church in Fleet-streete,","London :Printed [by J. Beale] for Myles Partritch, are to be sold at his shop at the George neere St. Dunstons Church in Fleet-streete,1616.",London :,Printer's name from STC (Greg has Richard Bradock).; Signatures: A²  B-I⁴ K²  (-A1).; Most running titles read: The scornefull ladie.; Reproduction of the original in the British Library.,S101204,1686,"",99837022,"","",The scornful ladie.,The scornful ladie
A07009,EEBO-TCP Phase 1,A07009.P4.xml,The tragicall history of D. Faustus As it hath bene acted by the right honorable the Earle of Nottingham his seruants. Written by Ch. Marl.,Doctor Faustus,"Marlowe, Christopher, 1564-1593.",1604,1604.,"Printed by V. S[immes] for Thomas Bushell,","London :Printed by V. S[immes] for Thomas Bushell,1604.",London :,Ch. Marl. = Christopher Marlowe.; Printer's name from STC.; Signatures: A-F⁴ (-F4).; Running title reads: The tragicall history of Doctor Faustus.; Reproduction of the original in the Bodleian Library.,S120173,17429,"",99855372,"","",The tragicall history of D. Faustus.,The tragicall history of D. Faustus
A07065,EEBO-TCP Phase 2,A07065.P4.xml,"The Dutch courtezan As it vvas playd in the Blacke-Friars, by the Children of her Maiesties Reuels. VVritten by Iohn Marston.","","Marston, John, 1575?-1634.",1605,1605.,"Printed by T[homas] P[urfoot] for Iohn Hodgets, and are to be sould at his shop in Paules Church-yard,","At London :Printed by T[homas] P[urfoot] for Iohn Hodgets, and are to be sould at his shop in Paules Church-yard,1605.",At London :,Partly in verse.; Printer's name from STC.; Signatures: A-H⁴.; Reproduction of the original in the Folger Shakespeare Library.,S112255,17475,"",99847513,"","",The Dutch courtezan.,The Dutch courtezan
A07234,EEBO-TCP Phase 1,A07234.P4.xml,"The bond-man an antient storie. As it hath been often acted with good allowance, at the Cock-pit in Drury-lane: by the most excellent princesse, the Lady Elizabeth her Seruants. By Phillip Massinger.","","Massinger, Philip, 1583-1640.",1624,1624.,"Printed by Edw: Allde, for Iohn Harison and Edward Blackmore, and are to be sold at the great south dore of Pauls,","London :Printed by Edw: Allde, for Iohn Harison and Edward Blackmore, and are to be sold at the great south dore of Pauls,1624.",London :,In verse.; Signatures: A-L⁴.; The first leaf is blank.; Reproduction of the original in the British Library.,S112410,17632,"",99847664,"","",The bond-man:,The bond-man
A07237,EEBO-TCP Phase 1,A07237.P4.xml,"The Duke of Millaine A tragædie. As it hath beene often acted by his Maiesties seruants, at the blacke Friers. Written by Philip Massinger Gent.","","Massinger, Philip, 1583-1640.",1623,1623.,"Prinred [sic] by B[ernard] A[lsop] for Edward Blackmore, and are to be sold at his shop at the great south doore of Pauls,","London :Prinred [sic] by B[ernard] A[lsop] for Edward Blackmore, and are to be sold at his shop at the great south doore of Pauls,1623.",London :,"In verse.; Printer's name from STC.; Signatures: A²  chi²  B-M⁴. Chi2 is blank, and may occur folded around the back of quire A.; Variant: title page has ""tragedie .. Messenger"".; Reproduction of the original in the British Library.",S112414,17634,"",99847668,"","",The Dvke of Millaine.,The Dvke of Millaine
A07240,EEBO-TCP Phase 1,A07240.P4.xml,"The maid of honour As it hath beene often presented with good allowance at the Phœnix in Drurie-Lane, by the Queenes Majesties Servants. Written by Philip Massinger.","","Massinger, Philip, 1583-1640.",1632,1632.,"Printed by I[ohn] B[eale] for Robert Allot, and are to be sold at his shop at the signe of the blacke Beare in Pauls Church-yard,","London :Printed by I[ohn] B[eale] for Robert Allot, and are to be sold at his shop at the signe of the blacke Beare in Pauls Church-yard,1632.",London :,"In verse.; Printer's name from STC.; Signatures: A²  (A2 missigned ""B2"") B-L⁴.; A reissue of STC 17638, with quire K reset and correctly imposed.; Identified as STC 17638 on UMI microfilm.; Reproduction of the original in the British Library.",S112421,17638.5,"",99847675,"","",The maid of honour.,The maid of honour
A07241,EEBO-TCP Phase 1,A07241.P4.xml,"A new way to pay old debts a comoedie as it hath beene often acted at the Phænix in Drury-Lane, by the Queenes Maiesties seruants. The author. Philip Massinger.","","Massinger, Philip, 1583-1640.",1633,Anno. M.DC.XXXIII. [1633],"Printed by E[lizabeth] P[urslowe] for Henry Seyle, dwelling in S. Pauls Church-yard, at the signe of the Tygers head,","London :Printed by E[lizabeth] P[urslowe] for Henry Seyle, dwelling in S. Pauls Church-yard, at the signe of the Tygers head,Anno. M.DC.XXXIII. [1633]",London :,In verse.; Printer's name from STC.; Signatures: A-L⁴ M² .; Reproduction of the original in the Henry E. Huntington Library and Art Gallery.,S112423,17639,"",99847677,"","",A new way to pay old debts,A new way to pay old debts
A07245,EEBO-TCP Phase 1,A07245.P4.xml,"The picture a tragæcomædie : as it was often presented with good allowance, at the Globe, and Blackefriers play-houses, by the Kings Maiesties seruants / written by Philip Massinger.","","Massinger, Philip, 1583-1640.",1630,1630.,"Printed by I.N. for Thomas Walkley and are to be sould at his shoppe at the Eagle and Child in Brittains burse,","London :Printed by I.N. for Thomas Walkley and are to be sould at his shoppe at the Eagle and Child in Brittains burse,1630.",London :,Signatures: A⁴(-A1) B-M⁴ N².; STC 17640 on reel 1074 is actually 17640.5.--Cf. reel guide.; Reproduction of original in the Henry E. Huntington Library and  Art Gallery.,S123113,17640,"",24728865,"","",The picture,The picture
A07246,EEBO-TCP Phase 1,A07246.P4.xml,"The renegado a tragæcomedie. As it hath beene often acted by the Queenes Maiesties seruants, at the priuate Play-house in Drurye-Lane. By Philip Massinger.","","Massinger, Philip, 1583-1640.",1630,1630.,"Printed by A[ugustine] M[athewes] for Iohn Waterson, and are to be sold at the Crowne in Pauls Church-Yard,","London :Printed by A[ugustine] M[athewes] for Iohn Waterson, and are to be sold at the Crowne in Pauls Church-Yard,1630.",London :,In verse.; Printer's name from STC.; Signatures: A-L⁴ M² .; The first leaf is blank.; Reproduction of the original in the Henry E. Huntington Library and Art Gallery.,S112427,17641,"",99847681,"","","The renegado,",The renegado
A07247,EEBO-TCP Phase 1,A07247.P4.xml,"The Roman actor A tragædie. As it hath diuers times beene, with good allowance acted, at the private play-house in the Black-Friers, by the Kings Majesties Servants. Written by Philip Massinger.","","Massinger, Philip, 1583-1640.",1629,1629.,"Printed by B[ernard] A[lsop] and T[homas] F[awcet] for Robert Allot, and are to be sold at his shop at the signe of the Beare in Pauls Church-yard,","London :Printed by B[ernard] A[lsop] and T[homas] F[awcet] for Robert Allot, and are to be sold at his shop at the signe of the Beare in Pauls Church-yard,1629.",London :,In verse.; Printers' names from STC.; Signatures: A-K⁴.; Variant: texts of H3v and H4r interchanged.; Reproduction of the original in the British Library.,S112428,17642,"",99847682,"","",The Roman actor.,The Roman actor
A07248,EEBO-TCP Phase 1,A07248.P4.xml,The unnaturall combat A tragedie. The scæne Marsellis. Written by Philip Massinger. As it was presented by the Kings Majesties Servants at the Globe.,"","Massinger, Philip, 1583-1640.",1639,1639.,"Printed by E[dward] G[riffin] for Iohn Waterson, and are to be sold at his shop, at the signe of the Crowne, in S. Pauls Church-yard,","London :Printed by E[dward] G[riffin] for Iohn Waterson, and are to be sold at his shop, at the signe of the Crowne, in S. Pauls Church-yard,1639.",London :,In verse.; Printer's name from STC.; Signatures: A²  B-K⁴ L² .; Reproduction of the original in the British Library.,S112429,17643,"",99847683,"","",The unnaturall combat.,The unnaturall combat
A07249,EEBO-TCP Phase 1,A07249.P4.xml,"The virgin martir a tragedie. As it hath bin diuers times publickely acted with great applause, by the seruants of his Maiesties Reuels. Written by Phillip Messenger and Thomas Deker.","","Massinger, Philip, 1583-1640.; Dekker, Thomas, ca. 1572-1632. aut",1622,1622.,"Printed by B[ernard] A[lsop] for Thomas Iones,","London :Printed by B[ernard] A[lsop] for Thomas Iones,1622.",London :,"Mostly in verse.; The authors' names are bracketed together on the title page.; Signatures: [A]²  (-[A]1) B-L⁴ M² .; The last leaf is blank.; STC (2nd ed.) designates this item 'Greg 380'; ESTC designates this item 'Greg II, 380a*'.; A variant (probably the later state) of the edition with ""Bernard Alsop"" for ""B.A."" in imprint.; Reproduction of the original in the British Library.",S112430,17644,"",99847684,"","","The virgin martir,",The virgin martir
A07251,EEBO-TCP Phase 1,A07251.P4.xml,"The fatall dovvry a tragedy. As it hath beene often acted at the Priuate House in Blackefryers, by his Maiesties Seruants. Written by P.M. and N.F.","","Massinger, Philip, 1583-1640.; Field, Nathan, 1587-1620? aut",1632,1632.,"Printed by Iohn Norton, for Francis Constable, and are to be sold at his shop at the Crane, in Pauls Church-yard,","London :Printed by Iohn Norton, for Francis Constable, and are to be sold at his shop at the Crane, in Pauls Church-yard,1632.",London :,P.M. = Philip Massinger; N.F. = Nathan Field.; Mostly in verse.; Signatures: [A]²  B-L⁴.; Reproduction of the original in the British Library.,S112432,17646,"",99847686,"","",The fatall dovvry:,The fatall dovvry
A07326,EEBO-TCP Phase 1,A07326.P4.xml,The heire an excellent comedie. As it was lately acted by the Company of the Reuels. / Writren [sic] by T.M. Gent..,"","May, Thomas, 1595-1650.",1622,1622..,"Printed by B[ernard] A[lsop] for Thomas Iones, and are to bee sold at his shop in Chancery-lane, ouer-against the Roles, and in Westminster Hall.,","London, :Printed by B[ernard] A[lsop] for Thomas Iones, and are to bee sold at his shop in Chancery-lane, ouer-against the Roles, and in Westminster Hall.,1622..","London, :","By Thomas May, whose name appears on A3r.; In verse.; Printer's name from STC.; Signatures: A-I⁴.; Running title reads: An excellent comedy called the heire.; The first leaf and the last leaf are blank.; Reproductions of the originals in: Henry E. Huntington Library and Art Gallery (reel 966:5) and Folger Shakespeare Library (reel 2365:2).",S109948,17713,"",99845578,"","",The heire,The heire
A07367,EEBO-TCP Phase 1,A07367.P4.xml,The citye match A comoedye. Presented to the King and Queene at White-hall. Acted since at Black-friers by His Maiesties Servants.,"","Mayne, Jasper, 1604-1672.",1639,Anno Dom. M.DC.XXXIX. [1639],"Printed by Leonard Lichfield, printer to the University,","Oxford :Printed by Leonard Lichfield, printer to the University,Anno Dom. M.DC.XXXIX. [1639]",Oxford :,By Jasper Mayne.; In verse.; Running title reads: The citie match.; With a final epilogue leaf.; Reproduction of the original in the Henry E. Huntington Library and Art Gallery.,S114462,17750,"",99849687,"","",The citye match.,The citye match
A07504,EEBO-TCP Phase 1,A07504.P4.xml,"A mad vvorld, my masters As it hath bin lately in action by the Children of Paules. Composed by T.M.","","Middleton, Thomas, d. 1627.",1608,1608.,"Printed by H[enry] B[allard] for Walter Burre, and are to be sold in Paules Church-yard, at the signe of the Crane,","London :Printed by H[enry] B[allard] for Walter Burre, and are to be sold in Paules Church-yard, at the signe of the Crane,1608.",London :,T.M. = Thomas Middleton.; Partly in verse.; Printer's name from STC.; Signatures: A-H⁴ I² .; Reproduction of the original in the Henry E. Huntington Library and Art Gallery.,S112578,17888,"",99847825,"","","A mad vvorld, my masters.","A mad vvorld, my masters"
A07555,EEBO-TCP Phase 1,A07555.P4.xml,"A maske presented at Ludlow Castle, 1634 on Michaelmasse night, before the Right Honorable, Iohn Earle of Bridgewater, Vicount Brackly, Lord Præsident of Wales, and one of His Maiesties most honorable Privie Counsell.",Comus,"Milton, John, 1608-1674.; Lawes, Henry, 1596-1662.",1637,1637.,"Printed [by Augustine Mathewes] for Humphrey Robinson, at the signe of the Three Pidgeons in Pauls Church-yard,","London :Printed [by Augustine Mathewes] for Humphrey Robinson, at the signe of the Three Pidgeons in Pauls Church-yard,1637.",London :,"The first edition of ""Comus"" by John Milton.; Editor's dedication signed: H. Lavves.; Printer's name from STC.; Reproduction of the original in the Henry E. Huntington Library and Art Gallery.",S121854,17937,"",99857016,"","","A maske presented at Ludlow Castle, 1634:","A maske presented at Ludlow Castle, 1634"
A07970,EEBO-TCP Phase 1,A07970.P4.xml,"The bride a comedie. Acted in the yeere 1638. at the private house in Drury-lane by their Majesties Servants. The author, Thomas Nabbes.","","Nabbes, Thomas, 1605?-1645?",1640,1640.,"Printed by R[ichard] H[odgkinson] for Laurence Blaikelocke and are to be sold at his shop at the signe of the Sugar-loafe next Temple barre in Fleet-street,","London :Printed by R[ichard] H[odgkinson] for Laurence Blaikelocke and are to be sold at his shop at the signe of the Sugar-loafe next Temple barre in Fleet-street,1640.",London :,Mostly in verse.; Printer's name from STC.; Signatures: A-I⁴.; The first leaf is blank.; With a final imprimatur leaf.; Reproduction of the original in the New York Public Library.,S113039,18338,"",99848280,"","","The bride,",The bride
A08065,EEBO-TCP Phase 2,A08065.P4.xml,"The tragedy of Nero, newly written",Nero.,"",1624,1624.,"By Augustine Mathewes, and Iohn Norton, for Thomas Iones, and are to bee sold at the blacke Rauen in the Strand,","Imprinted at London :By Augustine Mathewes, and Iohn Norton, for Thomas Iones, and are to bee sold at the blacke Rauen in the Strand,1624.",Imprinted at London :,In verse.; Signatures: A-I⁴.; The first leaf and the last leaf are blank.; Running title reads: The tragedie of Nero.; Reproduction of the original in Yale University. Library.,S113150,18430,"",99848389,"","","The tragedy of Nero,",The tragedy of Nero
A11152,EEBO-TCP Phase 1,A11152.P4.xml,"A merrie and pleasant comedy: never before printed, called A shoo-maker a gentleman As it hath beene sundry times acted at the Red Bull and other theaters, with a generall and good applause. Written by W.R. Gentleman.",Shoo-maker a gentleman,"Rowley, William, 1585?-1642?",1638,1638.,"Printed by I. Okes, and are to be sold by Iohn Cowper, at his shop at the east-end of St. Pauls Church at the signe of the Holy Lambe,","London :Printed by I. Okes, and are to be sold by Iohn Cowper, at his shop at the east-end of St. Pauls Church at the signe of the Holy Lambe,1638.",London :,W.R. = William Rowley.; Partly in verse.; Signatures: A-K⁴ L²  (-A1).; Reproduction of the original in the Henry E. Huntington Library and Art Gallery.,S116266,21422,"",99851483,"","","A merrie and pleasant comedy: never before printed, called A shoo-maker a gentleman.","A merrie and pleasant comedy: never before printed, called A shoo-maker a gentleman"
A11155,EEBO-TCP Phase 1,A11155.P4.xml,"A tragedy called All's lost by lust. Written by William Rowley. Divers times acted by the Lady Elizabeths Servants. And now lately by her Maiesties Servants, with great applause, at the Phœnix in Drury Lane",All's lost by lust,"Rowley, William, 1585?-1642?",1633,1633.,"Printed by Thomas Harper,","London :Printed by Thomas Harper,1633.",London :,In verse.; Signatures: A-I⁴.; Running title reads: All's lost by lust.; The last leaf is blank.; Reproduction of the original in Yale University. Library.,S116285,21425,"",99851502,"","",A tragedy called All's lost by lvst.,A tragedy called All's lost by lvst
A11264,EEBO-TCP Phase 1,A11264.P4.xml,The puritaine or The vviddovv of VVatling-streete Acted by the Children of Paules. Written by W.S.,Puritan,"W. S.; Smith, Wentworth, fl. 1601-1623, attributed name.; Middleton, Thomas, d. 1627, attributed name.",1607,1607.,"By G. Eld,","Imprinted at London :By G. Eld,1607.",Imprinted at London :,Sometimes attributed to Thomas Middleton and to Wentworth Smith; misattributed to William Shakespeare.; Signatures: A-H⁴ (-A1).; Running title reads: The puritaine widdow.; Reproduction of the original in the Henry E. Huntington Library and Art Gallery.,S106337,21531,"",99842055,"","",The pvritaine or The vviddovv of Watling-streete.,The pvritaine or The vviddovv of Watling-streete
A11910,EEBO-TCP Phase 1,A11910.P4.xml,"The eyght tragedie of Seneca. Entituled Agamemnon. Translated out of Latin in to English, by Iohn Studley, student in Trinitie Colledge in Cambridge",Agamemnon. English,"Seneca, Lucius Annaeus, ca. 4 B.C.-65 A.D.; Studley, John, 1545?-1590?",1566,Anno Domini. M.D.LXVI. [1566],"In Fletestreat, beneath the Conduit, at the signe of S. Iohn Euangelyst, by Thomas Colwell,","Imprinted at London :In Fletestreat, beneath the Conduit, at the signe of S. Iohn Euangelyst, by Thomas Colwell,Anno Domini. M.D.LXVI. [1566]",Imprinted at London :,In verse.; Signatures: [par.] A⁴ B-G.; Reproduction of a photostat of the original in the Henry E. Huntington Library and Art Gallery.,S110864,22222,"",99846326,"","","The eyght tragedie of Seneca. Entituled Agamemnon. Translated out of Latin in to English, by Iohn Studley, student in Trinitie Colledge in Cambridge.","The eyght tragedie of Seneca. Entituled Agamemnon. Translated out of Latin in to English, by Iohn Studley, student in Trinitie Colledge in Cambridge"
A11913,EEBO-TCP Phase 1,A11913.P4.xml,The lamentable tragedie of Oedipus the sonne of Laius Kyng of Thebes out of Seneca. By Alexander Neuyle,Oedipus. English,"Seneca, Lucius Annaeus, ca. 4 B.C.-65 A.D.; Neville, Alexander, 1544-1614.",1563,1563. 28. Aprilis.,"In saint Brydes Churchyarde: oueragaynst the north doore of the churche: by Thomas ColWell [sic],","Imprynted at London :In saint Brydes Churchyarde: oueragaynst the north doore of the churche: by Thomas ColWell [sic],1563. 28. Aprilis.",Imprynted at London :,"In verse.; Signatures: a (-a1) A-E F² .; Quire F is in two settings: (1) with or (2) without the comma after ""London"" in the colophon.; Reproduction of a photostat of the original in the Henry E. Huntington Library and Art Gallery.",S110874,22225,"",99846335,"","",The lamentable tragedie of Oedipus the sonne of Laius Kyng of Thebes out of Seneca. By Alexander Neuyle.,The lamentable tragedie of Oedipus the sonne of Laius Kyng of Thebes out of Seneca. By Alexander Neuyle
A11959,EEBO-TCP Phase 1,A11959.P4.xml,"The tragicall historie of Hamlet Prince of Denmarke by William Shake-speare. As it hath beene diuerse times acted by his Highnesse seruants in the cittie of London: as also in the two vniuersities of Cambridge and Oxford, and else-where",Hamlet,"Shakespeare, William, 1564-1616.",1603,1603.,"Printed [by Valentine Simmes] for N[icholas] L[ing] and Iohn Trundell,","At London :Printed [by Valentine Simmes] for N[icholas] L[ing] and Iohn Trundell,1603.",At London :,Mostly in verse.; Printer's and Ling's names from STC.; Signatures: [A]²  (-A1) B-I⁴.; Running title reads: The tragedy of Hamlet Prince of Denmarke.; Reproduction of the original in the British Library.; Title page lacking.,S111109,22275,"",99846524,"","",The tragicall historie of Hamlet Prince of Denmarke,The tragicall historie of Hamlet Prince of Denmarke
A11966,EEBO-TCP Phase 1,A11966.P4.xml,"The history of Henrie the Fourth vvith the battell at Shrewsburie, betweene the King and Lord Henry Percy, surnamed Henrie Hotspur of the north. With the humorous conceits of Sir Iohn Falstalffe [sic].",King Henry IV. Part 1,"Shakespeare, William, 1564-1616.",1598,1598.,"Printed by P[eter] S[hort] for Andrew Wise, dwelling in Paules Churchyard, at the signe of the Angell,","At London :Printed by P[eter] S[hort] for Andrew Wise, dwelling in Paules Churchyard, at the signe of the Angell,1598.",At London :,By William Shakespeare.; Mostly in verse.; Printer's name from STC.; Signatures: A-K⁴.; Reproduction of the original in the Henry E. Huntington Library and Art Gallery.,S111128,22280,"",99846542,"","",The history of Henrie the Fourth;,The history of Henrie the Fourth
A11974,EEBO-TCP Phase 1,A11974.P4.xml,"The second part of Henrie the fourth continuing to his death, and coronation of Henrie the fift. VVith the humours of sir Iohn Falstaffe, and swaggering Pistoll. As it hath been sundrie times publikely acted by the right honourable, the Lord Chamberlaine his seruants. Written by William Shakespeare.",King Henry IV. Part 2,"Shakespeare, William, 1564-1616.",1600,1600.,"Printed by V[alentine] S[immes] for Andrew Wise, and William Aspley,","London :Printed by V[alentine] S[immes] for Andrew Wise, and William Aspley,1600.",London :,Partly in verse.; Printer's name from STC.; Signatures: A-K⁴ L² .; Running title reads: The second part of Henry the fourth.; The last leaf is blank.; Reproduction of the original in the Henry E. Huntington Library and Art Gallery.,S111114,22288,"",99846528,"","","The second part of Henrie the fourth,",The second part of Henrie the fourth
A11983,EEBO-TCP Phase 1,A11983.P4.xml,"A most pleasaunt and excellent conceited comedie, of Syr Iohn Falstaffe, and the merrie wiues of Windsor Entermixed with sundrie variable and pleasing humors, of Syr Hugh the Welch knight, Iustice Shallow, and his wise cousin M. Slender. With the swaggering vaine of Auncient Pistoll, and Corporall Nym. By William Shakespeare. As it hath bene diuers times acted by the right Honorable my Lord Camberlaines seruants. Both before her Maiestie, and else-where.",Merry wives of Windsor,"Shakespeare, William, 1564-1616.",1602,1602.,"Printed by T[homas] C[reede] for Arthur Iohnson, and are to be sold at his shop in Powles Church-yard, at the signe of the Flower de Leuse and the Crowne,","London :Printed by T[homas] C[reede] for Arthur Iohnson, and are to be sold at his shop in Powles Church-yard, at the signe of the Flower de Leuse and the Crowne,1602.",London :,"Partly in verse.; Printer's name from STC.; Signatures: A-G⁴.; The first leaf is blank except for signature-mark ""A"".; Running title reads: A pleasant comedie, of the merry wiues of windsor.; Reproduction of the original in the British Library.",S111204,22299,"",99846602,"","","A most pleasaunt and excellent conceited comedie, of Syr Iohn Falstaffe, and the merrie wiues of Windsor.","A most pleasaunt and excellent conceited comedie, of Syr Iohn Falstaffe, and the merrie wiues of Windsor"
A11988,EEBO-TCP Phase 1,A11988.P4.xml,"The merry vviues of Windsor With the humours of Sir Iohn Falstaffe, as also the swaggering vaine of ancient Pistoll, and Corporall Nym. Written by William Shake-speare. Newly corrected.","","Shakespeare, William, 1564-1616.",1630,1630.,"Printed by T[homas] H[arper] for R. Meighen, and are to be sold at his shop, next to the Middle-Temple Gate, and in S. Dunstans Church-yard in Fleet-street,","London :Printed by T[homas] H[arper] for R. Meighen, and are to be sold at his shop, next to the Middle-Temple Gate, and in S. Dunstans Church-yard in Fleet-street,1630.",London :,Partly in verse.; Printer's name from STC.; Signatures: A-K⁴.; The last leaf is blank.; Reproduction of the original in the Folger Shakespeare Library.,S111208,22301,"",99846605,"","",The merry vviues of Windsor.,The merry vviues of Windsor
A11989,EEBO-TCP Phase 1,A11989.P4.xml,"A midsommer nights dreame As it hath beene sundry times publickely acted, by the Right honourable, the Lord Chamberlaine his seruants. Written by William Shakespeare.","","Shakespeare, William, 1564-1616.",1600,1600.,"[By Richard Bradock] for Thomas Fisher, and are to be soulde at his shoppe, at the signe of the White Hart, in Fleetestreete,","Imprinted at London :[By Richard Bradock] for Thomas Fisher, and are to be soulde at his shoppe, at the signe of the White Hart, in Fleetestreete,1600.",Imprinted at London :,Mostly in verse.; Printer's name from STC.; Signatures: A-H⁴.; Running title reads: A midsommer nightes dreame.; Reproduction of the original in the Henry E. Huntington Library and Art Gallery.,S111178,22302,"",99846577,"","",A midsommer nights dreame.,A midsommer nights dreame
A12016,EEBO-TCP Phase 2,A12016.P4.xml,A wittie and pleasant comedie called The taming of the shrew As it was acted by his Maiesties Seruants at the Blacke Friers and the Globe. Written by VVill. Shakespeare.,Taming of the shrew,"Shakespeare, William, 1564-1616.",1631,1631.,"Printed by W[illiam] S[tansby] for Iohn Smethwicke, and are to be sold at his shop in Saint Dunstones Churchyard vnder the Diall,","London :Printed by W[illiam] S[tansby] for Iohn Smethwicke, and are to be sold at his shop in Saint Dunstones Churchyard vnder the Diall,1631.",London :,Mostly in verse.; Printer's name from STC.; Signatures: A-I⁴.; Running title reads: The taming of the shrew.; Reproduction of the original in the British Library.,S111180,22327,"",99846579,"","",A wittie and pleasant comedie called The taming of the shrew.,A wittie and pleasant comedie called The taming of the shrew
A12017,EEBO-TCP Phase 1,A12017.P4.xml,"The most lamentable Romaine tragedie of Titus Andronicus As it was plaide by the right honourable the Earle of Darbie, Earl of Pembrooke, and Earl of Sussex their seruants.",Titus Andronicus,"Shakespeare, William, 1564-1616.",1594,1594.,"Printed by Iohn Danter, and are to be sold by Edward White & Thomas Millington, at the little North doore of Paules at the signe of the Gunne,","London :Printed by Iohn Danter, and are to be sold by Edward White & Thomas Millington, at the little North doore of Paules at the signe of the Gunne,1594.",London :,By William Shakespeare.; Signatures: A⁴(-A1) B-K⁴.; Some print slightly faded and some pages stained.; Reproduction of the original in the Folger Shakespeare Library.,S106004,22328,"",99841729,"","",The most lamentable Romaine tragedie of Titus Andronicus,The most lamentable Romaine tragedie of Titus Andronicus
A12024,EEBO-TCP Phase 1,A12024.P4.xml,"The late, and much admired play, called Pericles, Prince of Tyre With the true relation of the whole historie, aduentures, and fortunes of the said prince: as also, the no lesse strange, and worthy accidents, in the birth and life, of his daughter Mariana. As it hath been diuers and sundry times acted by his Maiesties Seruants, at the Globe on the Banck-side. By William Shakespeare.",Pericles,"Shakespeare, William, 1564-1616.",1609,1609.,"[By William White and Thomas Creede] for Henry Gosson, and are to be sold at the signe of the Sunne in Pater-noster row, &c.,","Imprinted at London :[By William White and Thomas Creede] for Henry Gosson, and are to be sold at the signe of the Sunne in Pater-noster row, &c.,1609.",Imprinted at London :,"In verse.; Printers' names from STC and addendum; ""Creede pr[inted]. quires B, F-I"".; Signatures: A-I⁴.; Running title reads: The play of Pericles Prince of Tyre.; The last leaf is blank.; In this edition, A2r line 3 reads: Enter Gower.; Imperfect: cropped; print bleeding and show-through; leaf F4 lacking, replaced by ms. surrogate.; Reproduction of the original in the Henry E. Huntington Library and Art Gallery.",S111190,22334,"",99846589,"","","The late, and much admired play, called Pericles, Prince of Tyre.","The late, and much admired play, called Pericles, Prince of Tyre"
A12128,EEBO-TCP Phase 1,A12128.P4.xml,"The bird in a cage A comedie. As it hath beene presented at the Phœnix in Drury-Lane. The author Iames Shirley, servant to Her Majesty.","","Shirley, James, 1596-1666.",1633,1633.,"Printed by B. Alsop. and T. Fawcet. for William Cooke, and are to be sold at his shop neere Furnivals-Inne Gate, in Holborne,","London :Printed by B. Alsop. and T. Fawcet. for William Cooke, and are to be sold at his shop neere Furnivals-Inne Gate, in Holborne,1633.",London :,Partly in verse.; Signatures: A²  B-K⁴.; With a final errata leaf.; Reproduction of the original in the Folger Shakespeare Library.,S117308,22436,"",99852523,"","",The bird in a cage.,The bird in a cage
A12129,EEBO-TCP Phase 1,A12129.P4.xml,"Changes: or, Love in a maze A comedie, as it was presented at the Private House in Salisbury Court, by the Company of His Majesties Revels. Written by Iames Shirley, Gent.","","Shirley, James, 1596-1666.",1632,1632.,"Printed by G[eorge] P[urslowe] for William Cooke, and are to be sold at his shop neere Furnivals Inne gate in Holborne,","London :Printed by G[eorge] P[urslowe] for William Cooke, and are to be sold at his shop neere Furnivals Inne gate in Holborne,1632.",London :,Mostly in verse.; Printer's name from STC.; Reproduction of the original in the British Library.,S117313,22437,"",99852528,"","","Changes: or, Love in a maze.","Changes: or, Love in a maze"
A12130,EEBO-TCP Phase 1,A12130.P4.xml,The constant maid A comedy. Written by Iames Shirley.,"","Shirley, James, 1596-1666.",1640,1640.,"Printed by I. Raworth, for R. Whitaker,","London :Printed by I. Raworth, for R. Whitaker,1640.",London :,In verse.; Signatures: A-I⁴.; The last leaf is blank.; Reproduction of the original in the Henry E. Huntington Library and Art Gallery.,S117315,22438,"",99852530,"","",The constant maid.,The constant maid
A12137,EEBO-TCP Phase 1,A12137.P4.xml,The gamester As it vvas presented by her Majesties Servants at the private house in Drury-Lane. Written by Iames Shirly.,"","Shirley, James, 1596-1666.",1637,1637.,"Printed by Iohn Norton, for Andrew Crooke, and William Cooke,","London :Printed by Iohn Norton, for Andrew Crooke, and William Cooke,1637.",London :,"Signatures: A-I⁴ K² .; K2v begins ""As when she .."". Early variant: K2v omits this line and begins ""Wi. I am .."".; The title page is mostly in the same setting as STC 22442.",S105182,22443,"",99840911,"","",The gamester.,The gamester
A12138,EEBO-TCP Phase 1,A12138.P4.xml,"The gratefull seruant A comedie. As it was lately presented with good applause at the priuate House in Drury-Lane, by her Majesties Servants. Written by Iames Shirley Gent.","","Shirley, James, 1596-1666.",1630,1630.,"Printed by B[ernard] A[lsop] and T[homas] F[awcet] for Iohn Groue, and are to be sold at his shop at Furnivals-Inne gate,","London :Printed by B[ernard] A[lsop] and T[homas] F[awcet] for Iohn Groue, and are to be sold at his shop at Furnivals-Inne gate,1630.",London :,"Mostly in verse.; Printers' names from STC.; Variant: imprint has ""Greue"".; Reproduction of the original in the Folger Shakespeare Library.",S117332,22444,"",99852547,"","",The gratefvll seruant.,The gratefvll seruant
A12140,EEBO-TCP Phase 1,A12140.P4.xml,"Hide Parke a comedie, as it vvas presented by her Majesties Servants, at the private house in Drury Lane. Written by Iames Shirly.","","Shirley, James, 1596-1666.",1637,1637.,"Printed by Tho. Cotes, for Andrew Crooke, and William Cooke,","London :Printed by Tho. Cotes, for Andrew Crooke, and William Cooke,1637.",London :,In verse.; Signatures: A²  B-I⁴ K² .; The last leaf is blank.; Reproduction of the original in the Folger Shakespeare Library.,S117338,22446,"",99852553,"","",Hide Parke,Hide Parke
A12143,EEBO-TCP Phase 1,A12143.P4.xml,"Loves crueltie A tragedy, as it vvas presented by her Majesties Servants, at the private House in Drury Lane. Written by James Shirley Gent.","","Shirley, James, 1596-1666.",1640,1640.,"Printed by Tho. Cotes, for Andrew Crooke,","London :Printed by Tho. Cotes, for Andrew Crooke,1640.",London :,Partly in verse.; Signatures: [A]²  B-I⁴.; Running title reads: Loves cruelty.; The last leaf is blank.; Reproduction of the original in the Folger Shakespeare Library.,S117371,22449,"",99852585,"","",Loves crveltie.,Loves crveltie
A12148,EEBO-TCP Phase 1,A12148.P4.xml,"The opportunitie a comedy, as it was presented by Her Majesties servants, at the private house in Drury Lane / written by Iames Shirley.","","Shirley, James, 1596-1666.; Molina, Tirso de, 1571?-1648. Castigo del penséque.",1640,1640.,"Printed for Andrew Crooke, and are to be sold at the Castle gate in Dublin,","In Dublin :Printed for Andrew Crooke, and are to be sold at the Castle gate in Dublin,1640.",In Dublin :,"""Based on Èl castigo del penséque"" of Téllez--NUC pre-1956 imprints.; Signatures: [A]² B-K⁴.; Reproduction of original in the Henry E. Huntington Library and Art Gallery.",S1653,22452,"",21347995,"","",The opportunitie,The opportunitie
A12152,EEBO-TCP Phase 1,A12152.P4.xml,The schoole of complement· As it vvas acted by her Maiesties Seruants at the Priuate house in Drury Lane. By I.S.,"","Shirley, James, 1596-1666.",1631,1631.,"Printed by E[lizabeth] A[llde] for Francis Constable, and are to be sold at his shop in Pauls Church-yard, at the signe of the Crane,","London :Printed by E[lizabeth] A[llde] for Francis Constable, and are to be sold at his shop in Pauls Church-yard, at the signe of the Crane,1631.",London :,Dedication signed: I. Sherley.; Partly in verse.; Printer's name from STC.; Reproduction of the original in the Folger Shakespeare Library.,S117358,22456,"",99852572,"","",The schoole of complement·,The schoole of complement
A12154,EEBO-TCP Phase 1,A12154.P4.xml,"The traytor A tragedie, vvritten by Iames Shirley. Acted by her Majesties Servants.","","Shirley, James, 1596-1666.",1635,1635.,"Printed [by John Norton] for William Cooke, and are to be sold at his shop at Furnivals Inne-gate in Holborne,","London :Printed [by John Norton] for William Cooke, and are to be sold at his shop at Furnivals Inne-gate in Holborne,1635.",London :,In verse.; Printer's name from STC.; Signatures: A⁴ (-A4) B-K⁴ L1 (=A4).; Reproduction of the original in the Henry E. Huntington Library and Art Gallery.,S117334,22458,"",99852549,"","",The traytor.,The traytor
A12155,EEBO-TCP Phase 1,A12155.P4.xml,"The vvedding As it was lately acted by her Maiesties Seruants, at the Phenix in Drury Lane. Written by Iames Shirley, Gent.","","Shirley, James, 1596-1666.",1629,1629.,"Printed [by Nicholas Okes] for Iohn Groue, and are to be sold at his shop at Furniualls Inne Gate in Holborne,","London :Printed [by Nicholas Okes] for Iohn Groue, and are to be sold at his shop at Furniualls Inne Gate in Holborne,1629.",London :,"Mostly in verse.; Printer's name from STC addendum.; Signatures: A-L⁴.; The first leaf is blank.; Reproduction of the original in the Folger Shakespeare Library.; Inlaid; A4 reversed in binding; quire K misbound 1,3,2,4.",S117256,22460,"",99852471,"","",The vvedding.,The vvedding
A12157,EEBO-TCP Phase 1,A12157.P4.xml,The vvittie faire one· A comedie. As it was presented at the Private House in Drury Lane. By her Maiesties Servants. By Iames Shirley.,"","Shirley, James, 1596-1666.",1633,1633.,"Printed by B[ernard] A[lsop] and T[homas] F[awcet] for Wil. Cooke, and are to be sold at his shop, neere Furnivals-Inne Gate, in Holborne,","London :Printed by B[ernard] A[lsop] and T[homas] F[awcet] for Wil. Cooke, and are to be sold at his shop, neere Furnivals-Inne Gate, in Holborne,1633.",London :,Partly in verse.; Printers' names from STC.; Signatures: A²  B-I⁴ K² .; Running title reads: The witty faire one.; Reproduction of the original in the Bodleian Library.,S117328,22462,"",99852543,"","",The vvittie faire one·,The vvittie faire one
A12158,EEBO-TCP Phase 1,A12158.P4.xml,"The young admirall As it vvas presented by her Majesties Servants, at the private house in Drury Lane. Written by James Shirly.","","Shirley, James, 1596-1666.; Vega, Lope de, 1562-1635. Don Lope de Cardona.",1637,1637.,"Printed by Tho. Cotes, for Andrew Crooke, and William Cooke,","London :Printed by Tho. Cotes, for Andrew Crooke, and William Cooke,1637.",London :,"Based on: Vega, Lope de.  Don Lope de Cardona.; Partly in verse.; Signatures: A²  B-K⁴.; The last leaf is blank.; Reproduction of the original in the University of Michigan. Library.",S117314,22463,"",99852529,"","",The yovng admirall.,The yovng admirall
A13125,EEBO-TCP Phase 1,A13125.P4.xml,Aglaura,"","Suckling, John, Sir, 1609-1642.",1638,1638.,"Printed by Iohn Haviland for Thomas Walkley, and are to be sold at his shop at the signe of the Flying Horse betweene York-house and Britaines Burse,","London :Printed by Iohn Haviland for Thomas Walkley, and are to be sold at his shop at the signe of the Flying Horse betweene York-house and Britaines Burse,1638.",London :,"By Sir John Suckling.; In verse.; The title page has imprimatur on verso. With an additional title page, inserted after L1, with prologues on verso. The insert was presumably printed as leaf O2.; Reproduction of the original in the Henry E. Huntington Library and Art Gallery.",S117598,23420,"",99852810,"","",Aglaura. ,Aglaura. 
A13358,EEBO-TCP Phase 1,A13358.P4.xml,"A pleasant conceited historie, called The taming of a shrew As it was sundry times acted by the Right honorable the Earle of Pembrook his seruants.",Taming of a shrew.,"",1594,1594.,"By Peter Short and are to be sold by Cutbert Burbie, at his shop at the Royall Exchange,","Printed at London :By Peter Short and are to be sold by Cutbert Burbie, at his shop at the Royall Exchange,1594.",Printed at London :,In verse.; Signatures: A-F⁴ G² .; The connection with Shakespeare's play is obscure.; Reproduction of the original in the Henry E. Huntington Library and Art Gallery.,S111124,23667,"",99846538,"","","A pleasant conceited historie, called The taming of a shrew.","A pleasant conceited historie, called The taming of a shrew"
A13611,EEBO-TCP Phase 2,A13611.P4.xml,"Andria the first comoedie of Terence, in English. A furtherance for the attainment vnto the right knowledge, & true proprietie, of the Latin tong. And also a commodious meane of help, to such as haue forgotten Latin, for their speedy recouering of habilitie, to vnderstand, write, and speake the same. Carefully translated out of Latin, by Maurice Kyffin.",Andria. English,"Terence.; Kyffin, Maurice, d. 1599.",1588,1588.,"By T[homas] E[ast] for Thomas VVoodcocke, at the signe of the black Beare in Paules Church-yard,","Printed at London :By T[homas] E[ast] for Thomas VVoodcocke, at the signe of the black Beare in Paules Church-yard,1588.",Printed at London :,At foot of title: Plura posthac.; Printer's name from STC.; Signatures: [fleuron]⁴ A-K⁴.; [Fleuron]3 is signed [par.]3.; Running title reads: The first comoedie of Terence.; Reproduction of the original in the Henry E. Huntington Library and Art Gallery.,S111416,23895,"",99846768,"","",Andria,Andria
A13613,EEBO-TCP Phase 2,A13613.P4.xml,"The two first comedies of Terence called Andria, and the Eunuch newly Englished by Thomas Newman. Fitted for scholler priuate action in their schooles",Andria. English,"Terence.; Newman, Thomas, fl. 1627.; Terence. Eunuchus. English. aut",1627,1627.,"Printed by G. M[iller] and are to be sold at the house of M. Fenricus next to the Grayhound Tauerne in the Black-Friers,","London :Printed by G. M[iller] and are to be sold at the house of M. Fenricus next to the Grayhound Tauerne in the Black-Friers,1627.",London :,"Printer's name from STC.; Verse translations, by Thomas Newman, of Terence's Andria and Eunuchus.; The Eunuch begins on verso of F2 [i.e. E2].; Pages 50-51 repeated in number only; 60-61 and 63-64 missing in number only; 56-57 misnumbered 58-59; E2 missigned F2.; Errata on recto of H8, final leaf.; Preliminary pages and 81-82 torn. Beginning-page 1 and 76-101 from Folger Shakespeare Library copy spliced at end.; Reproduction of the original in the British Library.",S102998,23897,"",99838757,"","","The two first comedies of Terence called Andria, and the Eunuch newly Englished by Thomas Newman. Fitted for schollers priuate action in their schooles.","The two first comedies of Terence called Andria, and the Eunuch newly Englished by Thomas Newman. Fitted for schollers priuate action in their schooles"
A13802,EEBO-TCP Phase 1,A13802.P4.xml,"Albumazar A comedy presented before the Kings Maiestie at Cambridge, the ninth of March. 1614. By the Gentlemen of Trinitie Colledge.","","Tomkis, Thomas, fl. 1604-1615.; Porta, Giambattista della, 1535?-1615. Astrologo.",1615,1615.,"Printed by Nicholas Okes for Walter Burre, and are to be sold at his shop, in Pauls Church-yard,","London :Printed by Nicholas Okes for Walter Burre, and are to be sold at his shop, in Pauls Church-yard,1615.",London :,"By Thomas Tomkis.; An adaptation of: Porta, Giambattista della. L'astrologo.; Partly in verse.; Signatures: A²  B-L⁴.; Reproduction of the original in the Folger Shakespeare Library.",S118449,24100,"",99853656,"","",Albumazar.,Albumazar
A14872,EEBO-TCP Phase 1,A14872.P4.xml,"The tragedy of the Dutchesse of Malfy As it was presented priuatly, at the Black-Friers; and publiquely at the Globe, by the Kings Maiesties Seruants. The perfect and exact coppy, with diuerse things printed, that the length of the play would not beare in the presentment. VVritten by Iohn Webster.",Duchess of Malfi,"Webster, John, 1580?-1625?",1623,1623.,"Printed by Nicholas Okes, for Iohn Waterson, and are to be sold at the signe of the Crowne, in Paules Church-yard,","London :Printed by Nicholas Okes, for Iohn Waterson, and are to be sold at the signe of the Crowne, in Paules Church-yard,1623.",London :,"Mostly in verse.; Signatures: A-N⁴.; The first leaf is blank.; For printing details see ""Studies in bibliography"" VI, p. 117-40 and VIII, p. 117-27.; Reproduction of the original in the British Library.; Title page nearly illegible.",S119591,25176,"",99854798,"","",The tragedy of the Dvtchesse of Malfy.,The tragedy of the Dvtchesse of Malfy
A14875,EEBO-TCP Phase 1,A14875.P4.xml,"The white diuel, or, The tragedy of Paulo Giordano Vrsini, Duke of Brachiano with the life and death of Vittoria Corombona the famous Venetian curtizan. Acted by the Queenes Maiesties Seruants. Written by Iohn Webster.","","Webster, John, 1580?-1625?",1612,1612.,"Printed by N[icholas] O[kes] for Thomas Archer, and are to be sold at his shop in Popes head Pallace, neere the Royall Exchange,","London :Printed by N[icholas] O[kes] for Thomas Archer, and are to be sold at his shop in Popes head Pallace, neere the Royall Exchange,1612.",London :,"Partly in verse.; Printer's name from STC.; Signatures: A²  B-L⁴ M² .; Running title reads: Vittoria Corombona.; For printing details and variants see ""Studies in bibliography"" VI, p. 117-40 and VIII, p. 113-7.; Reproduction of the original in the Bodleian Library.",S111501,25178,"",99846829,"","","The white diuel, or, The tragedy of Paulo Giordano Vrsini, Duke of Brachiano,","The white diuel, or, The tragedy of Paulo Giordano Vrsini, Duke of Brachiano"
A15676,EEBO-TCP Phase 2,A15676.P4.xml,Euerie vvoman in her humor,"","",1609,1609.,"Printed by E[dward] A[llde] for Thomas Archer, and are to be solde at his shop in the Popes-head-Pallace, neere the Royall Exchange,","London :Printed by E[dward] A[llde] for Thomas Archer, and are to be solde at his shop in the Popes-head-Pallace, neere the Royall Exchange,1609.",London :,Partly in verse.; Printer's name from STC.; Signatures: A-H⁴.; Reproduction of the original in the University of Illinois (Urbana-Champaign Campus). Library.,S120276,25948,"",99855475,"","",Everie vvoman in her humor. ,Everie vvoman in her humor. 
A16923,EEBO-TCP Phase 1,A16923.P4.xml,"The antipodes a comedie. Acted in the yeare 1638. by the Queenes Majesties Servants, at Salisbury Court in Fleet-street. The author Richard Brome.","","Brome, Richard, d. 1652?",1640,1640.,"Printed by I. Okes, for Francis Constable, and are to be sold at his shops in Kings-street at the signe of the Goat, and in Westminster-hall,","London :Printed by I. Okes, for Francis Constable, and are to be sold at his shops in Kings-street at the signe of the Goat, and in Westminster-hall,1640.",London :,"Signatures: A-L⁴.; The verse on A4r signed ""Rob. Chamberlain."". Variant: verses signed ""R.C."".; Reproduction of the original in the British Library.",S106712,3818,"",99842424,"","",The antipodes:,The antipodes
A16924,EEBO-TCP Phase 1,A16924.P4.xml,"The northern lasse a comoedie. As it hath beene often acted with good applause, at the Globe, and Black-Fryers. By his Maiesties Servants. VVritten by Richard Brome.","","Brome, Richard, d. 1652?",1632,1632.,"Printed by Aug. Mathevves, and are to be sold by Nicholas Vavasour, dwelling at the little south dore of St. Pauls Church,","London :Printed by Aug. Mathevves, and are to be sold by Nicholas Vavasour, dwelling at the little south dore of St. Pauls Church,1632.",London :,Signatures: A-L⁴ M² .; Reproduction of the original in the British Library.,S106713,3819,"",99842425,"","","The northern lasse,",The northern lasse
A17968,EEBO-TCP Phase 2,A17968.P4.xml,"The deseruing fauorite As it was lately acted, first before the Kings Maiestie, and since publikely at the Black-Friers. By his Maiesties seruants. Written by Lodovvicke Carlell, Esquire, Gentle-man of the Bovves, and Groome of the King and Queenes Priuie Chamber.","","Carlell, Lodowick, 1602?-1675.; Castillo Solórzano, Alonso de, 1584-1648? Duquesa de Mantua.",1629,1629.,"Printed for Mathevv Rhodes,","At London :Printed for Mathevv Rhodes,1629.",At London :,"Plot derived from: Solórzano, Alonso del Castillo.  La Duquesa de Mantua.; ""The printer's epigrammaticall epistle to the understanding reader,"" is signed ""I.R."", i.e. John Rhodes, the publisher.; Printed by John Rhodes. Cf. STC.; Signatures: A4, (-A4), B-M4, N4 (+-N3 [=A4]).; N3 is cancelled by A4.; The last leaf is blank.; Variant: title page has ""Maiesies"".; Reproduction of the original in the University of Chicago Library.",S107554,4628,"",99843253,"","",The deseruing fauorite.,The deseruing fauorite
A18083,EEBO-TCP Phase 1,A18083.P4.xml,The royall slaue A tragi-comedy. Presented to the King and Queene by the students of Christ-Church in Oxford. August 30. 1636. Presented since to both their Majesties at Hampton-Court by the Kings Servants.,"","Cartwright, William, 1611-1643.",1639,1639.,"Printed by William Turner for Thomas Robinson,","Oxford :Printed by William Turner for Thomas Robinson,1639.",Oxford :,By William Cartwright.; Mostly in verse.; Signatures: A-H⁴ I² .; Reproduction of the original in University of Michigan. Library.,S122388,4717,"",99857539,"","",The royall slaue.,The royall slaue
A18407,EEBO-TCP Phase 1,A18407.P4.xml,Eastward hoe As it was playd in the Black-friers. By the Children of her Maiesties Reuels. Made by George Chapman. Ben: Ionson. Ioh: Marston.,"","Chapman, George, 1559?-1634.; Jonson, Ben, 1573?-1637. aut; Marston, John, 1575?-1634. aut",1605,1605.,"Printed [by George Eld] for William Aspley,","At London :Printed [by George Eld] for William Aspley,1605.",At London :,"Printer's name from STC.; Signatures: A-I⁴ (+-E3,4).; A later state of STC 4970, with leaves E3,4 cancels; E3v catchword reads: rously.; Reproduction of the original in the Henry E. Huntington Library and Art Gallery.",S107691,4971,"",99843387,"","",Eastvvard hoe.,Eastvvard hoe
A18421,EEBO-TCP Phase 1,A18421.P4.xml,"The reuenge of Bussy D'Ambois A tragedie. As it hath beene often presented at the priuate play-house in the White-Fryers. VVritten by George Chapman, Gentleman.","","Chapman, George, 1559?-1634.",1613,1613.,"Printed by T[homas] S[nodham] and are to be solde by Iohn Helme, at his shop in S. Dunstones Church-yard, in Fleetstreet,","London :Printed by T[homas] S[nodham] and are to be solde by Iohn Helme, at his shop in S. Dunstones Church-yard, in Fleetstreet,1613.",London :,"Printer's name from STC.; Signatures: A-K⁴.; The first leaf is blank except for signature-mark ""A"".; Reproduction of the original in the Henry E. Huntington Library and Art Gallery.",S122391,4989,"",99857542,"","",The reuenge of Bussy D'Ambois.,The reuenge of Bussy D'Ambois
A18426,EEBO-TCP Phase 1,A18426.P4.xml,The vviddovves teares a comedie. As it was often presented in the blacke and white Friers. Written by Geor. Chap.,"","Chapman, George, 1559?-1634.",1612,1612.,"Printed [by William Stansby] for Iohn Browne, and are to be sold at his shop in Fleet-street in Saint Dunstanes Church-yard,","London :Printed [by William Stansby] for Iohn Browne, and are to be sold at his shop in Fleet-street in Saint Dunstanes Church-yard,1612.",London :,Printer's name from STC.; Signatures: [A]²  B-K⁴ L² .; Reproduction of the original in the Henry E. Huntington Library and Art Gallery.,S107724,4994,"",99843420,"","",The vviddovves teares,The vviddovves teares
A19346,EEBO-TCP Phase 1,A19346.P4.xml,"The Cid a tragicomedy, out of French made English: and acted before their Majesties at court, and on the Cock-pit stage in Drury-lane by the servants to both their Majesties.",Cid. English,"Corneille, Pierre, 1606-1684.; J. R. (Joseph Rutter), fl. 1635-1640.",1637,1637.,"Printed by Iohn Haviland for Thomas Walkly, and are to be sold at his shop at the Flying Horse neare Yorke house,","London :Printed by Iohn Haviland for Thomas Walkly, and are to be sold at his shop at the Flying Horse neare Yorke house,1637.",London :,"A translation of: Corneille, Pierre.  Le Cid.; Translator's dedication signed: Rutter.; Signatures: A-C¹²  D⁶.; With a final imprimatur leaf; the last leaf is blank.; Reproduction of the original in the Henry E. Huntington Library and Art Gallery.",S108694,5770,"",99844350,"","","The Cid,",The Cid
A19883,EEBO-TCP Phase 1,A19883.P4.xml,"The vvitts A comedie, presented at the private house in Blacke Fryers, by his Majesties servants. The author VVilliam D'avenant, servant to Her Majestie.","","D'Avenant, William, Sir, 1606-1668.",1636,1636.,"Printed [by Augustine Mathewes] for Richard Meighen, next to the Middle Temple in Fleetstreet,","London :Printed [by Augustine Mathewes] for Richard Meighen, next to the Middle Temple in Fleetstreet,1636.",London :,Printer's name from STC.; Signatures: A-K⁴.; A1 is a license to print. Variant: A1 is blank.; Reproduction of the original in the Henry E. Huntington Library and Art Gallery.,S109311,6309,"",99844961,"","",The vvitts.,The vvitts
A21136,EEBO-TCP Phase 1,A21136.P4.xml,"The merry deuill of Edmonton As it hath beene sundry times acted, by his Maiesties Seruants, at the Globe, on the banke-side.","","Shakespeare, William, 1564-1616, attributed name.; Dekker, Thomas, ca. 1572-1632, attributed name.; Heywood, Thomas, d. 1641, attributed name.",1608,1608.,"Printed by Henry Ballard for Arthur Iohnson, dwelling at the signe of the white-horse in Paules Church yard, ouer against the great north doore of Paules,","London :Printed by Henry Ballard for Arthur Iohnson, dwelling at the signe of the white-horse in Paules Church yard, ouer against the great north doore of Paules,1608.",London :,"Sometimes attributed to William Shakespeare, to Thomas Dekker, to Thomas Heywood, and to others.; Partly in verse.; Based on the life of Peter Fabell.; Not the same work as ""The life and death of the merry devill of Edmonton"", a pamphlet by Thomas Brewer.; Signatures: A-F⁴.; The first leaf is blank except for signature-mark ""A"".; Reproduction of the original in the Henry E. Huntington Library and Art Gallery.; Corner cut out of upper right corner of title page, allowing part of headpiece to show through.",S106285,7493,"",99842003,"","",The merry devill of Edmonton.,The merry devill of Edmonton
A25278,EEBO-TCP Phase 1,A25278.P4.xml,"The siege and surrender of Mons a tragi-comedy, exposing the villany of the priests, and the intrigues of the French.","","Ames, Richard, d. 1693.",1691,1691.,"Printed for Richard Baldwin,","London :Printed for Richard Baldwin,1691.",London :,"Attributed to Ames by Wing, Halkett & Laing.; ""Licensed, April 23. 1691.""; Advertisement: p. [4].; Reproduction of original in the British Library.",R37038,"",A2992,16187534,"","",The siege and surrender of Mons.,The siege and surrender of Mons
A25891,EEBO-TCP Phase 1,A25891.P4.xml,The reformation a comedy acted at the Dukes theater.,"","Arrowsmith, Joseph, fl. 1673.",1673,1673.,"Printed for William Cademan ...,","London :Printed for William Cademan ...,1673.",London :,Attributed to Joseph Arrowsmith. Cf. NUC pre-1956.; Reproduction of original in Huntington Library.,R15912,"",A3780,12255854,"","",The reformation.,The reformation
A27179,EEBO-TCP Phase 1,A27179.P4.xml,The beggars bush written by Francis Beavmont and John Fletcher.,"","Fletcher, John, 1579-1625.; Beaumont, Francis, 1584-1616.; Massinger, Philip, 1583-1640.",1661,1661.,"Printed for Humphrey Robinson, and Anne Mosely ... ,","London :Printed for Humphrey Robinson, and Anne Mosely ... ,1661.",London :,"Beaumont's joint authorship is doubtful.; Beaumont's contribution to this is doubtful.  Attributed to Fletcher and Massinger.  Cf. Camb. hist. Eng. lit; Fleay, Biog. chron.; encyc. brit. 11th ed.; Reproduction of original in Huntington Library.",R6179,"",B1583,13222048,"","","The beggars bush. Written by Francis Beaumont, and John Fletcher, Gentlemen. You may speedily expect those other playes, which Kirkman, and his hawkers have deceived the buyers withall, selling them at treble the value, that this and the rest will be sold for, which are the onely originall and corrected copies, as they were first purchased by us at no mean rate, and since printed by us.","The beggars bush. Written by Francis Beaumont, and John Fletcher, Gentlemen. You may speedily expect those other playes, which Kirkman, and his hawkers have deceived the buyers withall, selling them at treble the value, that this and the rest will be sold for, which are the onely originall and corrected copies, as they were first purchased by us at no mean rate, and since printed by us"
A27180,EEBO-TCP Phase 1,A27180.P4.xml,"Bonduca, or, The British heroine a tragedy, acted at the Theatre Royal by His Majesty's servants, with a new entertainment of musick, vocal and instrumental : never printed or acted before.","","Fletcher, John, 1579-1625.; Purcell, Henry, 1659-1695. Bonduca.; Powell, George, 1658?-1714.",1696,1696.,"Printed for Richard Bentley ...,","London :Printed for Richard Bentley ...,1696.",London :,"An alteration of Fletcher's play, ""the two first acts new writ"", given to George Powell for publication. Cf. Dedication and ""To the reader"".; Without the music (by Henry Purcell).; Advertisement: p. [3] at end.; Reproduction of original in Princeton University Library.",R17919,"",B1584,12257902,"","","Bonduca: or, The British heroine,","Bonduca: or, The British heroine"
A27196,EEBO-TCP Phase 1,A27196.P4.xml,"Philaster, or, Love lies a bleeding a tragi-comedy, as it is now acted at His Majesty's Theatre Royal ...","","Beaumont, Francis, 1584-1616.; Fletcher, John, 1579-1625.; Settle, Elkanah, 1648-1724.",1695,1695.,"Printed for R. Bentley ...,","London :Printed for R. Bentley ...,1695.",London :,"Reproduction of original in Huntington Library.; An alteration of Beaumont and Fletcher's play, by Elkanah Settle. cf. F.C. Brown, Elkanah Settle, p. 99.; Original play mainly by Beaumont.",R20965,"",B1601,12047528,"","","Philaster: or, Love lies a bleeding.","Philaster: or, Love lies a bleeding"
A27197,EEBO-TCP Phase 1,A27197.P4.xml,"The prophetess, or, The history of Dioclesian written by Francis Beaumont and John Fletcher ; with alterations and additions, after the manner of an opera ; represented at the Queen's Theatre, by Their Majesties servants.","","Betterton, Thomas, 1635?-1710.; Fletcher, John, 1579-1625. Prophetess.; Beaumont, Francis, 1584-1616. Prophetess.; Purcell, Henry, 1659-1695.",1690,1690.,"Printed for Jacob Tonson ...,","London :Printed for Jacob Tonson ...,1690.",London :,An alteration by Betterton of: The prophetess / J. Fletcher and P. Massinger.; Without the music by Purcell.; Reproduction of original in British Library.,R2373,"",B1605,12016589,"","","The prophetess: or, The history of Dioclesian.","The prophetess: or, The history of Dioclesian"
A27203,EEBO-TCP Phase 1,A27203.P4.xml,"The wild-goose chase a comedie as it hath been acted with singular applause at the Black-Friers : being the noble, last, and onely remaines of those incomparable drammatists, Francis Beaumont and John Fletcher, Gent. : retriv'd for the publick delight of all the ingenious and private benefit of John Lowin and Joseph Taylor, servants to His late Majestie / by a person of honour.","","Fletcher, John, 1579-1625.; Beaumont, Francis, 1584-1616.; Lowin, John, 1576-1659.; Taylor, Joseph, 1586?-1653?",1652,1652.,"Printed for Humpherey Moseley ...,","London :Printed for Humpherey Moseley ...,1652.",London :,"Acted at court in 1621, but not printed until 1652.  In 1647 when the folio of Beaumont's and Fletcher's works was published, this play was omitted, as it had long been lost and was supposed to be irrecoverable. Cf. Preface to edition of 1647; Cambridge hist. of Eng. lit.; and Dyce, A. Works of Beaumont & Fletcher, 1845, v. 8, p. 102.; Written by Fletcher alone. Cf. The dedication.; ""The dedication to the honour'd, few, lovers of drammatick poesie"" signed: John Lowin, Joseph Taylor.; First ed. Cf. Wing.; Copy at reel 306:1b is bound following: Beaumont, F., and Fletcher, J. Comedies and tragedies. London : For Humphrey Robinson and Humphrey Moseley, 1647.; Reproduction of original in British Library and Harvard University Libraries.",R13818,"",B1616,12004383,"","",The wild-goose chase.,The wild-goose chase
A27247,EEBO-TCP Phase 1,A27247.P4.xml,"The excommunicated prince, or, The false relique a tragedy, as it was acted by His Holiness's servants, being the Popish plot in a play / by Capt. William Bedloe.","","Bedloe, William, 1650-1680.; Walter, Thomas.",1679,1679.,"Printed for Tho. Parkhurst, D. Newman, Tho. Cockerill, and Tho. Simmons,","London :Printed for Tho. Parkhurst, D. Newman, Tho. Cockerill, and Tho. Simmons,1679.",London :,"Ascribed also to Thomas Walter. Cf. Wood, Fasti oxonienses, pt. 2, column 373.; Has no connection with the Popish plot in England, but is the story of Theimuraz, King of Georgia (1629-1634) who was excommunicated by the Pope.; Reproduction of original in Newberry Library.",R18110,"",B1676,12257966,"","","The excommunicated prince: or, The false relique.","The excommunicated prince: or, The false relique"
A27277,EEBO-TCP Phase 1,A27277.P4.xml,"Abdelazer, or, The Moor's revenge a tragedy, as it is acted at His Royal Highness the Duke's Theatre / written by Mrs. A. Behn.","","Behn, Aphra, 1640-1689.",1677,1677.,"Printed for J. Magnes and R. Bentley ...,","London :Printed for J. Magnes and R. Bentley ...,1677.",London :,"An alteration of Lust's dominion, or, The lascivious queen, printed in 1657 and erroneously attributed to Marlow.; First ed. Cf. NUC pre-1956.; Reproduction of original in Folger Library.",R18143,"",B1715,12257972,"","","Abdelazer, or The Moor's revenge.","Abdelazer, or The Moor's revenge"
A27279,EEBO-TCP Phase 1,A27279.P4.xml,"The amorous prince, or, The curious husband a comedy / by Mrs. A. Behn.","","Behn, Aphra, 1640-1689.; Davenport, Robert, fl. 1623. City night-cap.",1671,1671.,"Printed by J.M. for Thomas Dring,","London :Printed by J.M. for Thomas Dring,1671.",London :,"""Built on the novel of the Curious impertinent, and on Davenport's City night-cap.""--Baker, Biog. Dram. cf. also Works of A. Behn, ed. by M. Summers, v. 4.",R14102,"",B1718,11711940,"","","The amorous prince, or, The curious husband.","The amorous prince, or, The curious husband"
A27280,EEBO-TCP Phase 1,A27280.P4.xml,"The city-heiress, or, Sir Timothy Treat-all a comedy : as it is acted at His Royal Highness his theatre / written by Mrs. A. Behn.","","Behn, Aphra, 1640-1689.; Middleton, Thomas, d. 1627. Mad world, my masters.; Massinger, Philip, 1583-1640. Guardian.",1682,1682.,"Printed for D. Brown ... and T. Benskin ... and H. Rhodes ...,","London :Printed for D. Brown ... and T. Benskin ... and H. Rhodes ...,1682.",London :,"First ed. Cf. NUC pre-1956.; In great measure borrowed from Middleton's Mad world my masters, and from Massinger's Guardian. Cf. Summers, M., ed. Works of A. Behn, v. 2.; Reproduction of original in Yale University Library.",R19571,"",B1719,12399646,"","","The city-heiress: or, Sir Timothy Treat-all.","The city-heiress: or, Sir Timothy Treat-all"
A27287,EEBO-TCP Phase 1,A27287.P4.xml,The Dutch lover a comedy acted at the Dvkes theatre / written by Mrs. A. Bhen [sic],"","Behn, Aphra, 1640-1689.",1673,1673.,"Printed for Thomas Dring ...,","London :Printed for Thomas Dring ...,1673.",London :,"The plot is founded on a ""pseudo-Spanish novel, entitled 'The history of Don Fenise ... 1651, by Francisco de Las Coveras.'  There is of course no such Spanish author as 'the ingenious Don Francisco de las Coveras.'""  Cf. Works of A. Behn, ed. by M. Summers, v. 1.; Reproduction of original in Huntington Library.",R3716,"",B1726,13192508,"","",The Dutch lover:,The Dutch lover
A27288,EEBO-TCP Phase 1,A27288.P4.xml,The emperor of the moon a farce : as it is acted by Their Majesties servants at the Queens Theatre / written by Mrs. A. Behn.,"","Behn, Aphra, 1640-1689.; Fatouville, Anne Mauduit de, 17th/18th cent. Arlequin empereur dans la lune.",1687,1687.,"Printed by R. Holt for Joseph Knight and Francis Saunders ...,","London :Printed by R. Holt for Joseph Knight and Francis Saunders ...,1687.",London :,"Based on: Arlequin empereur dans le monde de la lune, which was originally translated from Italian.; Reproduction of original in British Library.",R3833,"",B1727,12311349,"","",The emperor of the moon:,The emperor of the moon
A27291,EEBO-TCP Phase 1,A27291.P4.xml,"The false count, or, A new way to play an old game as it is acted at the Duke's Theatre / written by Mrs. A. Behn.","","Behn, Aphra, 1640-1689.",1682,1682.,"Printed by M. Flesher for Jacob Tonson ...,","London :Printed by M. Flesher for Jacob Tonson ...,1682.",London :,First ed. Cf. NUC pre-1956.; Reproduction of original in Library of Congress.,R3743,"",B1730,12311308,"","","The false count, or, A new way to play an old game.","The false count, or, A new way to play an old game"
A27293,EEBO-TCP Phase 1,A27293.P4.xml,"The feign'd curtizans, or, A nights intrigue a comedy : as it is acted at the Dukes Theatre / written by Mrs. A. Behn.","","Behn, Aphra, 1640-1689.",1679,1679.,"Printed for Jacob Tonson ...,","London :Printed for Jacob Tonson ...,1679.",London :,First ed. Cf. NUC pre-1956.; Reproduction of original in British Library.,R4074,"",B1732,12311462,"","","The feignʻd curtizans, or, A nights intrigue.","The feignʻd curtizans, or, A nights intrigue"
A27294,EEBO-TCP Phase 1,A27294.P4.xml,"The forc'd marriage, or, The jealous bridegroom a tragi-comedy : as it is acted at His Highnesse the Duke of Yorks theatre / written by A. Behn.","","Behn, Aphra, 1640-1689.",1671,1671.,"Printed by H. L. and R. B. for James Magnus ...,","London :Printed by H. L. and R. B. for James Magnus ...,1671.",London :,Reproduction of original in Huntington Library.,R806,"",B1734,13170234,"","","The forc'd marriage, or The jealous bridegroom.","The forc'd marriage, or The jealous bridegroom"
A27303,EEBO-TCP Phase 1,A27303.P4.xml,"The luckey chance, or, An alderman's bargain a comedy as is acted by their Majesty's servants / by Mrs. A. Behn.","","Behn, Aphra, 1640-1689.",1687,1687.,"Printed by R.H. for W. Canning,","London :Printed by R.H. for W. Canning,1687.",London :,Reproduction of original in the Bodleian Library.,R23614,"",B1744,7869390,"","","The luckey chance, or An alderman's bargain.","The luckey chance, or An alderman's bargain"
A27320,EEBO-TCP Phase 1,A27320.P4.xml,"The Roundheads, or, The good old cause a comedy as it is acted at His Royal Highness the Dukes Theatre / by Mrs. A. Behn.","","Behn, Aphra, 1640-1689.; Tatham, John, fl. 1632-1664. Rump.",1682,1682.,"Printed for D. Brown ... and H. Rhodes ...,","London :Printed for D. Brown ... and H. Rhodes ...,1682.",London :,"""Great part, both of the plot and language of this play, is borrowed from Tatham's comedy called, The Rump""-- Baker, D.E. Biog. dram.; Reproduction of original in Huntington Library.",R4272,"",B1761,11956572,"","","The Roundheads or, The good old cause,","The Roundheads or, The good old cause"
A27322,EEBO-TCP Phase 1,A27322.P4.xml,"The rover, or, The banish't cavaliers as it is acted at His Royal Highness the Duke's theatre.","","Behn, Aphra, 1640-1689.; Killigrew, Thomas, 1612-1683. Thomaso.",1677,1677.,"Printed for John Amery ...,","London :Printed for John Amery ...,1677.",London :,"Attributed to Alphra Behn.  Cf. BLC.; ""The entire plan and many details of both parts of The rover are taken openly and unreservedly from Tom Killigrew's Thomaso, or The wanderer, an unacted comedy likewise in two parts"" -- Works of A. Behn, ed. by M. Summers, v. 1.; Reproduction of original in Huntington Library.",R2712,"",B1763,13174490,"","","The rover. Or, The banish't cavaliers.","The rover. Or, The banish't cavaliers"
A27324,EEBO-TCP Phase 1,A27324.P4.xml,Sir Patient Fancy a comedy : as it is acted at the Duke's Theatre / written by Mrs. A. Behn ...,"","Behn, Aphra, 1640-1689.; Molière, 1622-1673. Malade imaginaire.",1678,1678.,"Printed by E. Flesher for Richard Tonson ... and Jacob Tonson ...,","London :Printed by E. Flesher for Richard Tonson ... and Jacob Tonson ...,1678.",London :,"Based on: several of Molière's plays, especially on ""Le malade imaginaire.""; Reproduction of original in British Library.",R4149,"",B1766,12311478,"","",Sir Patient Fancy:,Sir Patient Fancy
A27328,EEBO-TCP Phase 1,A27328.P4.xml,"The town-fopp, or, Sir Timothy Tawdrey a comedy : as it is acted at His Royal Highness the Duke's theatre / written by Mrs. A. Behn.","","Behn, Aphra, 1640-1689.; Wilkins, George, fl. 1607. Miseries of enforced marriage.",1677,1677.,"Printed by T. N. for James Magnes and Rich. Bentley ...,","London :Printed by T. N. for James Magnes and Rich. Bentley ...,1677.",London :,"""Great part of this play ... is borrowed from George Wilkin's comedy called The miseries of enforced marriage.""--Baker, Biog. dram.  Cf. also Works of A. Behn, ed. by M. Summers, v. 3.; Page 9 has print faded with some loss of print in filmed copy.  Beginning-page 15 photographed from Bodleian Library copy and inserted at end.; Reproduction of original in Huntington Library.",R2724,"",B1769,13174493,"","",The town-fopp: or Sir Timothy Tawdrey.,The town-fopp: or Sir Timothy Tawdrey
A27331,EEBO-TCP Phase 1,A27331.P4.xml,"The widdow Ranter, or, The history of Bacon in Virginia a tragi-comedy, acted by Their Majesties servants / written by Mrs. A. Behn.","","Behn, Aphra, 1640-1689.; Dryden, John, 1631-1700.",1690,1690.,"Printed for James Knapton ...,","London :Printed for James Knapton ...,1690.",London :,Prologue by John Dryden.; Imperfect: pages stained.; Reproduction of original in the Huntington Library.,R34404,"",B1774,14397740,"","","The widdow ranter or, The history of Bacon in Virginia.","The widdow ranter or, The history of Bacon in Virginia"
A27332,EEBO-TCP Phase 1,A27332.P4.xml,"The young king, or, The mistake as 'tis acted at His Royal Highness, the Dukes Theatre / written by A. Behn.","","Behn, Aphra, 1640-1689.; La Calprenède, Gaultier de Coste, seigneur de, d. 1663. Cléopatre.; Calderón de la Barca, Pedro, 1600-1681. Vida es sueño.",1683,1683.,"Printed for D. Brown ... T. Benskin ... and H. Rhodes ...,","London :Printed for D. Brown ... T. Benskin ... and H. Rhodes ...,1683.",London :,"First ed. Cf. BM.; The plot is based on the 8th part of La Calprenède's romance of Cléopatre, and Caldron's La vida es sueño. Cf. Baker, Biog. dram., and Works of A. Behn, ed. by M. Summers, v. 2.; Reproduction of original in British Library.",R18897,"",B1776,12171600,"","","The young king: or, The mistake.","The young king: or, The mistake"
A27334,EEBO-TCP Phase 2,A27334.P4.xml,"The younger brother, or, The amorous jilt a comedy : acted at the Theatre Royal by His Majesty's servants / written by the late ingenious Mrs. A. Behn ; with some account of her life.","","Behn, Aphra, 1640-1689.; Gildon, Charles, 1665-1724.",1696,1696.,"Printed for J. Harris ... and sold by R. Baldwin ...,","London :Printed for J. Harris ... and sold by R. Baldwin ...,1696.",London :,"""Epistle dedicatory"" and ""An account of the life of the imcomparable Mrs. Behn"" signed: Ch. Gildon.; Reproduction of original in British Library.",R4166,"",B1778,12311495,"","","The younger brother: or, The amorous jilt.","The younger brother: or, The amorous jilt"
A27373,EEBO-TCP Phase 1,A27373.P4.xml,"The mock-duellist, or, The French vallet a comedy acted at the Theatre Royal by His Majesties servants / written by P.B., Gent.","","Belon, P. (Peter)",1675,1675.,"Printed by J.C. for William Crooke ...,","London :Printed by J.C. for William Crooke ...,1675.",London :,"In verse.; Attributed to P. Belon. Cf. BM.; ""Licensed May 27, 1675. Roger L'Estrange""; Reproduction of original in Huntington Library.",R22744,"",B1854,12744559,"","","The mock-duellist, or, The French vallet.","The mock-duellist, or, The French vallet"
A27551,EEBO-TCP Phase 1,A27551.P4.xml,"The revenge, or, A match in Newgate a comedy, as it was acted at the Dukes Theatre.","","Betterton, Thomas, 1635?-1710.; Marston, John, 1575?-1634.",1680,1680.,"Printed for W. Cademan ...,","London :Printed for W. Cademan ...,1680.",London :,Attributed to Thomas Betterton. Cf. NUC pre-1956.; Adaptation either of: The malcontent or The Dutch courtesan / J. Marston. Cf. DNB; Halliwell.; Reproduction of original in British Library.,R10849,"",B2084,11683272,"","","The revenge: or, A match in Newgate.","The revenge: or, A match in Newgate"
A28808,EEBO-TCP Phase 1,A28808.P4.xml,"Marcelia, or, The treacherous friend a tragicomedy : as it is acted at the Theatre-Royal by His Majesties servants / written by Mrs. F. Boothby.","","Boothby, F. (Frances), fl. 1670.",1670,1670.,"Printed for Will. Cademan ... and Giles Widdowes ...,","London :Printed for Will. Cademan ... and Giles Widdowes ...,1670.",London :,"""Licenc'd, October 9, 1669, Roger L'Estrange""; Reproduction of original in British Library.",R19454,"",B3742,12258589,"","",Marcelia: or The treacherous friend.,Marcelia: or The treacherous friend
A28902,EEBO-TCP Phase 1,A28902.P4.xml,"The contented cuckhold, or, The womans advocate a comedy.","","Bourne, Reuben, fl. 1692.",1692,1692.,"Printed and sold by Randal Taylor ...,","London :Printed and sold by Randal Taylor ...,1692.",London :,The epistle dedicatory signed : Reuben Bourne.; Reproduction of original in Huntington Library.,R15736,"",B3858,13146953,"","","The contented cuckold, or The womans advocate:","The contented cuckold, or The womans advocate"
A29152,EEBO-TCP Phase 1,A29152.P4.xml,"The rape, or, The innocent impostors a tragedy acted at the Theatre-Royal by Their Majesties servants.","","Brady, Nicholas, 1659-1726.",1692,1692.,"Printed for F. Saunders ...,","London :Printed for F. Saunders ...,1692.",London :,"Attributed to Nicholas Brady. Cf. Nicoll, A. Hist. of Engl. drama, 1660-1900, 1961, v. 1, p. 394.; Reproduction of original in Huntington Library.",R19594,"",B4170,12258652,"","","The rape: or, The innocent impostors,","The rape: or, The innocent impostors"
A29177,EEBO-TCP Phase 2,A29177.P4.xml,"The bragadocio, or, The bawd turn'd Puritan a new comedy / by a person of quality.","",Person of quality.,1691,1691.,"Printed for Richard Baldwin,","London :Printed for Richard Baldwin,1691.",London :,"""Licens'd, J.F.""; Reproduction of original in the Harvard University Library.",R28530,"",B4198,10624143,"","","The bragadocio; or, The bawd turn'd Puritan:","The bragadocio; or, The bawd turn'd Puritan"
A29360,EEBO-TCP Phase 1,A29360.P4.xml,The spightful sister a new comedy / written by Abraham Bailey.,"","Bailey, Abraham, fl. 1667.",1667,1667.,"Printed for Thomas Dring the Younger,","London :Printed for Thomas Dring the Younger,1667.",London :,"""Licensed April 10, 1667, Roger L'Estrange""; Reproduction of original in the British Library.",R25906,"",B444,9288164,"","",The spightful sister.,The spightful sister
A29556,EEBO-TCP Phase 1,A29556.P4.xml,"Elvira, or, The worst not always true a comedy / written by a person of quality.","","Bristol, George Digby, Earl of, 1612-1677.",1667,1667.,"Printed by E. Cotes for Henry Brome,","London :Printed by E. Cotes for Henry Brome,1667.",London :,"Published anonymously, without dedication or preface.; Written by Lord Digby. cf. Nicoll, A. A hist. of Eng. drama, 1660-1900, 1961: v. 1, p. 402-3.; Reproduction of originals in the Newberry Library and the Huntington Library.",R232462,"",B4764,12924818,"","","Elvira: or, The vvorst not alvvays true.","Elvira: or, The vvorst not alvvays true"
A29636,EEBO-TCP Phase 1,A29636.P4.xml,"The debauchee, or, The credulous cuckold a comedy acted at His Highness the Duke of York's Theatre.","","Behn, Aphra, 1640-1689.; Brome, Richard, d. 1652? Madd couple well matcht.",1677,1677.,"Printed for John Amery,","London :Printed for John Amery,1677.",London :,"Reproduction of original in Huntington Library.; An anonymous alteration of ""A madd couple well matcht.""  Not included in Summer's edition of Mrs. Behn's Works, 1915, though the editor thinks ""it is no doubt from her pen,"" and that ""all the best critics with one accord ascribe it to her."" cf. v. 1, p.xxxvi.",R6961,"",B4869,11625574,"","","The debauchee: or, The credulous cuckold,","The debauchee: or, The credulous cuckold"
A29637,EEBO-TCP Phase 1,A29637.P4.xml,"A joviall crew, or, The merry beggars presented in a comedie at Drury-Lane, in the yeer 1641 / written by Richard Brome.","","Brome, Richard, d. 1652?",1652,1652.,"Printed by J.Y. for E.D. and N.E.,","London :Printed by J.Y. for E.D. and N.E.,1652.",London :,"""Last play acted before Parliament closed the theatres in 1642.""  Cf. NUC pre-1956.; One of the commendatory poems prefixed, signed: Jo. Tatham, contains a reference to Shakespeare.; Reproduction of original in Huntington Library.",R6854,"",B4873,11617543,"","","A joviall crew: or, The merry beggars.","A joviall crew: or, The merry beggars"
A29785,EEBO-TCP Phase 1,A29785.P4.xml,"Physick lies a bleeding, or, The apothecary turned doctor a comedy, acted every day in most apothecaries shops in London : and more especially to be seen by those who are willing to be cheated, the first of April, every year : absolutely necessary for all persons that are sick, or may be sick / by Tho. Brown.","","Brown, Thomas, 1663-1704.",1697,1697.,"Printed for E. Whitlock ...,","London :Printed for E. Whitlock ...,1697.",London :,Reproduction of original in the Huntington Library.,R36385,"",B5068,15685297,"","","Physick lies a bleeding, or The apothecary turned doctor.","Physick lies a bleeding, or The apothecary turned doctor"
A29987,EEBO-TCP Phase 1,A29987.P4.xml,The rehearsal,"","Buckingham, George Villiers, Duke of, 1628-1687.",1672,1672.,"Printed for Thomas Dring ...,","London :Printed for Thomas Dring ...,1672.",London :,"Written by the Duke of Buckingham.  Cf. DNB.; An attack on Dryden and other contemporary dramatists.; ""As it was acted at the Theatre-Royal.""; Reproduction of original in the Huntington Library.",R3290,"",B5323,13672700,"","","The rehearsal,",The rehearsal
A30312,EEBO-TCP Phase 1,A30312.P4.xml,"The reform'd wife a comedy, as it is acted at the Theatre-Royal in Drury Lane.","","Burnaby, William, 1672 or 3-1706.",1700,1700.,"Printed for Thomas Bennet,","London :Printed for Thomas Bennet,1700.",London :,"Formerly ascribed to Charles Burnaby; for discussion of authorship cf. William Burnaby, Dramatic works, edited by F.E. Budd, 1931.; Reproduction of original in Huntinton Library.",R7058,"",B5745,11626094,"","",The reform'd wife.,The reform'd wife
A30788,EEBO-TCP Phase 1,A30788.P4.xml,"King Edward the Third, with the fall of Mortimer, Earl of March an historicall play, as it is acted at the Theatre-Royall by Their Majesties servants.","","Bancroft, John, d. 1696.; Mountfort, William, 1664?-1692.",1691,1691.,"Printed for J. Hindmarsh ... R. Bently ... A. Roper ... and Randall Taylor ...,","London :Printed for J. Hindmarsh ... R. Bently ... A. Roper ... and Randall Taylor ...,1691.",London :,"The dedication is signed Will. Mountfort, and states that the play was a present to him. It was included in ""Six plays written by Mr. Mountfort,"" 1720, the editor stating that though ""not wholly composed by him, he had at least a share in fitting it for the stage."" Coxeter states that it was written by John Bancroft and given by him to Mountfort. Cf. DNB; BM (new ed.), and Nicoll, A. History of restoration drama, 1940, p. 158.; Published in 1731 under title: The fall of Mortimer. Reviv'd from Mountfort, with alterations.; Errata: p. 56.; Reproduction of original in Huntington Library.",R8063,"",B635,11902890,"","","King Edward the Third, with the fall of Mortimer Earl of March.","King Edward the Third, with the fall of Mortimer Earl of March"
A30789,EEBO-TCP Phase 1,A30789.P4.xml,"The tragedy of Sertorius acted at the Theatre-Royal by Their Majesties servants / by John Bancroft, Gent.","","Bancroft, John, d. 1696.",1679,1679.,"Printed for R. Bentley and M. Magnes ...,","London :Printed for R. Bentley and M. Magnes ...,1679.",London :,"""Licensed March 10, 1679. Roger L'Estrange""; Errata: p. [5].; Reproduction of original in Huntington Library.",R12104,"",B636,11910849,"","",The tragedy of Sertorius.,The tragedy of Sertorius
A30830,EEBO-TCP Phase 2,A30830.P4.xml,"The Banish'd duke, or, The tragedy of Infortunatus acted at the Theatre Royal.","","",1690,1690.,"Printed for R. Baldwin ...,","London :Printed for R. Baldwin ...,1690.",London :,"""Licensed and entred according to order""; Reproduction of original in Yale University Library.",R16784,"",B645,12256081,"","","The banish'd duke: or, The tragedy of Infortunatus.","The banish'd duke: or, The tragedy of Infortunatus"
A30838,EEBO-TCP Phase 1,A30838.P4.xml,"Cyrus the Great, or, The tragedy of love as it is acted at the theatre in Little-Lincoln's-Inn-Fields, by His Majesty's servants / written by John Banks.","","Banks, John, d. 1706.",1696,1696.,"Printed for Richard Bentley ...,","London :Printed for Richard Bentley ...,1696.",London :,"Verso of last leaf contains lists of plays written by Mr. Banks, by Mr. Lee, and by Mr. Otway.; First ed.; Reproduction of original in British Library.",R17203,"",B656,12010704,"","","Cyrus the Great: or, The tragedy of love.","Cyrus the Great: or, The tragedy of love"
A30839,EEBO-TCP Phase 1,A30839.P4.xml,"The destruction of Troy a tragedy, acted at His Royal Highness, the Duke's Theatre / written by John Bankes.","","Banks, John, d. 1706.",1679,1679.,"Printed by A.G. and J.P. and are to be sold by Charles Blount ...,","London :Printed by A.G. and J.P. and are to be sold by Charles Blount ...,1679.",London :,"""Licensed January 29, 1679. Roger L'Estrange""; Errata: p. 75.; Reproduction of original in British Library.",R12049,"",B657,11910780,"","","The destruction of Troy,",The destruction of Troy
A30840,EEBO-TCP Phase 1,A30840.P4.xml,"The innocent usurper, or, The death of the Lady Jane Gray a tragedy / written by J.B.","","Banks, John, d. 1706.",1694,1694.,"Printed for R. Bentley ...,","London :Printed for R. Bentley ...,1694.",London :,Dedication signed: J. Banks.; Reproduction of original in British Library.,R11051,"",B658,11908647,"","","The innocent usurper; or, The death of the Lady Jane Gray.","The innocent usurper; or, The death of the Lady Jane Gray"
A30841,EEBO-TCP Phase 1,A30841.P4.xml,"The island queens, or, The death of Mary, Queen of Scotland a tragedy : publish'd only in defence of the author and the play, against some mistaken censures, occasion'd by its being prohibited the stage / by Jo. Banks.","","Banks, John, d. 1706.",1684,1684.,"Printed for R. Bentley ...,","London :Printed for R. Bentley ...,1684.",London :,"Imperfect? Epilogue by Joseph Haines, wanting? Cf. Genest, p. 423; DNB; Dobell's ""Literature of the restoration"" gives 8 prelim. pages.; Produced in 1704 under title: The Albion queens.; Reproduction of original in British Library.",R11000,"",B659,11908613,"","","The island queens: or, The death of Mary, Queen of Scotland.","The island queens: or, The death of Mary, Queen of Scotland"
A30845,EEBO-TCP Phase 1,A30845.P4.xml,"The rival kings, or, The loves of Oroondates and Statira a tragædy, acted at the Theatre-Royal / written by Mr. Bankes.","","Banks, John, d. 1706.",1677,1677.,"Printed for L.C. ...,","London :Printed for L.C. ...,1677.",London :,Reproduction of original in Huntington Library.; Errata: p. [10],R2618,"",B662A,12266343,"","",The rival kings: or The loves of Oroondates and Statira.,The rival kings: or The loves of Oroondates and Statira
A30847,EEBO-TCP Phase 1,A30847.P4.xml,"The unhappy favourite, or, The Earl of Essex a tragedy : acted at the Theatre Royal by Their Majesty's servants / written by John Bankes.","","Banks, John, d. 1706.; Dryden, John, 1631-1700.",1682,1682.,"Printed for Richard Bentley and Mary Magnes ...,","London :Printed for Richard Bentley and Mary Magnes ...,1682.",London :,"Prologues by Major Mohun, John Dryden and the author. Epilogue also by Dryden.; Later editions appeared under title: The Earl of Essex, or, The unhappy favourite.; Advertisement: p. [3] at end.; Reproduction of original in British Library.",R10948,"",B663,11908573,"","",The unhappy favourite: or The Earl of Essex.,The unhappy favourite: or The Earl of Essex
A30851,EEBO-TCP Phase 1,A30851.P4.xml,"Vertue betray'd, or, Anna Bullen a tragedy : acted at His Royal Highness, the Duke's Theatre / written by John Banks.","","Banks, John, d. 1706.",1682,1682.,"Printed for R. Bentley and M. Magnes ...,","London :Printed for R. Bentley and M. Magnes ...,1682.",London :,"Also published under title: Anna Bullen, or, Vertue betray'd.; Reproduction of original in British Library.",R12105,"",B667,11910904,"","","Vertue betray'd: or, Anna Bullen.","Vertue betray'd: or, Anna Bullen"
A31469,EEBO-TCP Phase 1,A31469.P4.xml,"The perjur'd husband, or, The adventures of Venice a tragedy : as 'twas acted at the Theatre-Royal in Drury-Lane, by His Majesty's servants / written by S. Carroll.","","Centlivre, Susanna, 1667?-1723.",1700,1700.,"Printed for Bennet Banbury ...,","London :Printed for Bennet Banbury ...,1700.",London :,Dedication signed: Susanna Carroll.; Reproduction of original in Huntington Library.,R17979,"",C1671,13165290,"","","The perjur'd husband: or, The adventures of Venice.","The perjur'd husband: or, The adventures of Venice"
A31614,EEBO-TCP Phase 1,A31614.P4.xml,"Wits led by the nose, or, A poets revenge a tragi-comedy, as it is acted at the Theatre Royal.","","Chamberlayne, William, 1619-1689.",1678,1678.,"Printed for William Crook ...,","London :Printed for William Crook ...,1678.",London :,"Alteration of the author's ""Love's victory"", first published London, 1658.; Reproduction of original in Huntington Library.",R8257,"",C1867,13245085,"","","Wits led by the nose; or, A poet's revenge:","Wits led by the nose; or, A poet's revenge"
A31672,EEBO-TCP Phase 1,A31672.P4.xml,Revenge for honour a tragedie / by George Chapman.,"","Chapman, George, 1559?-1634.; Glapthorne, Henry. Paraside. 1654.",1654,1654.,"[s.n.],","London :[s.n.],1654.",London :,"The ascription to Chapman is not generally accepted. Has been identified with ""The paraside, or, Revenge for honour"", a play registered 1653 as the work of Henry Glapthorne. Cf. Parrott, T.M., ed. Plays and poems of George Chapman, the tragedies, p. 713-720; Thomas, D.L. Modern philology, Apr. 1908, p. 617-636; Cambridge hist. of Engl. lit., v. 6.; Reproduction of original in British Library.",R21807,"",C1948,12260930,"","",Revenge for honour.,Revenge for honour
A33143,EEBO-TCP Phase 1,A33143.P4.xml,"Loves last shift, or, The fool in fashion a comedy : as it is acted at the Theatre Royal by His Majestys servants / written by C. Cibber.","","Cibber, Colley, 1671-1757.",1696,1696.,"Printed for H. Rhodes ... R. Parker ... S. Briscoe ...,","London :Printed for H. Rhodes ... R. Parker ... S. Briscoe ...,1696.",London :,"Armorial bookplate ""Academiæ Cantabrigiensis Liber"": T.p. verso.; Error in paging: p. 51-64 omitted in numbering.; Reproduction of original in the Cambridge University Library.",R33294,"",C4281,13119622,"","","Love's last shift; or, The fool in fashion.","Love's last shift; or, The fool in fashion"
A33146,EEBO-TCP Phase 1,A33146.P4.xml,"Xerxes, a tragedy as it is acted at the new theatre in Little Lincoln's-Inn Fields / written by C. Cibber ...","","Cibber, Colley, 1671-1757.",1699,1699.,"Printed, and are to be sold by John Nutt ...,","London :Printed, and are to be sold by John Nutt ...,1699.",London :,Reproduction of original in Huntington Library.,R18221,"",C4285,12395561,"","","Xerxes,",Xerxes
A33540,EEBO-TCP Phase 1,A33540.P4.xml,"Agnes de Castro a tragedy, as it is acted at the Theatre Royal by His Majesty's servants / written by a young lady.","","Trotter, Catharine, 1679-1749.; Behn, Aphra, 1640-1689. Agnes de Castro.",1696,1696.,"Printed for H. Rhodes ... R. Parker ... S. Briscoe ...,","London :Printed for H. Rhodes ... R. Parker ... S. Briscoe ...,1696.",London :,"Founded on Mrs. Behn's novel of the same name, which was based on S.B. de Brillac's Agnès de Castro.; Imperfect: top margin closely trimmed, and most page numbers cut away.; Advertisement on t.p.; Reproduction of original in Library of Congress.",R13402,"",C4801,12001587,"","","Agnes de Castro,",Agnes de Castro
A33541,EEBO-TCP Phase 1,A33541.P4.xml,"Fatal friendship a tragedy, as it is acted at the New-Theatre in Little-Lincolns-Inn-Fields.","","Trotter, Catharine, 1679-1749.",1698,1698.,"Printed for Francis Saunders,","London :Printed for Francis Saunders,1698.",London :,Dedication signed: Catherine Trotter.; Reproduction of original in Huntington Library.,R18738,"",C4802,11751067,"","",Fatal friendship.,Fatal friendship
A33613,EEBO-TCP Phase 1,A33613.P4.xml,"A duke and no duke as it is acted by Their Majesties servants : to which is now added, a preface concerning farce : with an account of the personæ and larvæ, &c. of the ancient theatre / by N. Tate ...","","Tate, Nahum, 1652-1715.; Lady.; Person of quality.; Etherege, George, Sir, 1635?-1691.; Cokain, Aston, Sir, 1608-1684. Trappolin creduto principe.; Draghi, Giovanni Battista, ca. 1640-1708. Tell me no more I am deceiv'd.; King, Robert, fl. 1676-1728. Ah, poor Olinda.; Draghi, Giovanni Battista, ca. 1640-1708. Who can resist my Celia's charms?",1693,1693.,"Printed for Henry Bonwicke ...,","London :Printed for Henry Bonwicke ...,1693.",London :,"Three songs at end: ""A song written by Sir George Etheridge, and set to music by Signior Baptist"", ""A song written by a lady, and set to music by Mr. King"", ""A song written by a person of quality, and set to music by Signior Baptist"".; An alteration of Cokayne's Trappolin creduto principe.; Reproduction of original in Huntington Library.",R32743,"",C4895B,13172526,"","",A duke and no duke.,A duke and no duke
A34249,EEBO-TCP Phase 1,A34249.P4.xml,"The famous tragedy of Osmond the great Turk, otherwise called the noble servant written by Lodowick Carlell, Gent.","","Carlell, Lodowick, 1602?-1675.",1657,1657.,"Printed for Humphrey Moseley ...,","London :Printed for Humphrey Moseley ...,1657.",London :,Reproduction of original in British Library.,R7498,"",C579,11976772,"","","The famous tragedy of Osmond the great Turk,",The famous tragedy of Osmond the great Turk
A34299,EEBO-TCP Phase 1,A34299.P4.xml,"The double-dealer a comedy, acted at the Theatre Royal by Their Majesties servants / written by Mr. Congreve.","","Congreve, William, 1670-1729.",1694,1694.,"Printed for Jacob Tonson ...,","London :Printed for Jacob Tonson ...,1694.",London :,Reproduction of original in Harvard University Libraries.,R19478,"",C5847,12220667,"","","The double-dealer,",The double-dealer
A34302,EEBO-TCP Phase 1,A34302.P4.xml,Love for love a comedy : acted at the Theatre in Little Lincolns-Inn Fields by His Majesty's servants / written by Mr. Congreve.,"","Congreve, William, 1670-1729.",1695,1695.,"Printed for Jacob Tonson ...,","London :Printed for Jacob Tonson ...,1695.",London :,Reproduction of original in Huntington Library.; One of two issues published in 1695.,R8699,"",C5851,12530241,"","",Love for love:,Love for love
A34306,EEBO-TCP Phase 1,A34306.P4.xml,The mourning bride a tragedy : as it is acted at the theatre in Lincoln's-Inn-Fields by His Majesty's servants / written by Mr. Congreve.,"","Congreve, William, 1670-1729.",1697,1697.,"Printed for Jacob Tonson ...,","London :Printed for Jacob Tonson ...,1697.",London :,Reproduction of original in Library of Congress.,R8328,"",C5856,12029288,"","","The mourning bride,",The mourning bride
A34315,EEBO-TCP Phase 1,A34315.P4.xml,"The old batchelour a comedy, as it is acted at the Theatre Royal, by Their Majesties servants / written by Mr. Congreve.","","Congreve, William, 1670-1729.",1693,1693.,"Printed for Peter Buck ...,","London :Printed for Peter Buck ...,1693.",London :,Commendatory poems by Thomas Southerne and others.; Reproduction of original in Huntington Library.,R1182,"",C5863,13172407,"","","The old batchelour,",The old batchelour
A34327,EEBO-TCP Phase 1,A34327.P4.xml,"The way of the world a comedy, as it is acted at the theatre in Lincoln's-Inn-Fields by His Majesty's servants / written by Mr. Congreve.","","Congreve, William, 1670-1729.",1700,1700.,"Printed for Jacob Tonson ...,","London :Printed for Jacob Tonson ...,1700.",London :,Reproduction of original in Library of Congress.; Imperfect: p. 89 and Epilogue (2 p. at end) wanting.,R8381,"",C5878,12029305,"","","The way of the world,",The way of the world
A34338,EEBO-TCP Phase 1,A34338.P4.xml,"The fortune-hunters, or, Two fools well met a comedy : as it is acted by His Majesty's servants / written by James Carlile, Gent.","","Carlile, James, d. 1691.",1689,1689.,"Printed for James Knapton ...,","London :Printed for James Knapton ...,1689.",London :,Advertisement: p. [3] at end.; Reproduction of original in Huntington Library.,R7421,"",C590,13099824,"","","The fortune-hunters: or, Two fools well met.","The fortune-hunters: or, Two fools well met"
A34368,EEBO-TCP Phase 2,A34368.P4.xml,"The constant nymph, or, The rambling shepheard a pastoral, as it is acted at the Duke's Theater / written by a person of quality.","","Person of quality.; Sidney, Philip, Sir, 1554-1586. Arcadia.",1678,1678.,"Printed for Langley Curtis ...,","London :Printed for Langley Curtis ...,1678.",London :,Errata: prelim. p. [8].; Based on Sidney's Arcadia.; Reproduction of original in Huntington Library.,R1079,"",C5946,13172388,"","","The constant nymph: or, The rambling shepheard.","The constant nymph: or, The rambling shepheard"
A34394,EEBO-TCP Phase 2,A34394.P4.xml,"The converts, or, The folly of priest-craft a comedy / by J.S.M.T. Soc.",Converts.,"",1690,1690.,"Printed for Richard Baldwin ...,","London :Printed for Richard Baldwin ...,1690.",London :,Advertisement: p. 64.; Some copies published under title: The folly of priestcraft.; Scene: St. James's or the Savoy.; Reproduction of original in Huntington Library.,R1078,"",C5987,13172382,"","",The converts; or The folly of priest-craft.,The converts; or The folly of priest-craft
A34410,EEBO-TCP Phase 1,A34410.P4.xml,"Love's triumph, or, The royal union a tragedy / written by Edward Cooke, Esq., and dedicated to Her Highness the Princess of Orange.","","Cooke, Edward, fl. 1678.; La Calprenède, Gaultier de Coste, seigneur de, d. 1663. Cassandre.",1678,1678.,"Printed by Thomas James, and are to be sold by him ... and William Leach ...,","London :Printed by Thomas James, and are to be sold by him ... and William Leach ...,1678.",London :,"Based on: Cassandre / Gaultier de Coste La Calprenède.; Reproduction of original in Huntington Library.; Celebrates the marriage of Princess Mary and William of Orange, 1677.",R5604,"",C6004,12636234,"","","Love's triumph, or, The royal union:","Love's triumph, or, The royal union"
A34526,EEBO-TCP Phase 1,A34526.P4.xml,A new play call'd The Pragmatical Jesuit new-leven'd a comedy / by Richard Carpenter.,Pragmatical Jesuit new-leven'd,"Carpenter, Richard, d. 1670?",1665,[1665?],"Printed for N. R. ...,","London :Printed for N. R. ...,[1665?]",London :,Reproduction of original in Huntington Library.,R10248,"",C624,13289903,"","",A new play call'd The Pragmatical Jesuit new-leven'd.,A new play call'd The Pragmatical Jesuit new-leven'd
A34564,EEBO-TCP Phase 1,A34564.P4.xml,"The generous enemies, or, The ridiculous lovers a comedy : as it is acted at the Theatre Royal by His Maiesties servants / by John Corye, Gent.","","Corye, John.; Quinault, Philippe, 1635-1688. Généreuse ingratitude.; Corneille, Thomas, 1625-1709. D. Bertran de Cigarral.",1672,1672.,"Printed by H. Lloyd for James Magnus ...,","London :Printed by H. Lloyd for James Magnus ...,1672.",London :,"Borrows chiefly from Quinault's La généreuse ingratitude, and Corneille's D. Bertran de Cigarral.; Reproduction of original in Newberry Library.",R8700,"",C6294,12530269,"","",The generous enemies or The ridiculous lovers.,The generous enemies or The ridiculous lovers
A34577,EEBO-TCP Phase 1,A34577.P4.xml,"Heraclius, Emperour of the East a tragedy / written in French by Monsieur de Corneille ; Englished by Lodowick Carlell, Esq.","Héraclius, empereur d'Orient. English","Corneille, Pierre, 1606-1684.; Carlell, Lodowick, 1602?-1675.",1664,1664.,"Printed for John Starkey ...,","London :Printed for John Starkey ...,1664.",London :,"In verse.; Advertisement: p. [1] at end.; Translation of Hèraclius, empereur d'Orient.; Reproduction of original in Huntington Library.",R1574,"",C6310,13172657,"","","Heraclius, Emperour of the East.","Heraclius, Emperour of the East"
A34578,EEBO-TCP Phase 1,A34578.P4.xml,"Horace, a French tragedy of Monsieur Corneille Englished by Charles Cotton, esq.",Horace. English,"Corneille, Pierre, 1606-1684.; Cotton, Charles, 1630-1687.",1671,1671.,"Printed for Henry Brome,","London :Printed for Henry Brome,1671.",London :,First edition of this translation.; Reproduction of original in Huntington Library.,R19415,"",C6312,11760724,"","","Horace, a French tragedy of Monsieur Corneille.","Horace, a French tragedy of Monsieur Corneille"
A34579,EEBO-TCP Phase 1,A34579.P4.xml,"Horatius, a Roman tragedie, by Sir William Lower.",Horace. English,"Corneille, Pierre, 1606-1684.; Lower, William, Sir, 1600?-1662.",1656,1656.,"Printed for G. Bedell and T. Collins,","London :Printed for G. Bedell and T. Collins,1656.",London :,A translation of Corneille's Horace.; In verse.; Reproduction of original in Huntington Library.,R19443,"",C6313,11760752,"","",Horatius: a Roman tragedie.,Horatius: a Roman tragedie
A34580,EEBO-TCP Phase 2,A34580.P4.xml,"The mistaken beauty, or, The lyar a comedy, acted by Their Majesties servants at the Royal Theatre.",Menteur. English,"Corneille, Pierre, 1606-1684.",1685,1685.,"Printed for Simon Neale ...,","London :Printed for Simon Neale ...,1685.",London :,"Reproduction of original in Bodleian Library.; Attributed to Pierre Corneille. cf. NUC pre-1956.; An anonymous translation of Corneille's ""Le menteur"".",R18809,"",C6314,12396346,"","","The mistaken beauty, or The lyar","The mistaken beauty, or The lyar"
A34588,EEBO-TCP Phase 1,A34588.P4.xml,"Amorous orontus, or, The love in fashion",Amour à la mode. English,"Corneille, Thomas, 1625-1709.; Bulteel, John, fl. 1683.",1665,1665],"Printed by G.M. for J. Playfere,","[London :Printed by G.M. for J. Playfere,1665]",[London :,"Reproduction of original in Bodleian Library.; Attributed to Thomas Corneille. cf. NUC pre-1956.; Caption title.; A translation by John Bulteel of Corneille's ""L'amour à la mode"". Originally published in 1665 under title: Amorous Orontus.",R18783,"",C6322,12396317,"","",Amorous orontus: or The love in fashion. A comedy.,Amorous orontus: or The love in fashion. A comedy
A34590,EEBO-TCP Phase 1,A34590.P4.xml,The Feign'd astrologer a comedie.,"","Calderón de la Barca, Pedro, 1600-1681. Astrologo fingido.; Corneille, Thomas, 1625-1709. Feint astrologue.",1668,1668.,"Printed for Thomas Thornycroft,","London :Printed for Thomas Thornycroft,1668.",London :,"Reproduction of original in Huntington Library.; Caption title : The astrologer.; As adaption by an unknown translator of Thomas Corneille's ""Le feint astrologue,"" which was founded on Calderon's ""El astrologo fingido.""",R15454,"",C6324,11721897,"","",The feign'd astrologer.,The feign'd astrologer
A34817,EEBO-TCP Phase 1,A34817.P4.xml,"Cutter of Coleman-Street a comedy : the scene London, in the year 1658 / written by Abraham Cowley.","","Cowley, Abraham, 1618-1667.",1663,1663.,"Printed for Henry Herringman ...,","London :Printed for Henry Herringman ...,1663.",London :,"The author's comedy, The guardian, rewritten by himself. cf. Pref.; Reproduction of original in Huntington Library.",R21561,"",C6669,12617900,"","",Cutter of Coleman-Street.,Cutter of Coleman-Street
A34823,EEBO-TCP Phase 1,A34823.P4.xml,"The guardian, a comedie acted before Prince Charls, His Highness at Trinity-Colledg in Cambridge, upon the twelfth of March, 1641 / written by Abraham Cowley.","","Cowley, Abraham, 1618-1667.",1650,1650.,"Printed for John Holden,","London :Printed for John Holden,1650.",London :,In two columns.; Altered by Cowley and published in 1663 under title: Cutter of Coleman Street.; Reproduction of original in Huntington Library.,R16344,"",C6673,11732818,"","",The guardian; a comedie.,The guardian; a comedie
A34947,EEBO-TCP Phase 1,A34947.P4.xml,"Courtship a-la-mode a comedy, as it is acted at the Theatre Royal in Drury Lane by His Majesty's servants / written by Mr. David Craufurd.","","Craufurd, David, 1665-1726.",1700,1700.,"Printed for J. Barnes ... and E. Rumbal ...,","London :Printed for J. Barnes ... and E. Rumbal ...,1700.",London :,Reproduction of original in British Library.,R21835,"",C6863,12226997,"","",Courtship a-la-mode:,Courtship a-la-mode
A34999,EEBO-TCP Phase 1,A34999.P4.xml,"The heroick-lover, or, The infanta of Spain by George Cartwright ...","","Cartwright, George, fl. 1661.",1661,1661.,"Printed by R.W. for John Symmes ...,","London :Printed by R.W. for John Symmes ...,1661.",London :,"Reproduction of original in Bodleian Library.; Dedicated to Charles II.; Caption title: ""Upon hells High-Commission Court set to judge the King; appended are a number of poems also addressed to Charles II or relating to the death of Charles I and the restoration"", p. 73-80.",R5678,"",C694,11964034,"","","The heroick-lover, or, The infanta of Spain. By George Cartwright, of Fullham, gent.","The heroick-lover, or, The infanta of Spain. By George Cartwright, of Fullham, gent"
A35268,EEBO-TCP Phase 2,A35268.P4.xml,"The ambitious statesman, or, The loyal favourite as it was acted at the Theatre Royal by His Majesties servants / written by Mr. Crowne.","","Crown, Mr. (John), 1640?-1712.",1679,1679.,"Printed for William Abington ...,","London :Printed for William Abington ...,1679.",London :,First ed. Cf. BM.; Reproduction of original in Yale University Library.,R22095,"",C7374,12123905,"","","The ambitious statesman, or The loyal favourite.","The ambitious statesman, or The loyal favourite"
A35270,EEBO-TCP Phase 1,A35270.P4.xml,"Caligula a tragedy, as it is acted at the Theatre Royal, by His Majesty's servants / written by Mr. Crowne.","","Crown, Mr. (John), 1640?-1712.",1698,1698.,"and sold by Percivil Gilborne ... and Bernard Lintott ...,","London :Printed by J. Orme, for R. Wellington ... :and sold by Percivil Gilborne ... and Bernard Lintott ...,1698.",London :,Reproduction of original in Huntington Library.,R13012,"",C7376,11696946,"","",Caligula.,Caligula
A35271,EEBO-TCP Phase 1,A35271.P4.xml,"Calisto, or, The chaste nimph, the late masque at court as it was frequently presented there, by several persons of great quality : with the prologue, and the songs betwixt the acts / all written by J. Crowne.","","Crown, Mr. (John), 1640?-1712.; Staggins, Nicholas, 1650?-1700.",1675,1675.,"Printed by Tho. Newcomb, for James Magnes and Richard Bentley ...","London :Printed by Tho. Newcomb, for James Magnes and Richard Bentley ...1675.",London :,Reproduction of original in Huntington Library.; Without the music by Nicholas Staggins.,R21034,"",C7377,12226161,"","","Calisto: or, The chaste nimph.","Calisto: or, The chaste nimph"
A35272,EEBO-TCP Phase 1,A35272.P4.xml,City politiques a comedy : as it is acted by His Majesties servants / written by Mr. Crown.,"","Crown, Mr. (John), 1640?-1712.",1683,1683.,"Printed for R. Bently ... and Joseph Hindmarsh ...,","London :Printed for R. Bently ... and Joseph Hindmarsh ...,1683.",London :,Reproduction of original in British Library.,R3346,"",C7378,11951753,"","",City politiques.,City politiques
A35275,EEBO-TCP Phase 1,A35275.P4.xml,"The countrey wit a comedy, acted at the Dukes Theatre / written by Mr. Crown.","","Crown, Mr. (John), 1640?-1712.; Molière, 1622-1673. Sicilien.",1675,1675.,"Printed by T.N. for James Magnes and Richard Bentley ...,","London :Printed by T.N. for James Magnes and Richard Bentley ...,1675.",London :,"Based on: Le Sicilien, ou, L'amour peintre / Molière.; Dedication signed: John Crown.; Reproduction of original in Yale University Library.; Pages 1-2 are mutilated. From beginning to p. 25 photographed from Library of Congress copy and inserted at the end.",R22693,"",C7380,12233910,"","",The countrey wit·,The countrey wit
A35279,EEBO-TCP Phase 1,A35279.P4.xml,Darius King of Persia a tragedy as it is acted by Their Majesties servants / written by Mr. Crowne.,"","Crown, Mr. (John), 1640?-1712.",1688,1688.,"Printed for R. Bentley ...,","London :Printed for R. Bentley ...,1688.",London :,Reproduction of original in Huntington Library.; Epistle Dedicatory signed: John Crown.,R13013,"",C7384,11696960,"","",Darius King of Persia.,Darius King of Persia
A35280,EEBO-TCP Phase 1,A35280.P4.xml,The destruction of Jerusalem by Titus Vespasian in two parts : as it is acted at the Theatre Royal / written by Mr. Crowne.,"","Crown, Mr. (John), 1640?-1712.",1677,1677.,"Printed for James Magnes and Richard Bentley ...,","London :Printed for James Magnes and Richard Bentley ...,1677.",London :,The second pt. has special t.p.; Reproduction of original in British Library.,R3041,"",C7385,12131385,"","",The destruction of Jerusalem by Titus Vespasian.,The destruction of Jerusalem by Titus Vespasian
A35284,EEBO-TCP Phase 1,A35284.P4.xml,"The history of Charles the Eighth of France, or, The invasion of Naples by the French as it is acted at His Highnesses the Duke of York's Theater / written by Mr. Crowne.","","Crown, Mr. (John), 1640?-1712.",1672,1672.,"Printed by T.R. and N.T. for Ambrose Isted ...,","London :Printed by T.R. and N.T. for Ambrose Isted ...,1672.",London :,In verse.; Reproduction of original in Yale University Library.,R3083,"",C7390,12131390,"","","The history of Charles the Eighth of France, or The invasion of Naples by the French.","The history of Charles the Eighth of France, or The invasion of Naples by the French"
A35287,EEBO-TCP Phase 1,A35287.P4.xml,"Juliana, or, The princess of Poland a tragicomedy, as it is acted at His Royal Highness the Duke of York's theatre / by J. Crown ...","","Crown, Mr. (John), 1640?-1712.",1671,1671.,"Printed for Will Cademan ... and Will Birch ...,","London :Printed for Will Cademan ... and Will Birch ...,1671.",London :,Reproduction of original in Huntington Library.; Epistle Dedicatory signed: John Crown.,R13299,"",C7393,11699722,"","",Juliana or The princess of Poland.,Juliana or The princess of Poland
A35289,EEBO-TCP Phase 1,A35289.P4.xml,"The misery of civil-war a tragedy, as it is acted at the Duke's theatre, by His Royal Highnesses servants / Mr. Crown.","","Crown, Mr. (John), 1640?-1712.; Shakespeare, William, 1564-1616. King Henry VI.",1680,1680.,"Printed for R. Bentley and M. Magnes ...,","London :Printed for R. Bentley and M. Magnes ...,1680.",London :,"Reproduction of original in Huntington Library.; Caption and running title: The miseries of civil-war.; Based on the second part of Shakespeare's King Henry the Sixth.; First edition. Reissued in 1681 with new title: Henry the Sixth, the second part, or, The misery of civil war.",R14018,"",C7395,11914919,"","",The misery of civil-war.,The misery of civil-war
A35296,EEBO-TCP Phase 1,A35296.P4.xml,"Regulus a tragedy, as it is acted by Their Majesties servants / written by Mr. Crown.","","Crown, Mr. (John), 1640?-1712.",1694,1694.,"Printed for James Knapton ...,","London :Printed for James Knapton ...,1694.",London :,Reproduction of original in Huntington Library.,R14219,"",C7402,12255312,"","",Regulus:,Regulus
A35297,EEBO-TCP Phase 1,A35297.P4.xml,"Sir Courtly Nice, or, It cannot be a comedy, as it is acted by His Majesties servants / written by Mr. Crown.","","Crown, Mr. (John), 1640?-1712.",1685,1685.,"Printed by H.H. Jun. for R. Bentley ... and Jos. Hindmarsh ...,","London :Printed by H.H. Jun. for R. Bentley ... and Jos. Hindmarsh ...,1685.",London :,"Reproduction of original in Huntington Library.; Founded on Moreto's play No puede ser, which is itself an imitation of Lope de Vega's Mayor imposible. cf. Camb. Hist. Eng. Lit.",R17366,"",C7404,12864948,"","","Sir Courtly Nice: or, It cannot be.","Sir Courtly Nice: or, It cannot be"
A35299,EEBO-TCP Phase 1,A35299.P4.xml,Thyestes a tragedy acted at the Theatre-Royal by Their Majesties servants / written by Mr. Crown.,"","Crown, Mr. (John), 1640?-1712.; Seneca, Lucius Annaeus, ca. 4 B.C.-65 A.D. Thyestes.",1681,1681.,"Printed for R. Bently and M. Magnes ...,","London :Printed for R. Bently and M. Magnes ...,1681.",London :,An adaptation of Seneca's tragedy.; Reproduction of original in British Library.,R7604,"",C7408,12325704,"","",Thyestes a tragedy·,Thyestes a tragedy
A35321,EEBO-TCP Phase 1,A35321.P4.xml,"The English princess, or, The death of Richard the III a tragedy written in the year 1666, and acted at His Highness the Duke of York's Theatre.","","Caryll, John, 1625-1711.",1667,1667.,"Printed for Thomas Dring, and are to be sold at his shop ...,","London, :Printed for Thomas Dring, and are to be sold at his shop ...,1667.","London, :","Written by John Caryll. Cf. BM.; On t.p.: ""Licensed, May 22, 1667. Roger L'Estrange.""; Reproduction of originals in: British Library, Trinty College (Dublin, Ireland) Library.",R170909,"",C744,12259197,"","","The English princess, or, The death of Richard III.","The English princess, or, The death of Richard III"
A35337,EEBO-TCP Phase 1,A35337.P4.xml,"Sir Salomon, or, The cautious coxcomb a comedy as it is acted at His Royal Highness the Duke of York's Theatre.","","Caryll, John, 1625-1711.; Molière, 1622-1673. Ecole des femmes.",1671,1671.,"Printed for H. Herringman ...,","London :Printed for H. Herringman ...,1671.",London :,Adaptation of: L'école des femmes / Molière.; Written by J. Caryll. Cf. Halkett & Laing (2nd ed.).; Reproduction of original in University of Michigan Libraries.,R11614,"",C746,12331601,"","","Sir Salomon; or, The cautious coxcomb:","Sir Salomon; or, The cautious coxcomb"
A35657,EEBO-TCP Phase 1,A35657.P4.xml,The sophy.,"","Denham, John, Sir, 1615-1669.",1642,1642.,"Printed by Richard Hearne for Thomas Walkley ...,","London :Printed by Richard Hearne for Thomas Walkley ...,1642.",London :,"Written by Sir John Denham. Cf. DNB.; ""As it was acted at the Private House in Black Friars by His Majesties servants.""; Reproduction of original in Cambridge University Library.",R15850,"",D1009,11725164,"","",The sophy.,The sophy
A35658,EEBO-TCP Phase 1,A35658.P4.xml,The poor-mans comfort a tragi-comedy : as it was divers times acted at the Cock-pit in Drury Lane with great applause / written by Robert Dauborne ...,"","Daborne, Robert, d. 1628.",1655,1655.,"Printed for Rob. Pollard ... and John Sweeting ...,","London :Printed for Rob. Pollard ... and John Sweeting ...,1655.",London :,Reproduction of original in Huntington Library.,R6223,"",D101,13222108,"","",The poor-mans comfort.,The poor-mans comfort
A35670,EEBO-TCP Phase 1,A35670.P4.xml,"Iphigenia a tragedy, acted at the theatre in Little-Lincolns-Inn-Fields / by Mr. Dennis.","","Dennis, John, 1657-1734.; Euripides. Iphigenia in Tauris.",1700,1700.,"Printed for Richard Parker ...,","London :Printed for Richard Parker ...,1700.",London :,Based on: Iphigenia in Tauris / Euripedes.; Reproduction of original in University of Michigan Library.,R20511,"",D1031,11773768,"","",Iphigenia.,Iphigenia
A35675,EEBO-TCP Phase 1,A35675.P4.xml,A plot and no plot a comedy as it is acted at the Theatre-Royal in Drury-Lane / written by Mr. Dennis.,"","Dennis, John, 1657-1734.",1697,[1697?],"Printed for R. Parker, P. Buck, and R. Wellington,","London :Printed for R. Parker, P. Buck, and R. Wellington,[1697?]",London :,Reproduction of original in the British Library.,R23855,"",D1038,7916107,"","","A plot, and no plot,","A plot, and no plot"
A35680,EEBO-TCP Phase 1,A35680.P4.xml,"Rinaldo and Armida a tragedy, as it is acted at the theatre in Little-Lincoln's-Inn-Fields / written by Mr. Dennis.","","Dennis, John, 1657-1734.; Tasso, Torquato, 1544-1595. Gerusalemme liberata.; Eccles, John, d. 1735.",1699,MCDXCIX [i.e. 1699],"Printed for Jacob Tonson ...,","London :Printed for Jacob Tonson ...,MCDXCIX [i.e. 1699]",London :,"Based on: La Gerusalemme liberata / Torquato Tasso. According to Genest, an opera rather than a tragedy.; Dedication signed: John Dennis.; Without the music (by John Eccles).; Reproduction of original in University of Michigan Library.",R20408,"",D1042,11771622,"","",Rinaldo and Armida: a tragedy:,Rinaldo and Armida: a tragedy
A36011,EEBO-TCP Phase 1,A36011.P4.xml,The lover's luck a comedy as it is acted at the theatre in Little Lincolns-Inn-Fields by His Majesty's servants / written by Mr. Dilke.,"","Dilke, Mr. (Thomas), d. ca. 1698.",1696,1696.,"Printed for Henry Playford and Benj. Tooke,","London :Printed for Henry Playford and Benj. Tooke,1696.",London :,Reproduction of original in the Harvard University Library.,R27300,"",D1476,9808093,"","",The lover's luck:,The lover's luck
A36012,EEBO-TCP Phase 1,A36012.P4.xml,"The pretenders, or, The town unmaskt a comedy acted at the theatre in Little Lincoln-Inn-Fields by His Majesty's servants / written by Mr. Dilke.","","Dilke, Mr. (Thomas), d. ca. 1698.",1698,1698.,"Printed for Peter Buck,","London :Printed for Peter Buck,1698.",London :,Dedication signed: Tho. Dilke.; Reproduction of original in Huntington Library.,R19384,"",D1478,11760679,"","","The pretenders: or, the town unmaskt,","The pretenders: or, the town unmaskt"
A36266,EEBO-TCP Phase 1,A36266.P4.xml,"The country-wake a comedy, as it is acted at the New Theatre in Little Lincoln's-Inn-Fields by His Majesty's servants / written by Mr. Tho. Dogget.","","Dogget, Thomas, d. 1721.",1696,1696.,"Sold by R. Wellington ..., R. Parker ...,","London :Printed for Sam. Briscoe ... ;Sold by R. Wellington ..., R. Parker ...,1696.",London :,"Advertisement: t.p. and p. 71-[1] at end.; Errors in paging.; Reduced to a ballad farce in 1768 and produced as ""Flora, or, Hob in the well.""; Reproduction of original in Huntington Library.",R5372,"",D1828,12986324,"","",The country-wake:,The country-wake
A36458,EEBO-TCP Phase 2,A36458.P4.xml,"The Roman generalls, or, The distressed ladies by J.D. of Grayes-Inn, Gent.","","J. D. (John Dover), 1644?-1725.",1667,1667.,"Printed for Samuel Herrick, and are to be sold at his shop ...,","London :Printed for Samuel Herrick, and are to be sold at his shop ...,1667.",London :,"Dedication signed: J. Dover.; ""Licensed Novemb. 7, 1667. Roger L'Estrange""; Reproduction of original in British Library.",R3213,"",D2053,12244797,"","","The Roman generalls: or The distressed ladies. By J.D. of Grayes-Inn, Gent. Licensed, Novemb. 7. 1667. Roger L'Estrange.","The Roman generalls: or The distressed ladies. By J.D. of Grayes-Inn, Gent. Licensed, Novemb. 7. 1667. Roger L'Estrange"
A36513,EEBO-TCP Phase 1,A36513.P4.xml,"The sham-lawyer, or, The lucky extravagant as it was damnably acted at the Theatre-Royal in Drury-Lane.","","Drake, James, 1667-1707.; Fletcher, John, 1579-1625. Wit without money.; Fletcher, John, 1579-1625. Spanish curate.",1697,1697.,"Printed for Abel Roper ...,","London :Printed for Abel Roper ...,1697.",London :,"Taken from Fletcher's ""Wit without money"" and Fletcher and Massinger's ""The Spanish curate.""; Attributed to James Drake. Cf. Halkett & Laing (2nd ed.).; Reproduction of original in Huntington Library.",R1411,"",D2125,12265087,"","",The sham-lawyer: or The lucky extravagant.,The sham-lawyer: or The lucky extravagant
A36588,EEBO-TCP Phase 1,A36588.P4.xml,Albion and Albanius an opera ... / written by Mr. Dryden.,"","Dryden, John, 1631-1700.; Grabu, Louis, d. 1694.",1685,1685.,"Printed for Jacob Tonson ...,","London :Printed for Jacob Tonson ...,1685.",London :,"Without the music by Louis Grabu. Cf. Grove, 5th ed.; A sequel entitled King Arthur appeared in 1691.; Advertisement: p. 30.; Imperfect: illegible in places.; Reproduction of original in Worcester College Library, Oxford.",R19757,"",D2224,12352439,"","",Albion and Albanius:,Albion and Albanius
A36592,EEBO-TCP Phase 1,A36592.P4.xml,"All for love, or, The world well lost a tragedy, as it is acted at the Theatre-Royal, and written in imitation of Shakespeare's stile / written by Mr. Dryden.","","Dryden, John, 1631-1700.; Shakespeare, William, 1564-1616. Antony and Cleopatra.",1692,1692.,"Printed for H. Herringman, and sold by R. Bently, J. Tonson, F. Saunders, and T. Bennet,","[London] In the Savoy :Printed for H. Herringman, and sold by R. Bently, J. Tonson, F. Saunders, and T. Bennet,1692.",[London] In the Savoy :,Based on Shakespeare's Anthony and Cleopatra.; Reproduction of original in Huntington Library.,R8598,"",D2230,12818242,"","","All for love: or, The world well lost.","All for love: or, The world well lost"
A36594,EEBO-TCP Phase 1,A36594.P4.xml,"Amboyna, a tragedy as it is acted at the Theatre-Royal / written by John Dryden.","","Dryden, John, 1631-1700.",1673,1673.,"Printed by T.N. for Henry Herringman,","London :Printed by T.N. for Henry Herringman,1673.",London :,Reproduction of original in Huntington Library.,R19156,"",D2232,11759620,"","",Amboyna: a tragedy.,Amboyna: a tragedy
A36595,EEBO-TCP Phase 1,A36595.P4.xml,"Amphitryon, or, The two Sosia's a comedy, as it is acted at the Theatre Royal / written by Mr. Dryden ; to which is added the musick of the songs, compos'd by Mr. Henry Purcel.","","Dryden, John, 1631-1700.; Plautus, Titus Maccius. Amphitruo.; Molière, 1622-1673. Amphitryon.; Purcell, Henry, 1659-1695. Amphitryon.",1691,1691.,"Printed for J. Tonson ... and M. Tonson ...,","London :Printed for J. Tonson ... and M. Tonson ...,1691.",London :,"The songs (13 p. at end) have special t.p. with title: The songs in Amphitryon, with the musick composed by Mr. Henry Purcell. London : Printed by J. Heptinstall for Jacob Tonson ..., 1690.; Based on Plautus and Molière.; First published in 1690 with subtitle: The two Socia's.; Reproduction of original in Huntington Library.",R3605,"",D2235; D2366_PARTIAL,12964192,"","","Amphitryon; or, the two Sosia's.","Amphitryon; or, the two Sosia's"
A36600,EEBO-TCP Phase 1,A36600.P4.xml,"The assignation, or, Love in a nunnery as it is acted, at the Theatre-Royal / written by John Dryden.","","Dryden, John, 1631-1700.",1673,1673.,"Printed by T.N. for Henry Herringman,","London :Printed by T.N. for Henry Herringman,1673.",London :,Reproduction of original in Huntington Library.,R19769,"",D2241,11765803,"","","The assignation: or, love in a nunnery.","The assignation: or, love in a nunnery"
A36602,EEBO-TCP Phase 1,A36602.P4.xml,"Aureng-Zebe, a tragedy acted at the Royal Theatre / written by John Dryden.","","Dryden, John, 1631-1700.",1676,1676.,"Printed by T.N. for Henry Herringman,","London :Printed by T.N. for Henry Herringman,1676.",London :,Reproduction of original in Huntington Library.,R19798,"",D2245,11765809,"","",Aureng-Zebe: a tragedy.,Aureng-Zebe: a tragedy
A36609,EEBO-TCP Phase 1,A36609.P4.xml,"Cleomenes, the Spartan heroe a tragedy, as it is acted at the Theatre Royal / written by Mr. Dryden ; to which is prefixt The life of Cleomenes.","","Dryden, John, 1631-1700.; Southerne, Thomas, 1660-1746.; Plutarch. Kleomenēs. English.; Creech, Thomas, 1659-1700.",1692,1692.,"Printed for Jacob Tonson,","London :Printed for Jacob Tonson,1692.",London :,"The life of Cleomenes was translated from Plutarch by Thomas Creech, and owing to Dryden's illness, the fifth act of the play was completed by Thomas Southerne.; Reproduction of original in Huntington Library.",R19821,"",D2254,11765821,"","","Cleomenes, the Spartan heroe.","Cleomenes, the Spartan heroe"
A36610,EEBO-TCP Phase 1,A36610.P4.xml,The conquest of Granada by the Spaniards in two parts : acted at the Theatre Royall / written by John Dryden ...,Conquest of Granada by the Spaniards,"Dryden, John, 1631-1700.",1672,1672.,"Printed by T.N. for Henry Herringman ...,","In the Savoy :Printed by T.N. for Henry Herringman ...,1672.",In the Savoy :,"Caption title: Almanzor and Almahide, or, The Conquest of Granada, the first part. The second part has special t.p.: Almanzor and Almahide, or, The conquest of Granada, the second part.; First ed. Cf. NUC pre-1956.; Reproduction of original in University of Chicago Library.; ""Of heroique playes, an essay"": prefixed; ""Defence of the epilogue, or, An essay on the dramatique poetry of the last age"": p. [160]-175.",R1594,"",D2256,12265150,"","",The conquest of Granada by the Spaniards:,The conquest of Granada by the Spaniards
A36616,EEBO-TCP Phase 1,A36616.P4.xml,The Duke of Guise a tragedy : acted by Their Majesties servants / written by Mr. Dryden and Mr. Lee.,"","Dryden, John, 1631-1700.; Lee, Nathaniel, 1653?-1692.",1683,1683.,"Printed by T.H. for R. Bentley ... and J. Tonson ...,","London :Printed by T.H. for R. Bentley ... and J. Tonson ...,1683.",London :,"Advertisement on p. 76.; Reproduction of original in British Library.; ""A song in the fifth act of The Duke of Guise"" (p. [1]-[4] at end) with words and musical notation.",R11658,"",D2264,12331610,"","",The Duke of Guise.,The Duke of Guise
A36622,EEBO-TCP Phase 1,A36622.P4.xml,"An evening's love, or, The mock-astrologer acted at the Theatre-Royal, by His Majesties servants / written by John Dryden.","","Dryden, John, 1631-1700.; Corneille, Thomas, 1625-1709. Feint astrologue.; Molière, 1622-1673. Dépit amoureux.; Calderón de la Barca, Pedro, 1600-1681. Astrologo fingido.",1671,1671.,"Printed by T.N. for Henry Herringman,","In the Savoy [London] :Printed by T.N. for Henry Herringman,1671.",In the Savoy [London] :,"Based on Molière's ""Le dépit amoureux"" and Corneille's ""Le feint astrologue"", which in turn was taken from ""El astrologo fingido"" of Calderon.; Reproduction of original in Huntington Library.",R20110,"",D2273,11768833,"","","An evening's love, or The mock-astrologer.","An evening's love, or The mock-astrologer"
A36631,EEBO-TCP Phase 1,A36631.P4.xml,"The Indian emperour, or, The conquest of Mexico by the Spaniards being the sequel of The Indian queen / by John Dryden.","","Dryden, John, 1631-1700.; Howard, Robert, Sir, 1626-1698. Indian queen.",1667,1667.,"Printed by J.M. for H. Herringman,","London :Printed by J.M. for H. Herringman,1667.",London :,Reproduction of original in Huntington Library.,R404,"",D2288,11778137,"","","The Indian emperour, or, The conquest of Mexico by the Spaniards.","The Indian emperour, or, The conquest of Mexico by the Spaniards"
A36641,EEBO-TCP Phase 1,A36641.P4.xml,"Love triumphant, or, Nature will prevail a tragi-comedy as it is acted at the Theatre-Royal by Their Majesties servants / written by Mr. Dryden.","","Dryden, John, 1631-1700.",1694,1694.,"Printed for Jacob Tonson,","London :Printed for Jacob Tonson,1694.",London :,Reproduction of original in Huntington Library.,R181,"",D2302,11774834,"","","Love triumphant; or, Nature will prevail·","Love triumphant; or, Nature will prevail"
A36644,EEBO-TCP Phase 1,A36644.P4.xml,"The Mall, or, The modish lovers a comedy : acted by His Majesties servants.","","Dryden, John, 1631-1700.; J. D. (John Dover), 1644?-1725.",1674,1674.,"Printed for William Cademan ...,","London :Printed for William Cademan ...,1674.",London :,"Dedication signed: J.D., hence the play has been ascribed to Dryden, but bears little resemblance to his work.; Also attributed to John Dover. Cf. MacDonald, H. John Dryden.; Reproduction of original in British Library.",R11613,"",D2305,12331555,"","",The mall: or The modish lovers.,The mall: or The modish lovers
A36645,EEBO-TCP Phase 1,A36645.P4.xml,"Marriage a-la-mode a comedy, as it is acted at the Theatre-Royal / written by John Dryden ...","","Dryden, John, 1631-1700.",1673,1673.,"Printed by T.N. for Henry Herringman and are to be sold at the Anchor ...,","London :Printed by T.N. for Henry Herringman and are to be sold at the Anchor ...,1673.",London :,Reproduction of original in Princeton University Library.,R3349,"",D2306,12131651,"","",Marriage a-la-mode.,Marriage a-la-mode
A36653,EEBO-TCP Phase 1,A36653.P4.xml,"The mistaken husband a comedie, as it is acted by His Majesties servants at the Theatre-Royall / by a person of quality.","","Dryden, John, 1631-1700.",1675,1675.,"Printed for J. Magnes and R. Bentley ...,","London :Printed for J. Magnes and R. Bentley ...,1675.",London :,Reproduction of original in Bodleian Library.,R18617,"",D2318,12396194,"","",The mistaken husband.,The mistaken husband
A36657,EEBO-TCP Phase 1,A36657.P4.xml,"Oedipus a tragedy, as it is acted at His Royal Highness, the Duke's Theatre / the authors, Mr. Dryden and Mr. Lee.","","Dryden, John, 1631-1700.; Sophocles. Oedipus Rex.; Lee, Nathaniel, 1653?-1692.",1679,1679.,"Printed for R. Bentley and M. Magnes ...,","London :Printed for R. Bentley and M. Magnes ...,1679.",London :,"""Licensed, Jan. 3, 1678/9. Roger L'Estrange""; Reproduction of original in Huntington Library.",R22022,"",D2322,12123795,"","",Oedipus:,Oedipus
A36681,EEBO-TCP Phase 1,A36681.P4.xml,"Secret-love, or, The maiden-queen as it is acted by His Majesties servants, at the Theater-Royal / written by John Dryden.","","Dryden, John, 1631-1700.",1668,1668.,"Printed for Henry Herringman,","London :Printed for Henry Herringman,1668.",London :,First edition.; Reproduction of original in Huntington Library.,R120,"",D2353,11774749,"","","Secret-love, or The maiden-queen:","Secret-love, or The maiden-queen"
A36685,EEBO-TCP Phase 1,A36685.P4.xml,"Sr Martin Mar-all, or, The feign'd innocence a comedy, as it was acted at His Highnesse the Duke of York's Theatre.","","Dryden, John, 1631-1700.; Molière, 1622-1673. Etourdi.; Newcastle, William Cavendish, Duke of, 1592-1676.; Quinault, Philippe, 1635-1688. Amant indiscret.",1668,1668.,"Printed for H. Herringman ...,","London :Printed for H. Herringman ...,1668.",London :,"Adapted by Dryden from the Duke of Newcastle's translation of Molière's ""L'étourdi"" and Quinault's ""L'amant indiscret"".; Differs from Wing D2360 (reel 688:5) only in the Epilogue, which here has a shorter text and is captioned: ""Epilogue"".; Reproduction of original in Duke University Library.",R7467,"",D2359,12814087,"","","Sr Martin Mar-all, or the feign'd innocence:","Sr Martin Mar-all, or the feign'd innocence"
A36692,EEBO-TCP Phase 1,A36692.P4.xml,"The Spanish fryar, or, The double discovery acted at the Duke's Theatre / written by John Dryden ...","","Dryden, John, 1631-1700.",1681,1681.,"Printed for Richard Tonson and Jacob Tonson ...,","London :Printed for Richard Tonson and Jacob Tonson ...,1681.",London :,Advertisement on p. 83.; Pages 60-83 photographed from Harvard University Libraries and inserted at end.; Reproduction of original in Newberry Library.,R11507,"",D2368,12331510,"","","The Spanish fryar or, the double discovery.","The Spanish fryar or, the double discovery"
A36695,EEBO-TCP Phase 1,A36695.P4.xml,"The state of innocence and fall of man an opera, written in heroique verse and dedicated to her Royal Highness, the Dutchess / by John Dryden ...","","Dryden, John, 1631-1700.; Milton, John, 1608-1674. Paradise lost.",1677,1677.,"Printed by T.N. for Henry Herringman ...,","London :Printed by T.N. for Henry Herringman ...,1677.",London :,"The music (composer not known) is not given.; ""The authors apology for heroique poetry; and poetique licence"": [12] p. preceding p. 1.; An adaptation of Milton's Paradise lost.",R4242,"",D2372,11742280,"","","The state of innocence, and fall of man:","The state of innocence, and fall of man"
A36704,EEBO-TCP Phase 1,A36704.P4.xml,"Troilus and Cressida, or, Truth found too late a tragedy, as it is acted at the Dukes Theatre : to which is prefix'd, a preface containing the grounds of criticism in tragedy / written by John Dryden ...","","Dryden, John, 1631-1700.; Shakespeare, William, 1564-1616. Troilus and Cressida.",1679,1679.,"Printed for Able Swall ..., and Jacob Tonson ...,","London :Printed for Able Swall ..., and Jacob Tonson ...,1679.",London :,"Advertisement: p. [2] at end.; Imperfect: verses to the author, signed R. Duke ([2] p. at end?) lacking in filmed copy.; An adaptation of Shakespeare's Troilus and Cressida, greatly altered.; Reproduction of original in Huntington Library.",R4152,"",D2389,12702896,"","","Troilus and Cressida, or, truth found too late.","Troilus and Cressida, or, truth found too late"
A36708,EEBO-TCP Phase 1,A36708.P4.xml,"Tyrannick love, or, The royal martyr a tragedy,  as it is acted by His Majesties servants, at the Theatre Royal / by John     Dryden ...","","Dryden, John, 1631-1700.",1670,1670.,"Printed for H. Herringman ...,","London :Printed for H. Herringman ...,1670.",London :,"First edition.; Reproduction of original in British Library, London.",R4038,"",D2393,12702859,"","","Tyrannick love, or The royal martyr.","Tyrannick love, or The royal martyr"
A36713,EEBO-TCP Phase 1,A36713.P4.xml,"The wild gallant a comedy : as it was acted at the Theater-Royal by His Majesties servants / written by John Dryden, esq.","","Dryden, John, 1631-1700.",1669,1669.,"Printed by Tho. Newcomb for H. Herringman ...,","[London] In the Savoy :Printed by Tho. Newcomb for H. Herringman ...,1669.",[London] In the Savoy :,Error in paging: p. 49-56 omitted.; Reproduction of original in the University of Illinois (Urbana-Champaign Campus). Library.,R31381,"",D2399,11955254,"","",The wild gallant:,The wild gallant
A36717,EEBO-TCP Phase 1,A36717.P4.xml,"The husband his own cuckold a comedy, as it is acted at the Theater in Little Lincolns-Inn-Fields, by His Majesty's servants / written by Mr. John Dryden ...","","Dryden, John, 1631-1700.; Congreve, William, 1670-1729.",1696,1696.,"Printed for J. Tonson ...,","London :Printed for J. Tonson ...,1696.",London :,"With a preface by John Dryden, and prologue by Congreve.; Reproduction of original in Huntington Library.",R3993,"",D2403,12702853,"","",The husband his own cuckold.,The husband his own cuckold
A36755,EEBO-TCP Phase 1,A36755.P4.xml,"The amorous old-vvoman: or, 'tis vvell if it take. A comedy. Acted by His Majesties servants. Written by a person of honour.","","Duffett, Thomas.",1674,MDCLXXIV. [1674],"Printed for Simon Neale at the three Pidgeons in Bedford-street in Covent-Garden,","London :Printed for Simon Neale at the three Pidgeons in Bedford-street in Covent-Garden,MDCLXXIV. [1674]",London :,By Thomas Duffett.; Reissued in 1684 as: The fond lady.; The final unpaginated leaf contains the epilogue.; Reproduction of the original in the Henry E. Huntington Library and Art Gallery.,R214579,"",D2443A,99826697,"","","The amorous old-vvoman: or, 'tis vvell if it take.","The amorous old-vvoman: or, 'tis vvell if it take"
A36756,EEBO-TCP Phase 1,A36756.P4.xml,Beauties triumph a masque / written by T. Duffett.,"","Duffett, Thomas.",1676,1676.,"[s.n.],","London :[s.n.],1676.",London :,"""Presented by the scholars of Mr. Jeffery Banister and Mr. James Hart at their new boarding-school for young ladies and gentlewomen, kept in that house which was formerly Sir Arthur Gorges at Chelsey""; Reproduction of originalsl in: Henry E. Huntington Library and Folger Shakespeare Library.",R4284,"",D2444,12269092,"","",Beauties triumph;,Beauties triumph
A36757,EEBO-TCP Phase 1,A36757.P4.xml,The empress of Morocco a farce : acted by His Majesties servants.,"","Duffett, Thomas.; Settle, Elkanah, 1648-1724. Empress of Morocco.; Shakespeare, William, 1564-1616. Macbeth.",1674,1674.,"Printed for Simon Neal ...,","London :Printed for Simon Neal ...,1674.",London :,"The Empress of Morocco is a burlesque of Settle's play of the same name, and the epilogue a travesty of the witches' scene in Macbeth.; Attributed to Thomas Duffet. Cf. Halkett & Laing (2nd ed.).; Reproduction of original in British Library.; ""Epilogue: being a new fancy after the old, and most surprising way of Macbeth"" (p. [27]-39) has special t.p.; Imperfect: film lacks port. of Griffin, the actor.",R11069,"",D2446,12331122,"","",The empress of Morocco.,The empress of Morocco
A36759,EEBO-TCP Phase 1,A36759.P4.xml,"The mock-tempest, or, The enchanted castle acted at the Theatre Royal / written by T. Duffett.","","Duffett, Thomas.; Shadwell, Thomas, 1642?-1692. Tempest.; Shakespeare, William, 1564-1616. Tempest.",1675,1675.,"Printed for William Cademan ...,","London :Printed for William Cademan ...,1675.",London :,"A burlesque of Shadwell's opera, The tempest, which was based on D'Avenant's and Dryden's adaptation of Shakespeare.; The 2nd impression. Cf. Montague Summers reprint in Shakespeare adaptations, 1922, p. xiii-xiv.; Reproduction of original in British Library.",R11449,"",D2448,12331348,"","",The mock-tempest: or The enchanted castle.,The mock-tempest: or The enchanted castle
A36762,EEBO-TCP Phase 1,A36762.P4.xml,Psyche debauch'd a comedy : as it was acted at the Theatre-Royal / by T.D.,"","Duffett, Thomas.",1678,1678.,"Printed for John Smith ...,","London :Printed for John Smith ...,1678.",London :,Attributed to Thomas Duffet. Cf. Halkett & Laing (2nd ed.).; Reproduction of original in British Library.,R11180,"",D2452,12331190,"","","Psyche debauch'd,",Psyche debauch'd
A36959,EEBO-TCP Phase 1,A36959.P4.xml,"The campaigners, or, The pleasant adventures at Brussels a comedy : with a familiar preface upon a late reformer of the stage : ending with a satyrical fable of the dog and the ottor / written by Mr. D'Urfey.","","D'Urfey, Thomas, 1653-1723.; Collier, Jeremy, 1650-1726. Short view of the immorality and profaneness of the English stage.",1698,1698.,"Printed for A. Baldwin ...,","London :Printed for A. Baldwin ...,1698.",London :,"The preface (p. 1-27) is an answer to Jeremy Collier's strictures in his ""View of immorality and profaneness of the English stage.""; Reproduction of original in Huntington Library.",R2651,"",D2705,11781959,"","","The campaigners: or, the pleasant adventures at Brussels.","The campaigners: or, the pleasant adventures at Brussels"
A36965,EEBO-TCP Phase 1,A36965.P4.xml,"The comical history of Don Quixote as it is acted at the Queens Theatre in Dorset-Garden, by Their Majesties servants / written by Mr. D'Urfey.",Don Quixote,"D'Urfey, Thomas, 1653-1723.; Cervantes Saavedra, Miguel de, 1547-1616. Don Quixote.; Purcell, Henry, 1659-1695. Don Quixote.",1694,1694-1696.,"Printed for Samuel Briscoe ...,","London :Printed for Samuel Briscoe ...,1694-1696.",London :,"Each part has special t.p.; pt. 2 has imprint: London : Printed for S. Briscoe and H. Neuman, 1694; pt. 3 has title: The comical history of Don Quixote ... with the marriage of Mary the Buxome ... 1696.; Without the music, by ""the most eminent masters of the age"", pt. 3 ""being the last piece set to musick by the late famous Mr. Purcell"". Cf. Sonneck, O.G.T. Librettos; Woodward & McManaway, 503-504.; Reproduction of original in Huntington Library.",R22730,"",D2712; D2713; D2714,12125088,"","","The comical history of Don Quixote,",The comical history of Don Quixote
A36966,EEBO-TCP Phase 1,A36966.P4.xml,"A common-wealth of women a play : as it is acted at the Theatre Royal, by Their Majesties servants / by Mr. D'Urfey.","","D'Urfey, Thomas, 1653-1723.; Fletcher, John, 1579-1625. Sea voyage.; Massinger, Philip, 1583-1640. Sea voyage.",1686,1686.,"Printed for R. Bentley ... and J. Hindmarsh ...,","London :Printed for R. Bentley ... and J. Hindmarsh ...,1686.",London :,"An alteration of ""The sea voyage"", a play ascribed to Fletcher and Massinger.; ""Licensed, Sept. 11, 1685, Roger L'Estrange""; Reproduction of original in Huntington Library.",R21998,"",D2715,12123714,"","",A common-wealth of vvomen·,A common-wealth of vvomen
A36973,EEBO-TCP Phase 1,A36973.P4.xml,The famous history of the rise and fall of Massaniello in two parts / written by Mr. Tho. D'Urfey.,"","D'Urfey, Thomas, 1653-1723.",1700,1700.,"Printed for John Nutt ...,","London :Printed for John Nutt ...,1700.",London :,"Reproduction of original in Huntington Library.; In verse.; Second part has special t.p.: The famous history and fall of Massainello, or, A fisherman a prince. 1699.; Based in part on the ""Rebellion of Naples"", 1649. cf. NUC pre-1956.; Pages 30-52 of part 1 from Bodleian Library copy spliced at end.",R3746,"",D2722,12413363,"","",The famous history of the rise and fall of Massaniello·,The famous history of the rise and fall of Massaniello
A36975,EEBO-TCP Phase 1,A36975.P4.xml,"A fond husband, or, The plotting sisters a comedy as it is acted at His Royal Highness the Duke's Theatre / written by Tho. Durfey.","","D'Urfey, Thomas, 1653-1723.",1677,1677.,"Printed by T.N. for James Magnes and Rich. Bentley,","London :Printed by T.N. for James Magnes and Rich. Bentley,1677.",London :,Reproduction of original in Huntington Library.,R761,"",D2724,11779716,"","","A fond husband: or, The plotting sisters.","A fond husband: or, The plotting sisters"
A36978,EEBO-TCP Phase 1,A36978.P4.xml,"The fool turn'd critick a comedy : as it was acted at the Theatre-Royall, by His Majesties servants / by T.D. ...","","D'Urfey, Thomas, 1653-1723.",1678,1678.,"Printed for James Magnes and Richard Bentley ...,","London :Printed for James Magnes and Richard Bentley ...,1678.",London :,"Reproduction of original in Huntington Library.; With music (melodies of the songs, unaccompanied).; Attributed to Thomas D'Urfey. cf. BM.",R2353,"",D2728,12266022,"","",The fool turn'd critick:,The fool turn'd critick
A36983,EEBO-TCP Phase 1,A36983.P4.xml,"The injured princess, or, The fatal vvager","","D'Urfey, Thomas, 1653-1723.; Shakespeare, William, 1564-1616. Cymbeline.",1682,1682.,"Printed for R. Bentley and M. Magnes ...,","London :Printed for R. Bentley and M. Magnes ...,1682.",London :,"A tragi-comedy.; Adaptation of: Cymbeline / William Shakespeare.; Caption and running title: The unequal match, or, The fatal wager.; Reproduction of original in Huntington Library.",R15988,"",D2735,13353568,"","","The injured princess, or The fatal vvager:","The injured princess, or The fatal vvager"
A36984,EEBO-TCP Phase 1,A36984.P4.xml,"The intrigues at Versailles, or, A jilt in all humours a comedy : acted by His Majesty's servants at the theatre in Lincolns-Inn-Fields / written by Mr. D'Urfey.","","D'Urfey, Thomas, 1653-1723.",1697,1697.,"Printed for F. Saunders ... P. Buck ... R. Parker ... and H. Newman ...,","London :Printed for F. Saunders ... P. Buck ... R. Parker ... and H. Newman ...,1697.",London :,Some pages are stained; p. 43 is cropped; p. 43 and 48 are stained; p. 58 is faded with loss of print in filmed copy. Pages 40-end photographed from Huntington Library copy and inserted at the end.; Reproduction of original in Cambridge University Library.,R14798,"",D2736,13142743,"","","The intrigues at Versailles: or, A jilt in all humours","The intrigues at Versailles: or, A jilt in all humours"
A36986,EEBO-TCP Phase 1,A36986.P4.xml,"Love for money, or, The boarding school a comedy as it is acted at the Theatre Royal / written by Mr. Durfey.","","D'Urfey, Thomas, 1653-1723.",1691,1691.,"Printed for J. Hindmarsh, Abel Roper and are to be sold by Randal Taylor,","London :Printed for J. Hindmarsh, Abel Roper and are to be sold by Randal Taylor,1691.",London :,Reproduction of original in the Harvard University Library.,R27313,"",D2740,9808389,"","","Love for money: or, The boarding school.","Love for money: or, The boarding school"
A36989,EEBO-TCP Phase 1,A36989.P4.xml,"Madam Fickle, or, The witty false one a comedy as it is acted at His Royal Highness the Duke's theatre / written by Tho. Durfey, Gent.","","D'Urfey, Thomas, 1653-1723.",1677,M.DC.LXXVII [1677],"Printed by T.N. for James Magnes and Rich. Bentley ...,","London :Printed by T.N. for James Magnes and Rich. Bentley ...,M.DC.LXXVII [1677]",London :,"""Licensed November 20, 1676. Roger L'Estrange.""; Imperfect: print show-through.; Reproduction of original in the Huntington Library.",R35668,"",D2743,15538130,"","",Madam Fickle: or the witty false one.,Madam Fickle: or the witty false one
A36994,EEBO-TCP Phase 1,A36994.P4.xml,The marriage-hater match'd a comedy acted at the Theatre Royal by Their Majesties servants / written by Tho. D'Urfey.,"","D'Urfey, Thomas, 1653-1723.",1692,1692.,"Printed for Richard Bentley ...,","London :Printed for Richard Bentley ...,1692.",London :,Reproduction of original in Bodleian Library.,R3836,"",D2749,12413487,"","",The marriage-hater match'd:,The marriage-hater match'd
A37000,EEBO-TCP Phase 1,A37000.P4.xml,"A new opera, call'd, Cinthia and Endimion: or, The loves of the deities. As it was designed to be acted at Court, before the late Queen; and now acted at the Theatre Royal, by His Majesty's servants. The second edition. Written by Mr. D'Vrfey.","","D'Urfey, Thomas, 1653-1723.",1697,1697.,"printed by W. Onley, for Sam. Briscoe, in Russel-street, Covent-garden; and R. Wellington, at the Lute in St.Paul's Church-yard,","London :printed by W. Onley, for Sam. Briscoe, in Russel-street, Covent-garden; and R. Wellington, at the Lute in St.Paul's Church-yard,1697.",London :,Advertisement at foot of title page for The Relapse and for Brutus of Alba.; In this edition the running title on leaf D2r reads: Cynthia and Endymion.; Without the music.; Reproduction of the original in the Henry E. Huntington Library and Art Gallery.,R213532,"",D2752A,99825892,"","","A new opera, call'd, Cinthia and Endimion: or, The loves of the deities.","A new opera, call'd, Cinthia and Endimion: or, The loves of the deities"
A37011,EEBO-TCP Phase 1,A37011.P4.xml,"The Richmond heiress, or, A woman once in the right a comedy acted at the Theatre Roayl [sic] by Their Majesties servants / written by Tho. D'Urfey.","","D'Urfey, Thomas, 1653-1723.",1693,1693.,"Printed for Samuel Briscoe,","London :Printed for Samuel Briscoe,1693.",London :,Imperfect: pages faded with slight loss of print. Pages 20-end of defective Harvard Library copy spliced at end.; Reproduction of original in the Huntington Library.,R224377,"",D2769,10693532,"","","The Richmond heiress: or, A woman once in the right.","The Richmond heiress: or, A woman once in the right"
A37013,EEBO-TCP Phase 1,A37013.P4.xml,"The royalist a comedy : as it is acted at the Duke's Theatre / by Thomas Durfey, Gent.","","D'Urfey, Thomas, 1653-1723.",1682,1682.,"Printed for Jos. Hindmarsh ...,","London :Printed for Jos. Hindmarsh ...,1682.",London :,Reproduction of original in Huntington Library.; Imperfect: some of the pages are mutilated; text supplied in manuscript.,R21987,"",D2770,12123693,"","",The royalist·,The royalist
A37017,EEBO-TCP Phase 1,A37017.P4.xml,"The siege of Memphis, or, The ambitious queen a  tragedy acted at the Theater-Royal / written by Tho. Durfey.","","D'Urfey, Thomas, 1653-1723.",1676,1676.,"Printed for W. Cademan,","London :Printed for W. Cademan,1676.",London :,Reproduction of original in Huntington Library.,R450,"",D2777,11778226,"","","The siege of Memphis, or the ambitious queen.","The siege of Memphis, or the ambitious queen"
A37023,EEBO-TCP Phase 1,A37023.P4.xml,"Squire Oldsapp, or, The night-adventurers a comedy, as it is acted at His Royal Highness the Duke's Theatre / written by Tho. Durfey, Gent.","","D'Urfey, Thomas, 1653-1723.",1679,1679.,"Printed for James Magnes and Richard Bentley ...,","London :Printed for James Magnes and Richard Bentley ...,1679.",London :,Advertisement: p. [1] at end.; Reproduction of original in Yale University Library.,R17642,"",D2786,12395231,"","","Squire Oldsapp: or, the night-adventurers.","Squire Oldsapp: or, the night-adventurers"
A37025,EEBO-TCP Phase 1,A37025.P4.xml,"Trick for trick, or, The debauch'd hypocrite a comedy, as it is acted at the Theatre-Royal by His Majestie's servants / written by Tho. Durfey.","","D'Urfey, Thomas, 1653-1723.; Fletcher, John, 1579-1625. Monsieur Thomas.",1678,1678.,"Printed for Langley Curtiss,","London :Printed for Langley Curtiss,1678.",London :,An alteration of John Fletcher's Monsieur Thomas.; Reproduction of original in Huntington Library.,R451,"",D2789,11778235,"","","Trick for trick: or, The debauch'd hypocrite.","Trick for trick: or, The debauch'd hypocrite"
A37026,EEBO-TCP Phase 1,A37026.P4.xml,"The virtuous wife, or, Good luck at last a comedy, as it is acted at the Dukes Theater by His Royal Highness his servants / written by Thomas Durfey, Gent.","","D'Urfey, Thomas, 1653-1723.",1680,1680.,"Printed by T.N. for R. Bentley and M. Magnes ...,","In the Savoy :Printed by T.N. for R. Bentley and M. Magnes ...,1680.",In the Savoy :,Advertisement: p. [7].; Reproduction of original in Yale University Library.,R17715,"",D2790,12395272,"","","The virtuous wife; or, Good luck at last.","The virtuous wife; or, Good luck at last"
A37158,EEBO-TCP Phase 1,A37158.P4.xml,Circe a tragedy as it is acted at His Royal Highness the Duke of York's Theatre / by Charles D'Avenant ...,"","Davenant, Charles, 1656-1714.",1677,1677.,"Printed for Richard Tonson ...,","London :Printed for Richard Tonson ...,1677.",London :,"In verse.; ""Licensed June 18, 1677. Roger L'Estrange""; Advertisement on p. [1] at end.; Reproduction of original in British Library.",R8025,"",D302,12326047,"","","Circe,",Circe
A37165,EEBO-TCP Phase 2,A37165.P4.xml,"The Coronation of Queen Elizabeth, with the restauration of the Protestant religion, or, The downfal of the Pope being a most excellent play, as it was acted both at Bartholomew and Southwark fairs, this present year, 1680, with great applause and approved of and highly commended by all the Protestant nobility, gentry and commonalty of England, who came to be spectators of the same.","",J. D.,1680,1680.,"Printed for Ben. Harris ...,","London :Printed for Ben. Harris ...,1680.",London :,"""To the Protestant reader"" signed: J.D.; Reproduction of original in Bodleian Library.",R22544,"",D31,12233549,"","","The coronation of Queen Elizabeth, with the restauration of the Protestant religion: or, The downfal of the Pope·","The coronation of Queen Elizabeth, with the restauration of the Protestant religion: or, The downfal of the Pope"
A37187,EEBO-TCP Phase 1,A37187.P4.xml,"The siege of Rhodes made a representation by the art of prospective in scenes, and the story sung in recitative musick. At the Cock-pit in Drury Lane.","","D'Avenant, William, Sir, 1606-1668.",1659,1659.,"printed by J.M. for Henry Herringman, and are to be sold at his shop, at the sign of the Anchor, in the Lower-walk in the New-Exchange,","London :printed by J.M. for Henry Herringman, and are to be sold at his shop, at the sign of the Anchor, in the Lower-walk in the New-Exchange,1659.",London :,"By Sir William D'Avenant.; In verse.; Identified as Wing D341A on reel 1439 of UMI microfilm ""Early English books, 1641-1700"".; Reproductions of the originals in the Dyce Collection, Victoria and Albert Museum (reel 1846) and in the Harvard University Library (reel 1439).",R29700,"",D341,99834865,"","",The siege of Rhodes,The siege of Rhodes
A37192,EEBO-TCP Phase 1,A37192.P4.xml,The vnfortvnate lovers a tragedie : as it was lately acted with great applause at the private house in Black-Fryers by His Majesties servants / the author William Davenant ...,"","D'Avenant, William, Sir, 1606-1668.",1643,1643.,"Printed by R.H. and are to be sold by Francis Coles ...,","London :Printed by R.H. and are to be sold by Francis Coles ...,1643.",London :,Pepys referred to this play as The ungrateful lovers.; First ed. Cf. NUC pre-1956.; Reproduction of original in Huntington Library.,R21264,"",D348,12259780,"","",The vnfortunate lovers:,The vnfortunate lovers
A37210,EEBO-TCP Phase 1,A37210.P4.xml,"The city-night-cap, or, Crede quod habes a tragi-comedy / by Robert Davenport ; as it was acted with great applause by Her Majesties servants at the Phoenix in Drury Lane.","","Davenport, Robert, fl. 1623.",1661,1661.,"Printed by Ja. Cottrel, for Samuel Speed ...,","London :Printed by Ja. Cottrel, for Samuel Speed ...,1661.",London :,Reproduction of original in Huntington Library.,R6448,"",D369,13222263,"","","The city-night-cap: or, Crede quod habes, & habes.","The city-night-cap: or, Crede quod habes, & habes"
A37724,EEBO-TCP Phase 1,A37724.P4.xml,"Noah's flood, or, The destruction of the world an opera / by Edward Ecclestone ...",Noah's flood. Libretto,"Ecclestone, Edward, fl. 1679.",1679,1679.,"Printed by M. Clark, and sold by B. Tooke ...,","London :Printed by M. Clark, and sold by B. Tooke ...,1679.",London :,"Libretto only.; Published also under titles:  The cataclysm, or, General deluge of the world and The deluge, or, The destruction of the world.; ""Dedicated to Her Grace the Duchess of Monmouth.""; Errata: p. [3].; Reproduction of original in Huntington Library.",R17281,"",E140,13371993,"","","Noah's flood, or, The destruction of the vvorld.","Noah's flood, or, The destruction of the vvorld"
A38689,EEBO-TCP Phase 1,A38689.P4.xml,"The comical revenge, or, Love in a tub acted at His Highness the Duke of York's Theatre in Lincolns-Inn-Fields.","","Etherege, George, Sir, 1635?-1691.",1664,1664.,"Printed for Henry Herringman, and are to be sold at his shop ...,","London :Printed for Henry Herringman, and are to be sold at his shop ...,1664.",London :,"Written by G. Etherege. Cf. BM.; ""Licensed, July 8, 1664, Roger L'Estrange""; Reproduction of original in British Library.",R21926,"",E3367,12123598,"","","The comical revenge; or, love in a tub.","The comical revenge; or, love in a tub"
A38694,EEBO-TCP Phase 1,A38694.P4.xml,"The man of mode, or, Sr. Fopling Flutter a comedy : acted at the Duke's Theatre / by George Etherege ...","","Etherege, George, Sir, 1635?-1691.; Dryden, John, 1631-1700.",1676,1676.,"Printed by J. Macock, for Henry Herringman...,","London :Printed by J. Macock, for Henry Herringman...,1676.",London :,"""Licensed, June 3, 1676. Roger L'Estrange.""; ""The epilogue by Mr. Dryden"": p. [1] at end.; Reproduction of original in the Huntington Library.",R38861,"",E3374,18181108,"","","The man of mode, or, Sr Fopling Flutter.","The man of mode, or, Sr Fopling Flutter"
A38697,EEBO-TCP Phase 1,A38697.P4.xml,"She wou'd if she cou'd a comedy, acted at His Highnesse the Duke of York's Theatre / written by George Etherege, Esq.","","Etherege, George, Sir, 1635?-1691.",1668,1668.,"Printed for H. Herringman ...,","London :Printed for H. Herringman ...,1668.",London :,Reproduction of original in Huntington Library.,R1834,"",E3378,12265272,"","","She wou'd if she cou'd,",She wou'd if she cou'd
A39384,EEBO-TCP Phase 1,A39384.P4.xml,Emilia,"","Aureli, Aurelio, d. 1708. Costanza di Rosamonda.",1672,1672.,"Printed for the author,","London :Printed for the author,1672.",London :,"A tragedy.; ""Plot ... from La Costanza di Rosamondo [i.e. Rosmonda], of Aurelio Aureli""--Author's note entitled ""To the onely few.""; Reproduction of original in Huntington Library.",R7780,"",E711,12990743,"","",Emilia.,Emilia
A39704,EEBO-TCP Phase 1,A39704.P4.xml,The damoiselles a la mode a comedy / compos'd and written by Richard Flecknoe.,"","Flecknoe, Richard, d. 1678?",1667,1667.,"Printed for the author,","London :Printed for the author,1667.",London :,"""Taken out of several excellent pieces of Moliere""--Pref.; Reproduction of original in Huntington Library.",R18249,"",F1211,12039558,"","",The damoiselles a la mode.,The damoiselles a la mode
A39712,EEBO-TCP Phase 1,A39712.P4.xml,"Erminia, or, The fair and vertuous lady a trage-comedy / written by Rich. Flecknoe.","","Flecknoe, Richard, d. 1678?",1661,1661.,"Printed for the author,","London :Printed for the author,1661.",London :,Reproduction of original in the British Library.,R25430,"",F1220,8951847,"","","Erminia· Or, The fair and vertuous lady.","Erminia· Or, The fair and vertuous lady"
A39719,EEBO-TCP Phase 1,A39719.P4.xml,"Love's kingdom a pastoral trage-comedy : not as it was acted at the theatre near Lincolns-Inn, but as it was written, and since corrected / by Richard Flecknoe ; with a short treatise of the English stage, &c. by the same author.","","Flecknoe, Richard, d. 1678?",1664,1664.,"Printed by R. Wood for the author,","London :Printed by R. Wood for the author,1664.",London :,"Reproduction of original in Huntington Library.; An alteration of the author's Love's dominion.; ""A short discourse of the English stage"": p. [4]-[14]",R14723,"",F1229,12207439,"","",Love's kingdom.,Love's kingdom
A39799,EEBO-TCP Phase 1,A39799.P4.xml,"The chances a comedy, as it was acted at the Theater Royal / corrected and altered by a person of honour.","","Fletcher, John, 1579-1625.; Cervantes Saavedra, Miguel de, 1547-1616. Señora Cornelia.; Buckingham, George Villiers, Duke of, 1628-1687.",1682,1682.,"Printed for A.B. and S.M. and sold by Langley Curtis ...,","London :Printed for A.B. and S.M. and sold by Langley Curtis ...,1682.",London :,"Fletcher's ""unaided composition"" with acts IV and V completely rewritten by George Buckingham. The plot is from ""La Señora Cornelia,"" one of Cervantes' Novelas exemplares. Cf. DNB.; Reproduction of original in Huntington Library.",R7458,"",F1338,12417485,"","","The chances,",The chances
A39804,EEBO-TCP Phase 1,A39804.P4.xml,"The humorous lieutenant, or, Generous enemies a comedy as it is now acted by His Majesties servants, at the Theatre-Royal in Drury-Lane.","","Fletcher, John, 1579-1625.; Beaumont, Francis, 1584-1616.",1697,1697.,"Printed for H.N., and sold by William Chandler, and Ralph Smith,","London :Printed for H.N., and sold by William Chandler, and Ralph Smith,1697.",London :,Sometimes attributed jointly to Francis Beaumont and John Fletcher.; Reproduction of original in the Huntington Library.,R24336,"",F1344,8141583,"","","The humorous lieutenant, or, Generous enemies,","The humorous lieutenant, or, Generous enemies"
A39805,EEBO-TCP Phase 1,A39805.P4.xml,"The island princess, or, The generous Portugal a comedy, as it is acted at the Theatre Royal by His Majesties servants.","","Fletcher, John, 1579-1625.",1669,1669.,"Printed for H.R. and A.M., and are to be sold by William Cademan and Robert Pask,","London :Printed for H.R. and A.M., and are to be sold by William Cademan and Robert Pask,1669.",London :,"""By Fletcher only""-Fleay, Biog. chron. Eng. drama. Cf. also Camb. hist. Eng. lit., v. 6, p. 157.; Reproduction of original in the Bodleian Library.",R24337,"",F1345,8141646,"","",The island princess: or the generous Portugal.,The island princess: or the generous Portugal
A39808,EEBO-TCP Phase 1,A39808.P4.xml,"The pilgrim a comedy as it is acted at the Theatre-Royal in Drury-Lane / written originally by Mr. Fletcher and now very much alter'd with several additions ; likewise a prologue, epilogue, dialogue and masque written by the late great poet Mr. Dryden just before his death, being the last of his works.","","Fletcher, John, 1579-1625.; Dryden, John, 1631-1700.; Vanbrugh, John, Sir, 1664-1726.",1700,1700.,"Printed for Benjamin Tooke,","London :Printed for Benjamin Tooke,1700.",London :,A prose adaptation by Sir John Vanbrugh.; Reproduction of original in the British Library.,R226220,"",F1349,11132549,"","","The pilgrim, a comedy:","The pilgrim, a comedy"
A39812,EEBO-TCP Phase 1,A39812.P4.xml,"Valentinian, a tragedy as 'tis alter'd by the Earl of Rochester, and acted at the Theatre-Royal : together with a preface concerning the author and his writings, by one of his friends.","","Fletcher, John, 1579-1625.; Rochester, John Wilmot, Earl of, 1647-1680.; Behn, Aphra, 1640-1689.",1685,1685.,"Printed for Timothy Goodwin,","London :Printed for Timothy Goodwin,1685.",London :,An alteration of Fletcher's play.; Imperfect: The Preface concerning the Earl of Rochester by Robert Wolseley is lacking on film.; Prologue spoken by Mrs. Cook ... written by Mrs. Behn.; Reproduction of original in Cambridge University Library.,R5338,"",F1354,11794104,"","",Valentinian: a tragedy.,Valentinian: a tragedy
A39857,EEBO-TCP Phase 2,A39857.P4.xml,"The folly of priest-craft a comedy : scene, St. James's or the Savoy.",Converts.,"",1690,1690.,"Printed for Richard Baldwin ...,","London :Printed for Richard Baldwin ...,1690.",London :,"Also published as: The converts, or, The folly of priest-craft.; Advertisements: p. 64.; Reproduction of original in Huntington Library.",R17898,"",F1403,13164869,"","",The folly of priest-craft.,The folly of priest-craft
A40043,EEBO-TCP Phase 2,A40043.P4.xml,"The revvards of vertue a comedie / by J.F., Gent.","",J. F. (John Fountain),1661,1661.,"Printed by Ja. Cottrel for Hen. Fletcher ...,","London :Printed by Ja. Cottrel for Hen. Fletcher ...,1661.",London :,In verse.; Attributed to John Fountain. Cf. Halkett & Laing (2nd ed.).; Reproduction of original in Huntington Library.,R18251,"",F1647,12110794,"","",The revvards of vertue.,The revvards of vertue
A40793,EEBO-TCP Phase 1,A40793.P4.xml,The mariage night written by the Lord Viscount Fawlkland.,"","Falkland, Henry Cary, Viscount, 1634-1663.",1664,1664.,"Printed by W.G. for R. Crofts ...,","London :Printed by W.G. for R. Crofts ...,1664.",London :,"Written by Henry Cary, 4th Viscount Falkland; title cited in Burke's as The marriage night.  Cf. Burke's peerage, 1970, p. 981.; ""Licensed Octob. 16, 1663; Roger L'Estrange""--p. [4]; Reproduction of original in Bodleian Library.",R14852,"",F315,13591143,"","",The mariage night.,The mariage night
A40870,EEBO-TCP Phase 1,A40870.P4.xml,"Love in the dark, or, The man of bus'ness a comedy : acted at the Theatre Royal by His Majesties servants / written by Sir Francis Fane, Junior, Knight of the Bath.","","Fane, Francis, Sir, d. 1689?",1675,1675.,"Printed by T.N. for Henry Herringman ...,","In the Savoy :Printed by T.N. for Henry Herringman ...,1675.",In the Savoy :,First ed. Cf. BM.; Reproduction of original in Huntington Library.,R16385,"",F408,13152386,"","","Love in the dark, or the man of bus'ness·","Love in the dark, or the man of bus'ness"
A40875,EEBO-TCP Phase 1,A40875.P4.xml,The sacrifice a tragedy / by the Honorable Sir Francis Fane.,"","Fane, Francis, Sir, d. 1689?",1685,MDCLXXXVII [1685],"Printed by J.R. for John Weld ...,","London :Printed by J.R. for John Weld ...,MDCLXXXVII [1685]",London :,Imperfect: print show-through.; Reproduction of the original in the Harvard University Library.,R29807,"",F412,11209244,"","",The sacrifice.,The sacrifice
A40958,EEBO-TCP Phase 1,A40958.P4.xml,"The constant couple, or, A trip to the Jubilee a comedy, acted at the Theatre-Royal in Drury-Lane, by His Majesty's servants / by Mr. George Farquhar.","","Farquhar, George, 1677?-1707.",1700,1700.,"Printed for Ralph Smith ... and Bennet Banbury ...,","London :Printed for Ralph Smith ... and Bennet Banbury ...,1700.",London :,"First ed.: ""The second edition with a new scene added to the part of Wildair"" has same date. For variations in text of the two editions see George Farquhar, edited by W. Archer, London, 1906, p. 1 and 135.; Reproduction of original in Library of Congress.",R17913,"",F516,12039334,"","",The constant couple; or A trip to the Jubilee.,The constant couple; or A trip to the Jubilee
A40960,EEBO-TCP Phase 1,A40960.P4.xml,"Love and a bottle a comedy, as it is acted at the Theatre-Royal in Drury-Lane by His Majesty's servants / written by Mr. George Farquhar.","","Farquhar, George, 1677?-1707.",1699,1699.,"Printed for Richard Standfast ... and Francis Coggen ...,","London :Printed for Richard Standfast ... and Francis Coggen ...,1699.",London :,Advertisement on t.p. and p. 64.; Reproduction of original in Huntington Library.,R7143,"",F518,12802019,"","",Love and a bottle.,Love and a bottle
A40976,EEBO-TCP Phase 1,A40976.P4.xml,"The Fatal discovery, or, Love in ruines a tragedy, as it is acted at the Theatre Royal by His Majesty's servants : with a preface in answer to a scandalous copy of verses written by Mr. Dryden and prefixt to a play call'd Heroick love.","","Powell, George, 1658?-1714.",1698,1698.,"Printed by J. Orme for R. Wellington ... and sold by Percivil Gilborne ... and Bernard Lantott ...,","London :Printed by J. Orme for R. Wellington ... and sold by Percivil Gilborne ... and Bernard Lantott ...,1698.",London :,"Preface is signed by George Powell, one of the performers in the play; Macdonald suggests the possibility of his authorship.; Another issue has an epilogue in 12 lines on p. 50.; Advertisement on t.p.; Reproduction of original in Huntington Library.",R2067,"",F542,12265407,"","","The fatal discovery; or, Love in ruines.","The fatal discovery; or, Love in ruines"
A41205,EEBO-TCP Phase 2,A41205.P4.xml,"The [Factious] citizen, or, The melancholy visioner a comedy : as it was acted at the Duke's Theatre.","","",1685,1685.,"Printed for Thomas Maddocks,","London :Printed for Thomas Maddocks,1685.",London :,Title page torn: Missing letters supplied from Wing citation.; Reproduction of original in the British Library.,R25078,"",F78,8743834,"","","The factious citizen, or, The melancholy visioner.","The factious citizen, or, The melancholy visioner"
A41700,EEBO-TCP Phase 1,A41700.P4.xml,"The rival sisters, or, The violence of love a tragedy : as it is acted at the Theatre-Royal by His Majesty's servants / written by Mr. Gould.","","Gould, Robert, d. 1709?; Shirley, James, 1596-1666. Maides revenge.",1696,1696.,"Printed for Richard Bently ... Francis Saunders ... and James Knapton ...,","London :Printed for Richard Bently ... Francis Saunders ... and James Knapton ...,1696.",London :,Based on: Maides revenge / James Shirley.; Dedication signed: Robert Gould.; Reproduction of original in British Library.,R12556,"",G1434,13133457,"","","The rival sisters: or, the violence of love,","The rival sisters: or, the violence of love"
A42281,EEBO-TCP Phase 1,A42281.P4.xml,"Il pastor fido The faithfull shepherd : a pastorall / written in Italian by Baptista Guarini, a Knight of Italie ; and now newly translated out of the originall.",Pastor fido. English,"Guarini, Battista, 1538-1612.; Fanshawe, Richard, Sir, 1608-1666.",1647,1647.,"Printed by R. Raworth,","London :Printed by R. Raworth,1647.",London :,Translation of: Il pastor fido.; Translated by Richard Fanshawe. Cf. DNB.; Reproduction of original in Thomason Collection.,R9373,"",G2174,12253402,"","","Il pastor fido, the faithfull shepherd.","Il pastor fido, the faithfull shepherd"
A42748,EEBO-TCP Phase 1,A42748.P4.xml,"Phaeton, or, The fatal divorce a tragedy as it is acted at the Theatre Royal in imitation of the antients : with some reflections on a book call'd, A short view of the immorality and profaneness of the English stage.","","Gildon, Charles, 1665-1724.; Euripides. Medea.",1698,1698.,"Printed for Abel Roper,","London :Printed for Abel Roper,1698.",London :,Plot taken from the Medea of Euripides.; Reproduction of original in Huntington Library.,R8371,"",G735,11805265,"","","Phaeton: or, The fatal divorce.","Phaeton: or, The fatal divorce"
A42750,EEBO-TCP Phase 1,A42750.P4.xml,"The Roman brides revenge a tragedy, as it is acted at the Theatre-Royal, by His Majesty's servants.","","Gildon, Charles, 1665-1724.",1697,1697.,"Printed for John Sturton ...,","London :Printed for John Sturton ...,1697.",London :,Reproduction of original in Huntington Library.,R6626,"",G736,12272009,"","",The Roman brides revenge.,The Roman brides revenge
A43160,EEBO-TCP Phase 2,A43160.P4.xml,"Hic et ubique, or, The humors of Dublin a comedy, acted privately, with general applause / written by Richard Head, Gent.","","Head, Richard, 1637?-1686?",1663,1663.,"Printed by R.D. for the Author,","London :Printed by R.D. for the Author,1663.",London :,Reproduction of original in Huntington Library.,R15208,"",H1255,12005954,"","","Hic et ubique; or, The humors of Dublin.","Hic et ubique; or, The humors of Dublin"
A43305,EEBO-TCP Phase 2,A43305.P4.xml,"The eunuch. A tragedy: as it hath been acted with great applause. / Written by William Hemmings, Oxon..","","Hemings, William, b. 1602?",1687,1687..,"Printed by J.B. and are to be sold by Randal Taylor near Stationers-Hall,,","London, :Printed by J.B. and are to be sold by Randal Taylor near Stationers-Hall,,1687..","London, :","""Licensed, March 26. 1687. Roger L'Estrange.""; The copy of this item at reel 868:15 is incorrectly identified as Wing H1521.; Reproductions of originals in Huntington Library (reel 868:15), and Newberry Library (reel 2247:6).",R17570,"",H1421,12256293,"","",The eunuch·,The eunuch
A43306,EEBO-TCP Phase 2,A43306.P4.xml,"The fatal contract, a French tragedy as it vvas acted vvith great applause by Her Majesties servants / written by William Hemings ...","","Hemings, William, b. 1602?",1653,1653.,"for J. M. ...,","Printed at London :for J. M. ...,1653.",Printed at London :,"Dedication signed: A. T.; A. P.; Revived by Settle in 1675 as ""Love and revenge"", and reprinted in 1687, from text of 1653, under title: The eunuch.; Reproduction of original in Huntington Library.",R12659,"",H1422,13311812,"","","The fatal contract, a French tragedy.","The fatal contract, a French tragedy"
A43729,EEBO-TCP Phase 1,A43729.P4.xml,"A fatal mistake, or, The plot spoil'd a tragedy, as it was lately acted, &c. / by Jos. Hayns.","","Haines, Joseph, d. 1701.",1692,1692.,"Printed by T.H. and sold by Randal Taylor ...,","London :Printed by T.H. and sold by Randal Taylor ...,1692.",London :,Reproduction of original in the Harvard University Library.,R30717,"",H193,11414771,"","","A fatal mistake, or, The plot spoil'd","A fatal mistake, or, The plot spoil'd"
A43744,EEBO-TCP Phase 1,A43744.P4.xml,"The wary widdow, or, Sir Noisy Parrat a comedy : as it is acted at the Theatre Royal by Their Majesties servants / written by Henry Higden ...","","Higden, Henry.",1693,MDCXCIII [1693],"Printed for Abell Roper ... and Tho. Rainy ...,","London :Printed for Abell Roper ... and Tho. Rainy ...,MDCXCIII [1693]",London :,Reproduction of original in the Bodleian Library.,R34463,"",H1945,14445232,"","","The wary widdow: or, Sir Noisy Parrat, a comedy·","The wary widdow: or, Sir Noisy Parrat, a comedy"
A44429,EEBO-TCP Phase 1,A44429.P4.xml,"Neglected virtue, or, The Unhappy conqueror a play acted at the Theatre-Royal by His Majesty's servants.","","Hopkins, Charles, 1664?-1700?; Horden, Hildebrand, d. 1696.; Fletcher, John, 1579-1625. Pilgrim.",1696,1696.,"Printed for Henry Rhodes, Richard Parker, Sam. Briscoe,","London :Printed for Henry Rhodes, Richard Parker, Sam. Briscoe,1696.",London :,Epistle dedicatory signed: H. Horden.; Attributed by Wing to Charles Hopkins.; Based in part on John Fletcher's Pilgrim.; Reproduction of original in the British Library.,R29502,"",H2725,11156774,"","","Neglected virtue: or, The Unhappy conquerour.","Neglected virtue: or, The Unhappy conquerour"
A44624,EEBO-TCP Phase 1,A44624.P4.xml,"The man of Newmarket as it was acted at the Theatre Royal / author, the Honourable Edward Howard Esq.","","Howard, Edward, fl. 1669.",1678,1678.,"Printed by J.C. for W. Crook,","London :Printed by J.C. for W. Crook,1678.",London :,Reproduction of original in Huntington Library.,R15548,"",H2969,11849386,"","",The man of Newmarket·,The man of Newmarket
A44628,EEBO-TCP Phase 1,A44628.P4.xml,"The six days adventure, or, The new Utopia a comedy as it is acted at his Royal Highness the Duke of York's theatre.","","Howard, Edward, fl. 1669.",1671,1671.,"Printed for Tho. Dring ...,","London :Printed for Tho. Dring ...,1671.",London :,"Attributed to Edward Howard.  Cf. NUC-pre 1956.; Commendatory verses by Mrs. Behn, Ravenscroft and others prefixed.; Reproduction of original in Huntington Library.",R16302,"",H2974,13355496,"","","The six days adventure, or The new Utopia.","The six days adventure, or The new Utopia"
A44629,EEBO-TCP Phase 1,A44629.P4.xml,"The Usurper, a tragedy as it was acted at the Threatre Royal by His Majesties servants / written by ... Edward Howard, Esq.","","Howard, Edward, fl. 1669.",1668,1668.,"Printed for Henry Herringman ...,","London :Printed for Henry Herringman ...,1668.",London :,Represents Cromwell under the name of Damocles.; Reproduction of original in Huntington Library.,R11923,"",H2975,13302459,"","","The Usurper, a tragedy.","The Usurper, a tragedy"
A44630,EEBO-TCP Phase 1,A44630.P4.xml,The womens conquest a tragi-comedy : as it was acted by His Highness the Duke of York's servants / written by the Honourable E.H.,"","Howard, Edward, fl. 1669.",1671,1671.,"Printed by J.M. for H. Herringman ...,","London :Printed by J.M. for H. Herringman ...,1671.",London :,Written by Edward Howard. Cf. BM.; First ed. Cf. DNB.; Reproduction of original in University of Michigan Libraries.,R2298,"",H2976,12691594,"","",The womens conquest:,The womens conquest
A44632,EEBO-TCP Phase 1,A44632.P4.xml,"All mistaken, or, The mad couple a comedy : acted by His Majestyes servants, at the Theatre Royal / written by the Honorable James Howard, Esq.","","Howard, James, fl. 1672-1674.",1672,1672.,"Printed by H. Brugis for James Magnes ...,","London :Printed by H. Brugis for James Magnes ...,1672.",London :,Reproduction of original in Harvard University Libraries.,R2295,"",H2979,12691371,"","","All mistaken, or the mad couple.","All mistaken, or the mad couple"
A44633,EEBO-TCP Phase 1,A44633.P4.xml,"The English mounsieur a comedy, as it is acted, at the Theater-Royal by His Majesty's servants / by the Honorable James Howard, Esq.","","Howard, James, fl. 1672-1674.",1674,1674.,"Printed by H. Bruges for J. Magnus ...,","London :Printed by H. Bruges for J. Magnus ...,1674.",London :,Reproduction of original in Huntington Library.,R19805,"",H2980,12221848,"","",The English mounsieur.,The English mounsieur
A45649,EEBO-TCP Phase 1,A45649.P4.xml,"The city bride, or, The merry cuckold a comedy acted at the new theatre in Little Lincolns Inn-Fields by His Majesty's servants.","","Harris, Joseph, ca. 1650-ca. 1715.; Webster, John, 1580?-1625? Cure for a cuckold.",1696,1696.,"Printed for A. Roper and E. Wilkinson and R. Clavel,","London :Printed for A. Roper and E. Wilkinson and R. Clavel,1696.",London :,"Dedication signed: Joseph Harris.; ""Taken almost entirely from Webster's, 'A cure for a cuckold'""--NUC Pre-1956 imprints.; Imperfect: Cropped with loss of print; defective Huntington copy spliced at end.; Reproduction of original in the British Library.",R1134,"",H863,7933852,"","","The city bride: or, The merry cuckold.","The city bride: or, The merry cuckold"
A45650,EEBO-TCP Phase 1,A45650.P4.xml,Love's a lottery and a woman the prize with a new masque call'd Love and riches reconcil'd : as it was acted by His Majesties servants at the theatre in Lincolns-Inn-Fields.,"","Harris, Joseph, ca. 1650-ca. 1715.",1699,1699.,"Printed for Daniel Brown ... and Edmund Rumball ...,","London :Printed for Daniel Brown ... and Edmund Rumball ...,1699.",London :,Dedication signed: Joseph Harris.; Reproduction of original in Huntington Library.,R11040,"",H864,13296280,"","","Love's a lottery, and a woman the prize.","Love's a lottery, and a woman the prize"
A45651,EEBO-TCP Phase 1,A45651.P4.xml,"The mistakes, or, The false report a tragi-comedy, acted by their Majesties servants / written by Mr. Jos. Harris ; the prologue written by Mr. Dryden ; the epilogue by Mr. Tate.","","Harris, Joseph, ca. 1650-ca. 1715.; Mountfort, William, 1664?-1692.; Dryden, John, 1631-1700.; Tate, Nahum, 1652-1715.",1691,1691.,"Printed for Jo. Hindmarsh ...,","London :Printed for Jo. Hindmarsh ...,1691.",London :,"In verse.; Epilogue with Dramatis personae on verso is bound at end, instead of after Prologue as catch word indicates.; Altered by Harris from a manuscript given him; Mountfort wrote a scene for the fifth act. Cf. Preface; Giles Jacob's English poets; BM.; Reproduction of original in Bodleian Library.",R4488,"",H865,12315731,"","","The mistakes, or, The false report:","The mistakes, or, The false report"
A45772,EEBO-TCP Phase 2,A45772.P4.xml,"Irena, a tragedy","","",1664,1664.,"Printed by Robert White for Octavian Pulleyn junior ...,","London :Printed by Robert White for Octavian Pulleyn junior ...,1664.",London :,Reproduction of original in Huntington Library.,R16046,"",I1027,11849802,"","","Irena, a tragedy. Licensed, October 13. 1664. Roger L'Estrange.","Irena, a tragedy. Licensed, October 13. 1664. Roger L'Estrange"
A46228,EEBO-TCP Phase 1,A46228.P4.xml,"The divell is an asse a comedie acted in the yeare 1616, by His Majesties servants / the author, Ben. Iohnson.","","Jonson, Ben, 1573?-1637.",1641,1641.,"[s.n.],","Imprinted at London :[s.n.],1641.",Imprinted at London :,Reproduction of original in Yale University Library.,R5735,"",J1011,12086374,"","",The divell is an asse.,The divell is an asse
A46230,EEBO-TCP Phase 1,A46230.P4.xml,"The widdow a comedie, as it was acted at the private house in Black-Fryers, with great applause, by His late Majesties servants / written by Ben. Johnson, John Fletcher, Tho. Middleton, Gent. ...","","Middleton, Thomas, d. 1627.; Jonson, Ben, 1573?-1637.; Fletcher, John, 1579-1625.",1652,1652.,"Printed for Humphrey Moseley, and are to be sold at his shop ...,","London :Printed for Humphrey Moseley, and are to be sold at his shop ...,1652.",London :,"""To the reader"" signed: Alexander Gough.; Written mainly by Middleton.; ""Printed by the originall copy""; Reproduction of original in Huntington Library.",R10704,"",J1015,12253737,"","",The widdow,The widdow
A46260,EEBO-TCP Phase 1,A46260.P4.xml,"Money is an asse a comedy, as it hath been acted with good applause / written by Tho. Jordain ...","","Jordan, Thomas, 1612?-1685?",1668,1668.,"Printed by Peter Lillicrap, for Fra. Kirkman,","London :Printed by Peter Lillicrap, for Fra. Kirkman,1668.",London :,"Caption title: Moneys an ass.; ""Licensed November the 16, 1667. Roger L'Estrange.""; Reproduction of original in the British Library.",R32985,"",J1047,12820455,"","",Money is an asse·,Money is an asse
A46278,EEBO-TCP Phase 1,A46278.P4.xml,"The triumphs of London performed on Tuesday, October XXIX, 1678, for the entertainment of the right honourable and truly noble pattern of prudence and loyalty, Sir James Edwards, knight, Lord Mayor of the city of London, containing a true description of the several pageants with the speeches spoken on each pageant, together with the songs sung in this solemnity, all set forth at the proper costs and charges of the worshipful company of grocers / designed and composed by Tho. Jordan, gent.","","Jordan, Thomas, 1612?-1685?; Grocers' Company (London, England)",1678,1678.,"Printed for John Playford ...,","London :Printed for John Playford ...,1678.",London :,"Imperfect: pages cropped and stained, with print showthrough and loss of print.; Reproduction of original in the Bodleian Library and Harvard University Library.",R31679,"",J1070,12244512,"","",The triumphs of London:,The triumphs of London
A46333,EEBO-TCP Phase 2,A46333.P4.xml,"The Roman empress a tragedy : acted at the Royal Theater, by His Majesties servants / and written by William Joyner, Gent.","","Joyner, William, 1622-1706.",1671,1671.,"Printed by T.N. for Henry Herringman ...,","[London] In the Savoy :Printed by T.N. for Henry Herringman ...,1671.",[London] In the Savoy :,First edition.; In verse.; Reproduction of original in Huntington Library.; Supposed to be the story of Constantine the Great and his son Crispus.,R695,"",J1159,12305315,"","",The Roman empress.,The Roman empress
A46869,EEBO-TCP Phase 1,A46869.P4.xml,"The devil of a wife, or, A comical transformation as it is acted by Their Majesties servants at the Queens theatre in Dorset Garden.","","Jevon, Thomas, 1652-1688.; Sidney, Philip, Sir, 1554-1586. Arcadia.",1686,1686.,"Printed by J. Heptinstall for J. Eaglesfield ...,","London :Printed by J. Heptinstall for J. Eaglesfield ...,1686.",London :,"Founded on the story of Mopsa in Sidney's Arcadia.; ""The epistle dedicatory signed: Tho. Jevon.; ""Licensed March 30th, 1686, R.L.S.""; Reproduction of original in Folger Library.",R20673,"",J731,12176564,"","","The devil of a wife, or a comical transformation.","The devil of a wife, or a comical transformation"
A47382,EEBO-TCP Phase 1,A47382.P4.xml,"The imperial tragedy taken out of a Latin play, and very much altered / by a gentleman ...","","Killigrew, William, Sir, 1606-1695.",1669,1669.,"Printed for Will. Wells and Rob. Scott ...,","London :Printed for Will. Wells and Rob. Scott ...,1669.",London :,"Caption title: The emperial tragedy.; Ascribed to Sir William Killigrew.  Cf. NUC Pre-1956.; ""By a gentlemn for his own diversion, who, on the importunity of friends, has consented to have it published; but without his name: because many do censure plays, according to their opinions of the author.""; Reproduction of original in Huntington Library.",R17594,"",K460,13386028,"","",The imperial tragedy:,The imperial tragedy
A47387,EEBO-TCP Phase 1,A47387.P4.xml,Pandora a comedy.,"","Killigrew, William, Sir, 1606-1695.",1664,1664.,"Printed by T. Mabb for John Playfere ... and Thomas Hors-man ...,","London :Printed by T. Mabb for John Playfere ... and Thomas Hors-man ...,1664.",London :,Written by William Killigrew.  Cf. DNB.; First edition.  Cf. Wing.; Reproduction of original in Bodleian Library.,R2648,"",K464,13663432,"","","Pandora,",Pandora
A47779,EEBO-TCP Phase 2,A47779.P4.xml,"Divine dialogues, viz. Dive's doom, Sodom's flames and Abraham's faith containing the histories of Dives and Lazarus, the destruction of Sodom, and Abraham's sacrificing his son : to which is added Joseph reviv'd, or, The history of his life and death / by George Lesly ...","","Lesly, George, d. 1701.",1678,1678.,"Printed for Charles Smith ...,","London :Printed for Charles Smith ...,1678.",London :,"""Joseph reviv'd"" has special t.p.; Imperfect: pages stained and tightly bound with some loss of print.; Reproduction of original in the University of Illinois (Urbana-Champaign Campus). Library.",R34518,"",L1174,14472695,"","",Divine dialogues.,Divine dialogues
A48031,EEBO-TCP Phase 1,A48031.P4.xml,"The dumb lady, or, The farriar made physician as it was acted at the Theatre-Royal / by John Lacy, Gent.","","Lacy, John, d. 1681.; Molière, 1622-1673. Médecin malgré lui.; Molière, 1622-1673. L'amour médecin.",1672,1672.,"Printed for Thomas Dring ...,","London :Printed for Thomas Dring ...,1672.",London :,"Taken in part from Molière's ""Le médecin malgré lui,"" and ""L'amour médecin.""; Reproduction of original in Huntington Library.",R7295,"",L143,12417418,"","","The dumb lady: or, The farriar made physician.","The dumb lady: or, The farriar made physician"
A48039,EEBO-TCP Phase 1,A48039.P4.xml,"The old troop, or, Monsieur Raggou as it was acted at the Theatre-Royal / by John Lacy ...","","Lacy, John, d. 1681.",1672,1672.,"Printed for William Crook and Thomas Dring ...,","London :Printed for William Crook and Thomas Dring ...,1672.",London :,Reproduction of original in Huntington Library.,R1185,"",L144,13429146,"","","The old troop: or, Monsieur Raggou.","The old troop: or, Monsieur Raggou"
A48052,EEBO-TCP Phase 1,A48052.P4.xml,"Sauny the Scott, or, The taming of the shrew a comedy : as it is now acted at the Theatre-Royal / written by J. Lacey ...","","Lacy, John, d. 1681.; Shakespeare, William, 1564-1616. Taming of the shrew.",1698,1698.,"Printed and sold by E. Whitlock ...,","London :Printed and sold by E. Whitlock ...,1698.",London :,"A prose alteration of: The taming of the shrew / William Shakespeare.; ""And never before printed""; Cf. Spencer's Shakespeare improved, p. 274-281.; Reproduction of original in Bodleian Library.",R5764,"",L146,13212871,"","","Sauny the Scott: or, The taming of the shrew:","Sauny the Scott: or, The taming of the shrew"
A48059,EEBO-TCP Phase 1,A48059.P4.xml,"Sr. Hercules Buffoon, or, The poetical squire a comedy, as it was acted at the Duke's Theatre / written by John Lacy ...","","Lacy, John, d. 1681.",1684,1684.,"Printed for Jo. Hindmarsh ...,","London :Printed for Jo. Hindmarsh ...,1684.",London :,Reproduction of original in Huntington Library.,R1617,"",L147,13436831,"","",Sr. Hercules Buffoon: or The poetical squire.,Sr. Hercules Buffoon: or The poetical squire
A49572,EEBO-TCP Phase 1,A49572.P4.xml,"Heroick love a tragedy : as it is acted at the theatre in Little Lincolns-Inn-Fields / written by the Honourable George Granville, Esq.","","Lansdowne, George Granville, Baron, 1667-1735.",1698,1698.,"Printed for F. Saunders ... H. Playford ... and B. Tooke ...,","London :Printed for F. Saunders ... H. Playford ... and B. Tooke ...,1698.",London :,Advertisements: [3] p. at end.; Reproduction of original in Huntington Library.,R11031,"",L422,12928909,"","",Heroick love:,Heroick love
A49573,EEBO-TCP Phase 1,A49573.P4.xml,"The she-gallants, a comedy as it is acted at the theatre in Little-Lincoln-Inn-Fields, by His Majesty's servants.","","Lansdowne, George Granville, Baron, 1667-1735.",1696,1696.,"Printed for Henry Playford ... and Benj. Tooke ...,","London :Printed for Henry Playford ... and Benj. Tooke ...,1696.",London :,"Altered by the author and published in his works, 1732 under title: Once a lover; and always a lover.; Attributed to George Granville Lansdowne.  Cf. NUC pre-1956.; Reproduction of original in Huntington Library.",R6904,"",L423,13506520,"","",The she-gallants: a comedy.,The she-gallants: a comedy
A49594,EEBO-TCP Phase 2,A49594.P4.xml,Rare en tout comedie meslée de musique et de balets represantée devant sa majesté sur le Theatre Royal de Whitehall.,"","La Roche-Guilhen, Mlle de (Anne), 1644-1707.",1677,1677.,"Chez Jacques Magnes & Richard Bentley ...,","A Londres :Chez Jacques Magnes & Richard Bentley ...,1677.",A Londres :,Dedication signed: La Roche-Guilhen.; Reproduction of original in Yale University Library.,R18821,"",L448,12875813,"","",Rare en tout.,Rare en tout
A49875,EEBO-TCP Phase 1,A49875.P4.xml,The counterfeits a comedy as it is acted at the Duke's Theatre.,"","Leanerd, John, fl. 1679.; Castillo Solórzano, Alonso de, 1584-1648? A lo que obliga el honor. English.",1679,1679.,"Printed for Jacob Tonson ...,","London :Printed for Jacob Tonson ...,1679.",London :,Attributed to John Leanerd. Cf. BLC.; Plot based on English version of: A lo que obliga el honor.; Reproduction of original in Bodleian Library.,R981,"",L794,11946857,"","","The counterfeits,",The counterfeits
A49877,EEBO-TCP Phase 1,A49877.P4.xml,"The rambling justice, or, The jealous husbands with the humours of Sir John Twiford : as it is acted at the Theatre Royal / by John Leanerd.","","Leanerd, John, fl. 1679.; Leanerd, John, fl. 1679. Rambling justice.; Middleton, Thomas, d. 1627. More dissemblers besides women.",1678,1678.,"Printed by E. F. for Thomas Quell and James Vade ...,","London :Printed by E. F. for Thomas Quell and James Vade ...,1678.",London :,"In part from Middleton's ""More dissemblers besides women.""; Later published with title: The jealous husbands.; Reproduction of original in Huntington Library.",R25134,"",L797,13568137,"","","The rambling justice, or the jealous husbands.","The rambling justice, or the jealous husbands"
A49922,EEBO-TCP Phase 1,A49922.P4.xml,"Cæsar Borgia, son of Pope Alexander the sixth a tragedy acted at the Duke's Theatre by their Royal Highnesses servants / written by Nat. Lee.","","Lee, Nathaniel, 1653?-1692.; Dryden, John, 1631-1700.",1680,1680.,"Printed by R. E. for R. Bentley, and M. Magnes ...,","London :Printed by R. E. for R. Bentley, and M. Magnes ...,1680.",London :,Prologue by Dryden.; Reproduction of original in Huntington Library.,R10791,"",L846,13568101,"","",Cæsar Borgia; son of Pope Alexander the Sixth:,Cæsar Borgia; son of Pope Alexander the Sixth
A49924,EEBO-TCP Phase 1,A49924.P4.xml,"Constantine the great, a tragedy acted at the Theatre-Royal, by their majesties servants / written by Nat. Lee ...","","Lee, Nathaniel, 1653?-1692.; Dryden, John, 1631-1700.",1684,1684.,"Printed by H. Hills Jun. for R. Bently ..., and J. Tonson ...,","London :Printed by H. Hills Jun. for R. Bently ..., and J. Tonson ...,1684.",London :,Epilogue by Dryden.; Reproduction of original in Huntington Library.,R13165,"",L848,13586044,"","",Constantine the Great; a tragedy.,Constantine the Great; a tragedy
A49925,EEBO-TCP Phase 1,A49925.P4.xml,"Gloriana, or, The court of Augustus Cæsar acted at the Theatre-Royal, by Their Majesties servants / by Nat. Lee.","","Lee, Nathaniel, 1653?-1692.",1676,1676.,"Printed for J. Magnes and R. Bentley ...,","London :Printed for J. Magnes and R. Bentley ...,1676.",London :,Reproduction of original in Huntington Library.,R20919,"",L849,12047368,"","","Gloriana, or the court of Augustus Cæsar.","Gloriana, or the court of Augustus Cæsar"
A49928,EEBO-TCP Phase 1,A49928.P4.xml,"Lucius Junius Brutus, father of his country a tragedy : acted at the Duke's Theater, by their royal highnesses servants / written by Nath. Lee.","","Lee, Nathaniel, 1653?-1692.; Scudéry, Madeleine de, 1607-1701. Clélie. English.",1681,1681.,"Printed for Richard Tonson, and Jacob Tonson ...,","London :Printed for Richard Tonson, and Jacob Tonson ...,1681.",London :,"Partly based on Mlle. Scudéry's Clélie.""; Reproduction of original in Huntington Library.",R10844,"",L852,13568188,"","",Lucius Junius Brutus; father of his country.,Lucius Junius Brutus; father of his country
A49929,EEBO-TCP Phase 1,A49929.P4.xml,The massacre of Paris a tragedy : as it is acted at the Theatre Royal by their majesties servants / written by Nat. Lee ...,"","Lee, Nathaniel, 1653?-1692.",1690,1690.,"Printed for R. Bentley and M. Magnes ...,","London :Printed for R. Bentley and M. Magnes ...,1690.",London :,Reproduction of original in Huntington Library.,R3238,"",L853,13452216,"","",The massacre of Paris:,The massacre of Paris
A49930,EEBO-TCP Phase 1,A49930.P4.xml,"Mithridates, King of Pontus a tragedy : acted at the Theatre Royal by Their Majestie's servants / written by Nat. Lee.","","Lee, Nathaniel, 1653?-1692.; Dryden, John, 1631-1700.",1678,1678.,"Printed by R.E. for James Magnes and Rich. Bentley ...,","London :Printed by R.E. for James Magnes and Rich. Bentley ...,1678.",London :,"Epilogue by Dryden.; ""Licensed March 28, 1678. Roger L'Estrange""; Reproduction of original in Huntington Library.; ""Prologue"" and ""Persons represented"": p. [1]-[2] at end.",R12239,"",L854,12931312,"","","Mithridates King of Pontus,",Mithridates King of Pontus
A49933,EEBO-TCP Phase 1,A49933.P4.xml,"The Princess of Cleve, as it was acted at the Queens Theatre in Dorset-Garden / by Nath. Lee ...","","Lee, Nathaniel, 1653?-1692.; La Fayette, Madame de (Marie-Madeleine Pioche de La Vergne), 1634-1693. La princesse de Cleves.",1689,1689.,[s.n.],London :[s.n.]1689.,London :,"Printed with a new prologue and epilogue and not those originally written for the play by Dryden.; Based on Madame de la Fayette's romance of the same name.; Another edition in 1689 with imprint: ""for Abel Roper.""; Reproduction of original in Huntington Library.",R10843,"",L860,13568168,"","","The Princess of Cleve,",The Princess of Cleve
A49935,EEBO-TCP Phase 1,A49935.P4.xml,"The rival queens, or, The death of Alexander the Great acted at the Theater-Royal by their majesties servants / by Nat. Lee ...",Cassandra,"Lee, Nathaniel, 1653?-1692.; Dryden, John, 1631-1700.; La Calprenède, Gaultier de Coste, seigneur de, d. 1663. Cassandre. English.",1677,1677.,"Printed for James Magnes and Richard Bentley,","London :Printed for James Magnes and Richard Bentley,1677.",London :,With commentary verses by Dryden.; Partly based on La Calprenède's Cassandra.; Reproduction of original in Huntington Library.,R13215,"",L865,13586253,"","","The rival queens, or the death of Alexander the Great.","The rival queens, or the death of Alexander the Great"
A49940,EEBO-TCP Phase 1,A49940.P4.xml,"Sophonisba, or, Hannibal's overthrow a tragedy, acted at the Theatre-Royall, by their majesties servants / written by Nathaniel Lee.","","Lee, Nathaniel, 1653?-1692.",1676,1676.,"Printed for J. Magnes and R. Bentley ...,","London :Printed for J. Magnes and R. Bentley ...,1676.",London :,Reproduction of original in Huntington Library.,R13330,"",L870,13586423,"","","Sophonisba, or Hannibal's overthrow.","Sophonisba, or Hannibal's overthrow"
A49947,EEBO-TCP Phase 1,A49947.P4.xml,"Theodosius, or, The force of love a tragedy, acted by Their Royal Highnesses servants, at the Duke's Theatre / written by Nat. Lee ; with the musick betwixt the acts.","","Lee, Nathaniel, 1653?-1692.",1680,1680.,"Printed for R. Bentley and M. Magnes ...,","London :Printed for R. Bentley and M. Magnes ...,1680.",London :,In verse.; Errors in paging.; Advertisement: p. [2] at end.; Reproduction of original in Huntington Library.,R228929,"",L877,12304521,"","","Theodosius: or, The force of love,","Theodosius: or, The force of love"
A49952,EEBO-TCP Phase 1,A49952.P4.xml,"The tragedy of Nero, emperor of Rome as it is acted at the Theatre-Royal, by His Majesties servants / by Nathaniel Lee ...","","Lee, Nathaniel, 1653?-1692.",1675,1675.,"Printed by T. R. and N. T. for James Magnus and Richard Bentley ...,","London :Printed by T. R. and N. T. for James Magnus and Richard Bentley ...,1675.",London :,Reproduction of original in Huntington Library.,R13246,"",L883,13586315,"","","The tragedy of Nero, emperour of Rome:","The tragedy of Nero, emperour of Rome"
A50520,EEBO-TCP Phase 2,A50520.P4.xml,"St. Cecily, or, The converted twins a Christian tragedy / written by E.M.","","Medbourne, M. (Matthew), d. 1679.",1666,1666.,"Printed by J. Streater,","London :Printed by J. Streater,1666.",London :,"In verse.; ""Never before published.""; Attributed to Matthew Medbourne. Cf. BM.; Reproduction of original in Forster Collection, Victoria and Albert Museum.",R19107,"",M1583B,12561072,"","","St. Cecily: or, The converted twins.","St. Cecily: or, The converted twins"
A50686,EEBO-TCP Phase 1,A50686.P4.xml,Love and war a tragedy / written by Tho. Meriton.,"","Meriton, Thomas, b. 1638.",1658,1658.,"Printed for Charles Webb ...,","London :Printed for Charles Webb ...,1658.",London :,Reproduction of original in the British Library.,R29528,"",M1822,11164839,"","","Love and war,",Love and war
A50789,EEBO-TCP Phase 1,A50789.P4.xml,"The changeling as it was acted (with great applause) at the Privat house in Drury-Lane, and Salisbury Court / written by Thomas Midleton, and William Rowley, Gent.","","Middleton, Thomas, d. 1627.; Rowley, William, 1585?-1642?",1653,1653.,"Printed for Humphrey Moseley ...,","London :Printed for Humphrey Moseley ...,1653.",London :,"""Never printed before""; Advertisement: p. [64].; Reproduction of original in Folger Library.",R5638,"",M1980,12086260,"","",The changeling:,The changeling
A50792,EEBO-TCP Phase 1,A50792.P4.xml,"The counterfeit bridegroom, or, The defeated widow a comedy, as it is acted at His Royal Highness the Duke's Theatre.","","Middleton, Thomas, d. 1627.; Behn, Aphra, 1640-1689.; Betterton, Thomas, 1635?-1710.",1677,1677.,"Printed for Langley Curtiss ...,","London :Printed for Langley Curtiss ...,1677.",London :,"An alteration of Middleton's ""No wit, no help like a woman's"", ascribed to Mrs. Behn and to Betterton. Cf. Genest's Account of the English stage, v. 1, p. 212-213; A. Nicoll's History of restoration drama, 1660-1700, p. 247.; Reproduction of original in Huntington Library.",R19397,"",M1983,12351095,"","",The counterfeit bridegroom: or the defeated widow.,The counterfeit bridegroom: or the defeated widow
A50793,EEBO-TCP Phase 1,A50793.P4.xml,The Mayor of Quinborough as it hath often acted with much applause at Black-Fryars by His Majesties servants / written by Tho. Middleton.,"","Middleton, Thomas, d. 1627.",1661,1661.,"Printed for Henry Herringman ...,","London :Printed for Henry Herringman ...,1661.",London :,Reproduction of original in Huntington Library.,R14092,"",M1984,13335893,"","",The Mayor of Quinborough:,The Mayor of Quinborough
A50795,EEBO-TCP Phase 1,A50795.P4.xml,"No wit, [no] help like a womans a comedy / by Tho. Middleton, Gent.","","Middleton, Thomas, d. 1627.",1657,1657.,"Printed for Humphrey Moseley ...,","London :Printed for Humphrey Moseley ...,1657.",London :,Advertisements: p. [2]-[21] at end.; Reproduction of original in Huntington Library.,R16728,"",M1985,12165179,"","","No wit, help like a vvomans.","No wit, help like a vvomans"
A50796,EEBO-TCP Phase 1,A50796.P4.xml,"The Spanish gipsie as it was acted (with great applause) at the Privat House in Drury-Lane, and Salisbury Court / written by Thomas Midleton, and William Rowley, Gent.","","Middleton, Thomas, d. 1627.; Rowley, William, 1585?-1642?",1653,1653.,"Printed by I.G. for Richard Marriot ...,","London :Printed by I.G. for Richard Marriot ...,1653.",London :,"""Never printed before""; Reproduction of original in Harvard University Libraries.",R5637,"",M1986,12086229,"","",The Spanish gipsie.,The Spanish gipsie
A51031,EEBO-TCP Phase 2,A51031.P4.xml,"Mr. Turbulent: or, The melanchollicks. A comedy As it was acted at the Duke's Theater.","","",1682,1682.,"printed for Simon Neal, at the Three Pigeons in Covent-Garden,","London :printed for Simon Neal, at the Three Pigeons in Covent-Garden,1682.",London :,Quire E mispaginated.; Reproduction of the original in the Bodleian Library.,R214199,"",M2277,99826405,"","","Mr. Turbulent: or, The melanchollicks.","Mr. Turbulent: or, The melanchollicks"
A51115,EEBO-TCP Phase 1,A51115.P4.xml,The citizen turn'd gentleman a comedy acted at the Dvke's theatre / by Edw. Ravenscroft.,"","Ravenscroft, Edward, 1654?-1707.; Molière, 1622-1673. Bourgeois gentihomme.; Molière, 1622-1673. Monsieur de Pourceaugnac.",1672,1672.,"Printed for Thomas Dring ...,","London :Printed for Thomas Dring ...,1672.",London :,"Published later, 1675 with title: Mamamouchi, or, The citizen turn'd gentleman.; Taken from Molière's ""Le bourgeois gentihomme"" and ""Monsieur de Pourceaugnac"".; Reproduction of original in Huntington Library.",R14005,"",M2383A,13325831,"","",The ^citizen turn'd gentleman:,The ^citizen turn'd gentleman
A51118,EEBO-TCP Phase 2,A51118.P4.xml,"Tartuffe, or, The French Puritan a comedy lately acted at the Theatre Royal / written in French by Moliere ; and rendered into English with much addition and advantage by M. Medbourne.","","Molière, 1622-1673.; Medbourne, M. (Matthew), d. 1679.",1670,1670.,"Printed by H.L. and R.B. for James Magnus,","London :Printed by H.L. and R.B. for James Magnus,1670.",London :,Reproduction of original in the Huntington Library.,R27112,"",M2385,9653468,"","",Tartuffe: or The French Puritan.,Tartuffe: or The French Puritan
A51422,EEBO-TCP Phase 1,A51422.P4.xml,The loving enemies a comedy : as it was acted at His Highness the Duke of York's Theatre / written by L. Maidwell.,"","Maidwell, Lewis, 1650-1715.; Shadwell, Thomas, 1642?-1692. Virtuoso.",1680,1680.,"Printed for John Guy ...,","London :Printed for John Guy ...,1680.",London :,"Borrows from Shadwell's The virtuoso.; Written by Lewis Maidwell, whose name has been given variously as Lawrence and John Maidwell. Cf. Venn, J. Alum. cant.; Summers, M. Playhouse of Pepys, 1935, p. 434-436; BM; Baker, D.E. Companion to the play-house, 1764, v. 1.; Reproduction of original in Cambridge University Library.",R10838,"",M284,13114988,"","",The loving enemies:,The loving enemies
A51496,EEBO-TCP Phase 1,A51496.P4.xml,"Beauty in distress as it is acted at the theatre in Little Lincolns-Inn-Fields by His Majesties servants / written by Mr. Motteux ; with a discourse of the lawfulness & unlawfulness of plays, lately written by the learned Father Caffaro, divinity-professor at Paris, sent in a letter to the author by a divine of the Church of England.","","Motteux, Peter Anthony, 1660-1718.; Caffaro, Francesco, ca. 1650-1720.",1698,1698.,"Printed for Daniel Brown ... and Rich. Parker ...,","London :Printed for Daniel Brown ... and Rich. Parker ...,1698.",London :,"""A letter from a divine of the Church of England to the author of the tragedy call'd Beauty in distress, concerning the lawfulness and unlawfulness of plays"": p. ix-xxvi.; Reproduction of original in the Huntington Library.",R36604,"",M2945,15742820,"","",Beauty in distress.,Beauty in distress
A51498,EEBO-TCP Phase 2,A51498.P4.xml,Europes revels for the peace and His Majesties happy return a musical interlude : with a panegyrical poem spoken there on the same occasion / written by Mr. Motteux.,Europe's revels for the peace. Libretto,"Eccles, John, d. 1735.; Motteux, Peter Anthony, 1660-1718.",1697,1697.,"Printed for J. Tonson ...,","London :Printed for J. Tonson ...,1697.",London :,"Libretto only.; ""Set to music by Mr. John Eccles""--p. [1]; ""Performed at the theatre in Little Lincolns-Inn-Fields by His Majesties servants.""; Reproduction of original in Huntington Library.",R9658,"",M2948,13542939,"","","Europes revels for the peace, and His Majesties happy return.","Europes revels for the peace, and His Majesties happy return"
A51501,EEBO-TCP Phase 1,A51501.P4.xml,Love's a jest a comedy as it is acted at the new theatre in Little-Lincolns-Inn-Fields by His Majesties servants / written by Mr. Motteux.,"","Motteux, Peter Anthony, 1660-1718.",1696,MDCXCVI [1696],"Printed for Peter Buck ... John Sturton ... and Alexander Bosvil ...,","London :Printed for Peter Buck ... John Sturton ... and Alexander Bosvil ...,MDCXCVI [1696]",London :,Imperfect: print show-through.; Reproduction of original in the Huntington Library.,R36605,"",M2953,15742842,"","",Love's a jest.,Love's a jest
A51504,EEBO-TCP Phase 1,A51504.P4.xml,"The novelty every act a play : being a short pastoral, comedy, masque, tragedy, and farce, after the Italian manner : as it is acted at the new-theatre in Little Lincolns Inn-Fields, by His Majesties servants / written by Mr. Motteux and other hands.","","Motteux, Peter Anthony, 1660-1718.",1697,1697,"Printed for Rich. Parker ... and Peter Buck ...,","London :Printed for Rich. Parker ... and Peter Buck ...,1697",London :,"Reproduction of original in the Bodleian Library.; Thyrsis, a pastoral -- All without money, a short comedy -- Hercules, a masque -- The unfortunate couple, a short tragedy -- Natural magic, a short farce after the Italian manner.",R36606,"",M2958,15742870,"","",The novelty.,The novelty
A51516,EEBO-TCP Phase 1,A51516.P4.xml,"Greenwich-park a comedy acted at the Theatre-Royal, by Their Majesties servants / written by William Mountfort.","","Mountfort, William, 1664?-1692.",1691,1691.,"Printed for J. Hindmarsh ..., R. Bentley ..., and A. Roper ..., and are to be sold by Randal Taylor ...,","London :Printed for J. Hindmarsh ..., R. Bentley ..., and A. Roper ..., and are to be sold by Randal Taylor ...,1691.",London :,Reproduction of original in Huntington Library.,R11791,"",M2973,12152294,"","",Greenwich-park:,Greenwich-park
A51517,EEBO-TCP Phase 1,A51517.P4.xml,"The injur'd lovers, or, The ambitious father a tragedy acted by Their Majesty's servants at the Theatre Royal / by W. Mountfort ...","","Mountfort, William, 1664?-1692.",1688,1688.,"Printed for Sam. Manship ...,","London :Printed for Sam. Manship ...,1688.",London :,Advertisement: p. 72.; First edition.; Reproduction of original in Huntington Library.,R11790,"",M2974,12152286,"","","The injur'd lovers: or, The ambitious father.","The injur'd lovers: or, The ambitious father"
A51518,EEBO-TCP Phase 1,A51518.P4.xml,"The life and death of Doctor Faustus made into a farce by Mr. Mountford ; with the humours of Harlequin and Scaramouche, as they were several times acted ... at the Queens Theatre in Dorset Garden ...",Doctor Faustus,"Mountfort, William, 1664?-1692.; Marlowe, Christopher, 1564-1593.",1697,1697.,"Printed and sold by E. Whitlock ...,","London :Printed and sold by E. Whitlock ...,1697.",London :,About half this play is from Marlowe's Doctor Faustus--NUC pre-1956 imprints.; Imperfect: print showthrough.; Reproduction of original in the Harvard University Library.,R31054,"",M2975,11769854,"","","The liee and death of Doctor Faustus, made into a farce·","The liee and death of Doctor Faustus, made into a farce"
A51520,EEBO-TCP Phase 1,A51520.P4.xml,"The successfull straingers a tragi-comedy : acted by Their Majesties servants, at the Theatre Royal / written by William Mountfort.","","Mountfort, William, 1664?-1692.",1690,1690.,"Printed for James Blackwell ... and sold by Randal Taylor ...,","London :Printed for James Blackwell ... and sold by Randal Taylor ...,1690.",London :,"First ed. Cf. NUC pre-1956.; ""Licensed and entred according to order""; Epilogue: (p. [1] at end) spoken by Mr. Nokes, Mr. Lee and Mountfort.; Reproduction of original in Huntington Library.",R14436,"",M2977,12938693,"","","The successfull straingers,",The successfull straingers
A51771,EEBO-TCP Phase 2,A51771.P4.xml,"The lost lover, or, The jealous husband a comedy, as it is acted at the Theatre Royal by His Majesty's servants / written by Mrs. Manley.","","Manley, Mrs. (Mary de la Rivière), 1663-1724.",1696,1696.,"Printed for R. Bently ... F. Saunders ... J. Knapton, and R. Wellington ...,","London :Printed for R. Bently ... F. Saunders ... J. Knapton, and R. Wellington ...,1696.",London :,Reproduction of original in British Library.,R7067,"",M435,11967475,"","","The lost lover; or, the jealous husband:","The lost lover; or, the jealous husband"
A51805,EEBO-TCP Phase 2,A51805.P4.xml,The generous choice a comedy / written by Mr. Manning.,"","Manning, Mr. (Francis), fl. 1688-1716.",1700,1700.,"Printed for R. Wellington ... and A. Bettesworth ...,","London :Printed for R. Wellington ... and A. Bettesworth ...,1700.",London :,"""As it is acted at the New Theatre in Little Lincolns-Inn-Fields by His Majesty's servants.""; Advertisement on p. 48.; Reproduction of original in Bodleian Library.",R7537,"",M486,13720164,"","",The generous choice.,The generous choice
A52477,EEBO-TCP Phase 1,A52477.P4.xml,"Pausanias, the betrayer of his country a tragedy, acted at the Theatre Royal by His Majesties servants / written by a person of quality.","","Norton, Richard, 1666-1732.; Southerne, Thomas, 1660-1746.",1696,1696.,"Printed for Abel Roper, E. Wilkinson, and Roger Clavell ...,","London :Printed for Abel Roper, E. Wilkinson, and Roger Clavell ...,1696.",London :,Written by R. Norton. Cf. BM.; Dedication to Anto. Henly signed: Tho. Southerne.; Reproduction of original in Huntington Library.,R8251,"",N1327,12992148,"","",Pausanias the betrayer of his country·,Pausanias the betrayer of his country
A52858,EEBO-TCP Phase 2,A52858.P4.xml,"Romes follies, or, The amorous fryars a comedy, as it was lately acted at a person of qualitie's house.","","Nowell, N.",1681,1681.,"Printed for N. Nowell,","London :Printed for N. Nowell,1681.",London :,"Dedication signed N.N., probably the publisher, N. Nowell.; Reproduction of original in Huntington Library.",R5200,"",N52,12025034,"","","Romes follies, or the amorous fryars,","Romes follies, or the amorous fryars"
A53070,EEBO-TCP Phase 1,A53070.P4.xml,"The country captaine and the Varietie, two comedies written by a person of honor ; lately presented by His Majesties servants at the Black-Fryars.",Country captaine,"Newcastle, William Cavendish, Duke of, 1592-1676.; Newcastle, William Cavendish, Duke of, 1592-1676. Varietie.",1649,1649.,"Printed for Hum. Robinson ... and Hum. Hoseley ...,","London :Printed for Hum. Robinson ... and Hum. Hoseley ...,1649.",London :,"Each play has separate paging and special title page: 1) The covntry captaine a comoedye ... Printed by Samuell Broun, 1649;  2) The varietie, a comoedy, ... London: Printed for Humphrey Moseley, 1649.; Pt. 1: Pages 25-51 have print show-through and are tightly bound with loss of text in filmed copy.  Pages 22-51 of Pt. 1 Photographed from British Library copy and inserted at end.; Reproduction of original in Huntington Library.",R16163,"",N877,13354909,"","","The country captaine, and the Varietie,","The country captaine, and the Varietie"
A53311,EEBO-TCP Phase 2,A53311.P4.xml,"The grove, or, Love's paradice an opera, represented at the Theatre Royal in Drury-lane / by Mr. Oldmixon.","","Oldmixon, Mr. (John), 1673-1742.; Purcell, Daniel, 1660?-1717.",1700,1700.,"Printed for Richard Parker ...,","London :Printed for Richard Parker ...,1700.",London :,"Without the music, written by Daniel Purcell.; Libretto by: John Oldmixon.; Advertisement: p. [2] at end.; Reproduction of original in Huntington Library.",R6491,"",O258,12988428,"","","The grove, or, Love's paradice.","The grove, or, Love's paradice"
A53458,EEBO-TCP Phase 1,A53458.P4.xml,Guzman a comedy : acted at the Theatre-Royal / written by the ... Earl of Orrery.,"","Orrery, Roger Boyle, Earl of, 1621-1679.",1693,1693.,"Printed for Francis Saunders ...,","London :Printed for Francis Saunders ...,1693.",London :,Advertisement: p. [5].; Reproduction of original in Folger Library.; Signature A missing in filmed copy. Beginning-p. 5 photographed from British Library copy and inserted at the end.,R17646,"",O478,12547299,"","",Guzman.,Guzman
A53459,EEBO-TCP Phase 1,A53459.P4.xml,Herod the Great a tragedy / written by the Right Honourable the Earl of Orrery.,"","Orrery, Roger Boyle, Earl of, 1621-1679.",1694,1694.,"Printed by T. Warren for F. Saunders ... T. Bennet ... and J. Knapton ...,","London :Printed by T. Warren for F. Saunders ... T. Bennet ... and J. Knapton ...,1694.",London :,Reproduction of original in British Library.,R21923,"",O479,12362376,"","",Herod the Great.,Herod the Great
A53462,EEBO-TCP Phase 1,A53462.P4.xml,"The history of Henry the Fifth ; and, The tragedy of Mustapha, son of Solyman the Magnificent as they were acted at His Highness the Duke of York's Theater / written by the Right Honourable the Earl of Orrery.","","Orrery, Roger Boyle, Earl of, 1621-1679",1668,1668.,"Printed for H. Herringman ...,","London :Printed for H. Herringman ...,1668.",London :,"In verse.; Caption title: Henry the Fifth.; ""The tragedy of Mustapha"" ([2], 67 p.) has special t.p.; Reproduction of original in British Library.; Imperfect: ""The tragedy of Mustapha"" is lacking on film.",R22002,"",O480,12362780,"","","The history of Henry the Fifth. And The tragedy of Mustapha, son of Solyman the Magnificent.","The history of Henry the Fifth. And The tragedy of Mustapha, son of Solyman the Magnificent"
A53468,EEBO-TCP Phase 1,A53468.P4.xml,"Mr. Anthony a comedy, as it is acted by Their Majesty's servants / written by the Right Honourable the Earl of Orrery.","","Orrery, Roger Boyle, Earl of, 1621-1679.",1690,1690.,"Printed for James Knapton ...,","London :Printed for James Knapton ...,1690.",London :,"""Never before printed""; ""Licens'd, August 27, 1689. J. Fraser""; Reproduction of original in British Library.",R22129,"",O487,12362950,"","",Mr. Anthony.,Mr. Anthony
A53477,EEBO-TCP Phase 1,A53477.P4.xml,"The tragedy of Mustapha, the son of Solyman the Magnificent written by the Right Honourable the Earl of Orrery.","Mustapha, the son of Solyman the Magnificent","Orrery, Roger Boyle, Earl of, 1621-1679.",1668,1668.,"Printed for H. Herringman ...,","London :Printed for H. Herringman ...,1668.",London :,"Filmed from: The history of Henry the Fifth; and The tragedy of Mustapha, son of Solyman the Magnificent. London : 1668.; Reproduction of original in British Library.",R22737,"",O497,12364715,"","","The tragedy of Mustapha, the son of Solyman the Magnificent written by the Right Honourable the Earl of Orrery. ","The tragedy of Mustapha, the son of Solyman the Magnificent written by the Right Honourable the Earl of Orrery. "
A53507,EEBO-TCP Phase 1,A53507.P4.xml,"Alcibiades a tragedy, acted at the Duke's Theatre / written by Tho. Otway.","","Otway, Thomas, 1652-1685.",1675,1675.,"Printed for William Cademan ...,","London :Printed for William Cademan ...,1675.",London :,"""Errata"": p. [2] at end.; Reproduction of original in Huntington Library.",R10707,"",O539,12330541,"","",Alcibiades.,Alcibiades
A53510,EEBO-TCP Phase 1,A53510.P4.xml,"The atheist, or, The second part of The souldiers fortune acted at the Duke's Theatre / written by Tho. Otway.","","Otway, Thomas, 1652-1685.",1684,1684.,"Printed for R. Bentley, and J. Tonson ...,","London :Printed for R. Bentley, and J. Tonson ...,1684.",London :,Reproduction of original in Huntington Library.,R10764,"",O541,12330556,"","","The atheist: or, The second part of The souldiers fortune.","The atheist: or, The second part of The souldiers fortune"
A53511,EEBO-TCP Phase 1,A53511.P4.xml,"Don Carlos Prince of Spain a tragedy, acted at the Duke's Theatre / written by Tho. Otway.","","Otway, Thomas, 1652-1685.; Saint-Réal, M. l'abbé de (César Vichard), 1639-1692. Dom Carlos.",1676,1676.,"Printed for Richard Tonson ...,","London :Printed for Richard Tonson ...,1676.",London :,Errata: prelim. p. [8].; First edition.; Based on Saint-Réal's novel of the same name.; Reproduction of original in Huntington Library.,R10765,"",O542,12330562,"","",Don Carlos Prince of Spain.,Don Carlos Prince of Spain
A53517,EEBO-TCP Phase 1,A53517.P4.xml,"The history and fall of Caius Marius a tragedy, as it is acted at the Duke's Theatre / by Thomas Otway.","","Otway, Thomas, 1652-1685.; Shakespeare, William, 1564-1616. Romeo and Juliet.",1680,1680.,"Printed for Tho. Flesher ...,","London :Printed for Tho. Flesher ...,1680.",London :,Taken in part from  Shakespeare's Romeo and Juliet.; Reproduction of original in Huntington Library.,R10440,"",O549,12330478,"","",The history and fall of Caius Marius.,The history and fall of Caius Marius
A53521,EEBO-TCP Phase 1,A53521.P4.xml,"The orphan, or, The unhappy-marriage a tragedy, as it is acted at His Royal Highness the Duke's Theatre / written by Tho. Otway.","","Otway, Thomas, 1652-1685.; Orrery, Roger Boyle, Earl of, 1621-1679. English adventures.",1680,1680.,"Printed for R. Bentley, and M. Magnes ...,","London :Printed for R. Bentley, and M. Magnes ...,1680.",London :,Based on a tale in Roger Boyle's English adventures.; Reproduction of original in Huntington Library.,R10494,"",O552,12330483,"","","The orphan: or, The unhappy-marriage:","The orphan: or, The unhappy-marriage"
A53530,EEBO-TCP Phase 1,A53530.P4.xml,"The souldiers fortune a comedy, acted by Their Royal Highnesses servants at the Duke's Theatre / written by Thomas Otway.","","Otway, Thomas, 1652-1685.; Molière, 1622-1673. Ecole des maris.",1681,1681.,"Printed for R. Bentley and M. Magnes ...,","London :Printed for R. Bentley and M. Magnes ...,1681.",London :,"Based on Molière's ""L'école des maris"".; Reproduction of original in Huntington Library.",R10495,"",O562,12330503,"","",The souldiers fortune:,The souldiers fortune
A53534,EEBO-TCP Phase 1,A53534.P4.xml,"Titus and Berenice, a tragedy acted at the Duke's Theatre : with a farce called The cheats of Scapin / by Tho. Otway.","","Otway, Thomas, 1652-1685.; Racine, Jean, 1639-1699. Bérénice.; Molière, 1622-1673. Fourberies de Scapin.",1677,1677.,"Printed for Richard Tonson ...,","London :Printed for Richard Tonson ...,1677.",London :,"Advertisement: p. [2] at end.; Translated and adapted from Racine's ""Bérénice"" and the farce from Molière's ""Les fourberies de Scapin"".; Reproduction of original in Huntington Library.",R9537,"",O566,12198234,"","","Titus and Berenice, a tragedy,","Titus and Berenice, a tragedy"
A53535,EEBO-TCP Phase 1,A53535.P4.xml,"Venice preserv'd, or, A plot discover'd a tragedy as it is acted at the Duke's Theatre / written by Thomas Otway.","","Otway, Thomas, 1652-1685.",1682,1682.,"Printed for Jos. Hindmarsh ...,","London :Printed for Jos. Hindmarsh ...,1682.",London :,1st edition.; Reproduction of original in Huntington Library.,R9483,"",O567,12198221,"","","Venice preserv'd, or, a plot discover'd.","Venice preserv'd, or, a plot discover'd"
A54093,EEBO-TCP Phase 2,A54093.P4.xml,"Love without interest, or, The man too hard for the master a comedy : as it was acted at the Theatre Royal by His Majesty's servants.","","Pinkethman, William, d. 1725.",1699,1699.,"Printed for Arthur Bettesworth ... and Richard Ellison ...,","London :Printed for Arthur Bettesworth ... and Richard Ellison ...,1699.",London :,"Ascribed to William Pinkethman. Cf. Baker, Biog. dram.; BM.; Reproduction of original in Huntington Library.",R19553,"",P1242,13059556,"","","Love without interest: or, The man too hard for the master.","Love without interest: or, The man too hard for the master"
A54404,EEBO-TCP Phase 1,A54404.P4.xml,"Ariadne, or, The marriage of Bacchus an opera or a vocal representation / first compos'd by Monsieur P.P., now put into musick by Monsieur Grabut ... and acted by the Royall Academy of Musick at the Theatre-Royal in Covent-Garden.",Ariadne. Libretto. English,"Grabu, Louis, d. 1694.; Perrin, P. (Pierre), ca. 1620-1675. Ariane.; Cambert, Robert, ca. 1628-1677.",1673,1673/4 [i.e. 1674],"Printed by Tho. Newcombe,","In the Savoy :Printed by Tho. Newcombe,1673/4 [i.e. 1674]",In the Savoy :,"Based on: Ariane / P. Perrin.; Probably an alteration by Grabu of Robert Cambert's original composition. Cf. New Grove; Nicoll, A. Hist. of English drama 1660-1900, 1961, v.1, p. 423.; Reproduction of original in British Library.",R20472,"",P1593,12355203,"","","Ariadne, or, The marriage of Bacchus,","Ariadne, or, The marriage of Bacchus"
A54800,EEBO-TCP Phase 1,A54800.P4.xml,"The revengeful queen a tragedy : as it was acted at the Theatre-Royal by His Majesty's servants / written by William Philips, Esq.","","Philips, William, d. 1734.; D'Avenant, William, Sir, 1606-1668. Tragedy of Albovine.",1698,1698.,"Printed for P. Buck ...,","London :Printed for P. Buck ...,1698.",London :,"On the same story as D'Avenant's Albovine, but independent of it. Cf. p. [6] of the dedication.; Advertisement on p. [2] at beginning.; Reproduction of original in University of Michigan Libraries.",R17970,"",P2118,12657390,"","",The revengeful queen:,The revengeful queen
A54921,EEBO-TCP Phase 1,A54921.P4.xml,"Piso's conspiracy, a tragedy acted at the Duke's theatre","","Lee, Nathaniel, 1653?-1692. Nero, Emperor of Rome.",1676,1676.,"Printed by T. M. for W. Cademan ...,","London :Printed by T. M. for W. Cademan ...,1676.",London :,In verse.; Altered from Nathaniel Lee's tragedy of Nero published anonymously in 1624.  Cf. BM.; Reproduction of original in Huntington Library.,R4724,"",P2285,13471083,"","","Piso's conspiracy,",Piso's conspiracy
A54955,EEBO-TCP Phase 1,A54955.P4.xml,"The beau defeated, or, The lucky younger brother a comedy, as it is now acted by His Majesty's servants at the New Theatre in Lincolns-Inn-Fields.","","Pix, Mary, 1666-1720.; Barker & Henry.",1700,[1700],"Printed for W. Turner ... and R. Basset ...,","London :Printed for W. Turner ... and R. Basset ...,[1700]",London :,Dedication signed: Mary Pix.; Occasionally attributed to H. Barker.; Date of publication suggested by Wing.; Advertisement: [1] p. at end.; Reproduction of original in the Huntington Library.,R35375,"",P2326,15265778,"","","The beau defeated: or, The lucky younger brother.","The beau defeated: or, The lucky younger brother"
A54956,EEBO-TCP Phase 1,A54956.P4.xml,"The deceiver deceived a comedy , as 'tis now acted by His Majesty's servants at the theatre in Little-Lincolns-Inn-Fields.","","Pix, Mary, 1666-1720.",1698,1698.,"Printed for R. Basset...,","London :Printed for R. Basset...,1698.",London :,Dedication signed: Mary Pix.; Reproduction of original in Bodleian Library.,R1715,"",P2327,11877073,"","",The deceiver deceived:,The deceiver deceived
A54957,EEBO-TCP Phase 1,A54957.P4.xml,"The false friend, or The fate of disobedience a tragedy, as it is acted at the new theatre in Little Lincolns-Inn-Fields / written by Mrs. Pix.","","Pix, Mary, 1666-1720.",1699,1699.,"Printed for Richard Basset...,","London :Printed for Richard Basset...,1699.",London :,Dedication signed: Mary Pix.; Reproduction of original in Bodleian Library.,R3201,"",P2328,11880816,"","","The false friend, or, the fate of disobedience·","The false friend, or, the fate of disobedience"
A54958,EEBO-TCP Phase 1,A54958.P4.xml,"Ibrahim, the thirteenth Emperour of the Turks a tragedy, as it is acted by His Majesties servants / by Mrs. Mary Pix.","","Pix, Mary, 1666-1720.",1696,1696.,"Printed for John Harding, and Richard Wilkin,","London :Printed for John Harding, and Richard Wilkin,1696.",London :,Advertisement on p. [1] at end.; Reproduction of original in Bodleian Library.,R3152,"",P2329,11880807,"","","Ibrahim, the thirteenth Emperour of the Turks:","Ibrahim, the thirteenth Emperour of the Turks"
A54959,EEBO-TCP Phase 1,A54959.P4.xml,"The innocent mistress a comedy, as it was acted by His Majesty's servants at the theatre in Little-Lincolns-Inn-Fields / written by Mrs. Mary Pix.","","Pix, Mary, 1666-1720.; Etherege, George, Sir, 1635?-1691. Man of mode.",1697,1697.,"Printed by J. Orme, for R. Basset, and F. Cogan,","London :Printed by J. Orme, for R. Basset, and F. Cogan,1697.",London :,"Errata on p. 52.; Taken in part from Sir George Etherege's ""The man of mode"".; Reproduction of original in Huntington Library.",R3117,"",P2330,11880799,"","",The innocent mistress.,The innocent mistress
A54960,EEBO-TCP Phase 1,A54960.P4.xml,"The Spanish wives a farce, as it was acted by His Majesty's servants at the theatre in Dorset-Garden.","","Pix, Mary, 1666-1720.; Brémond, Gabriel de. Pelerin.",1696,1696.,"Printed for R. Wellington ...,","London :Printed for R. Wellington ...,1696.",London :,Dedication signed: Mary Pix.; Based on: Le Pelerin / Gabriel de Brémond.; Advertisement on t.p.; Reproduction of original in Huntington Library.,R8660,"",P2332,12993904,"","",The Spanish wives.,The Spanish wives
A55475,EEBO-TCP Phase 1,A55475.P4.xml,"Herod and Mariamne a tragedy, acted at the Duke's Theatre.","","Pordage, Samuel, 1633-1691?; Settle, Elkanah, 1648-1724.",1673,1673.,"Printed for William Cademan ...,","London :Printed for William Cademan ...,1673.",London :,"Written by Samuel Pordage. Cf. BM.; First ed. Cf. NUC pre-1956.; Dedication signed by the editor, Elkanah Settle.; Errata: p. 65.; Reproduction of original in Folger Library.",R19069,"",P2969,12397814,"","",Herod and Mariamne.,Herod and Mariamne
A55482,EEBO-TCP Phase 1,A55482.P4.xml,"The siege of Babylon as it is acted at the Dukes Theatre / written by Samuel Pordage of Lincolns-Inn, Esq. ...","","Pordage, Samuel, 1633-1691?",1678,1678.,"Printed for Richard Tonson ...,","London :Printed for Richard Tonson ...,1678.",London :,"""Licensed, Nov. 2, 1677. Roger L'Estrange""; Advertisements: p. [9].; Reproduction of original in Huntington Library.",R17800,"",P2977,12395329,"","",The siege of Babylon:,The siege of Babylon
A55492,EEBO-TCP Phase 1,A55492.P4.xml,"The French conjurer a comedy : as it is acted at the Duke of York's Theatre / written by T.P., Gent.","","Porter, T. (Thomas), 1636-1680.; Alemán, Mateo, 1547-1614? Aventuras y vida de Guzmán de Alfarache.",1678,1678.,"Printed for L. Curtis ...,","London :Printed for L. Curtis ...,1678.",London :,"Based in part on: Aventuras y vida de Guzmán de Alfarache / Mateo Alemān.; ""Licensed, Aug. 2, 1677. Ro. L'Estrange""; Reproduction of original in Huntington Library.",R9845,"",P2991,12998870,"","",The French conjurer.,The French conjurer
A55493,EEBO-TCP Phase 1,A55493.P4.xml,"The villain a tragedy / written by T. Porter, Esq.","","Porter, T. (Thomas), 1636-1680.",1663,1663.,"Printed for Henry Herringman ... and Samuel Speed ...,","London :Printed for Henry Herringman ... and Samuel Speed ...,1663.",London :,Reproduction of original in Huntington Library.,R12291,"",P2995,12591888,"","","The villain,",The villain
A55496,EEBO-TCP Phase 1,A55496.P4.xml,"A witty combat, or, The female victor a trage-comedy : as it was acted by persons of quality in Whitson-week with great applause / written by T.P., Gent.","","Porter, T. (Thomas), 1636-1680.",1663,1663.,"Printed for Tho. Roberts ...,","London :Printed for Tho. Roberts ...,1663.",London :,"About the adventuress Mary Moders, alias Carleton, who masqueraded as a ""German princess.""; Has been identified with the ""German princess,"" a play produced in 1664. Cf. NUC pre-1956.; Written by Thomas Porter. Cf. BM.; Reproduction of original in Harvard University Libraries.",R9998,"",P2998,12999025,"","","A witty combat: or, The female victor.","A witty combat: or, The female victor"
A55539,EEBO-TCP Phase 1,A55539.P4.xml,"Alphonso, King of Naples a tragedy, as it is acted at the Theatre Royal by Their Majesties servants / written by George Powell.","","Powell, George, 1658?-1714.",1691,1691.,"Printed for Abel Roper, and Thomas Bever,","London :Printed for Abel Roper, and Thomas Bever,1691.",London :,Reproduction of original in Huntington Library.,R3298,"",P3047,11880855,"","",Alphonso King of Naples·,Alphonso King of Naples
A55540,EEBO-TCP Phase 1,A55540.P4.xml,The Cornish comedy as it is acted at the Theatre-Royal in Dorset-Garden by His Majesty's servants.,"","Powell, George, 1658?-1714.",1696,1696.,"Printed for D. Brown ... and T. Bennet ... and K. Gately ...,","London :Printed for D. Brown ... and T. Bennet ... and K. Gately ...,1696.",London :,"Dedication signed by George Powell, who asserts that the play was given to him by the author.; First ed. Cf. BM.; Reproduction of original in Huntington Library.",R19406,"",P3048,12673403,"","","The Cornish comedy,",The Cornish comedy
A55542,EEBO-TCP Phase 1,A55542.P4.xml,"The imposture defeated, or, A trick to cheat the devil a comedy, as it was acted by His Majesties servants, at the Theatre in Drury-lane.","","Powell, George, 1658?-1714.",1698,1698.,"Printed for Richard Wellington ...,","London :Printed for Richard Wellington ...,1698.",London :,Advertisement: t.p. and p. [1] at end.; Reproduction of original in British Library.,R23302,"",P3051,12758174,"","","The imposture defeated: or, A trick to cheat the devil.","The imposture defeated: or, A trick to cheat the devil"
A55543,EEBO-TCP Phase 1,A55543.P4.xml,"A new opera called Brutus of Alba, or, Augusta's triumph as it is acted at the theatre in Dorset-Garden, by His Majesty's servants.",Brutus of Alba,"Powell, George, 1658?-1714.; Purcell, Daniel, 1660?-1717.; Verbruggen, John, d. 1708?; Tate, Nahum, 1652-1715. Brutus of Alba.",1697,MDCXCVII [1697],"Printed by W. Onley for Sam. Briscoe ...,","London :Printed by W. Onley for Sam. Briscoe ...,MDCXCVII [1697]",London :,"Without the music by Purcell.  Cf. Grove, 5th ed.; Anonymous libretto published by George Powell and John Verbruggen to whom it is sometimes ascribed--NUC pre-1956 imprints.  Cf. aalso Nicoll, A.  A hist. of Eng. drama, 1660-1900, 1961, v. 1, p. 425.; Founded on the tragedy of the same name of Nahum Tate.; Numerous errors in pagination.; Reproduction of original in the Huntington Library.",R32181,"",P3052,12353995,"","","A new opera; called, Brutus of Alba: or, Augusta's triumph.","A new opera; called, Brutus of Alba: or, Augusta's triumph"
A55546,EEBO-TCP Phase 1,A55546.P4.xml,"The treacherous brothers a tragedy, as it is acted by Their Majesty's servants at the Theatre-royal / written by George Powell.","","Powell, George, 1658?-1714.; Bayly, Thomas, d. 1657? Herba parietis.",1690,1690.,"Printed for James Blackwell ... and sold by Randal Taylor ...,","London :Printed for James Blackwell ... and sold by Randal Taylor ...,1690.",London :,"Reproduction of original in Huntington Library.; The main incident is taken from Bayly's ""Herba parietis, or, The wallflower.""; ""Epilogue. Writ by Mr. Mountfort, spoken by Mrs. Butler in mans apparel"": p. [1] at end.",R37128,"",P3056,16219547,"","","The treacherous brothers,",The treacherous brothers
A55548,EEBO-TCP Phase 1,A55548.P4.xml,"A very good wife a comedy, as it is acted by Their Majesties servants at the Theatre-Royal.","","Powell, George, 1658?-1714.; Brome, Richard, d. 1652? City wit.; Brome, Richard, d. 1652? Court begger.",1693,1693.,"Printed for Samuel Briscoe ...,","London :Printed for Samuel Briscoe ...,1693.",London :,"Advertisement: p. 47 and p. [1] at end.; Dedication signed: George Powell.; Borrows from Richard Brome's ""City wit"" and ""Court begger,"" and other plays.; Imperfect: Print show through.; Reproduction of original in Huntington Library.",R1147,"",P3058,12013024,"","",A very good wife.,A very good wife
A56304,EEBO-TCP Phase 2,A56304.P4.xml,"The puritanical justice, or, The beggars turn'd thieves by way of farce as it was lately acted in and about the city of London.","","",1698,1698.,"Printed and are to be sold by John Wells ...,","London :Printed and are to be sold by John Wells ...,1698.",London :,Reproduction of original in Huntington Library.,R8137,"",P4231,12639356,"","","The puritanical justice: or, The beggars turn'd thieves,","The puritanical justice: or, The beggars turn'd thieves"
A56731,EEBO-TCP Phase 2,A56731.P4.xml,The fatal jealousie a tragedy acted at the Duke's Theatre.,"","Payne, Henry Neville, fl. 1672-1710.",1673,1673.,"Printed for Thomas Dring ...,","London :Printed for Thomas Dring ...,1673.",London :,"Ascribed to Payne.  Cf. DNB.; In verse.; ""Licensed Novemb. 22, 1672; Roger L'Estrange.""; Reproduction of original in Cambridge University Library.",R11156,"",P889,13790742,"","",The fatal jealousie.,The fatal jealousie
A56734,EEBO-TCP Phase 2,A56734.P4.xml,"The morning ramble, or, The town-humours a comedy acted at the Duke's Theatre.","","Payne, Henry Neville, fl. 1672-1710.",1673,1673.,"Printed for Thomas Dring ...,","London :Printed for Thomas Dring ...,1673.",London :,Attributed to Henry Payne.  Cf. Halkett & Laing.; Reproduction of original in Huntington Library.,R11211,"",P892,13790835,"","","The morning ramble, or, The town-humours:","The morning ramble, or, The town-humours"
A57093,EEBO-TCP Phase 1,A57093.P4.xml,"The victim, or, Achilles and Iphigenia in Aulis a tragedy. As it was acted at the Theatre-Royal, in Drury-Lane / written by Mr. Boyer.","","Boyer, Abel, 1667-1729.; Racine, Jean, 1639-1699. Iphigénie.",1714,1714.,"Printed for James Knapton; William Taylor; J. Baker; and W. Lewis, ","London : Printed for James Knapton; William Taylor; J. Baker; and W. Lewis, 1714.",London : ,Translation and adaptation of: Iphigénie / Racine.; Dedicatory pages and discussion of the tragedy [11 p.] precede t.p.; Errata: p. 48.; Reproduction of original in Huntington Library.,T126064,"","",85876650,"","","The victim,",The victim
A57098,EEBO-TCP Phase 2,A57098.P4.xml,"The town-shifts, or, The suburb-justice a comedy, as it is acted at His Royal Highness the Duke of York's theatre.","","Revet, Edward, fl. 1671.",1671,1671.,"Printed for Thomas Dring ... and William Cademan ...,","London :Printed for Thomas Dring ... and William Cademan ...,1671.",London :,Reproduction of original in Huntington Library.; Epistle dedicatory signed: Edw. Revet.; Attributed to Edward Revet. cf. NUC pre-1956.,R635,"",R1194,12241226,"","","The town--shifts, or, The suburb-justice:","The town--shifts, or, The suburb-justice"
A57223,EEBO-TCP Phase 2,A57223.P4.xml,"The Christmas ordinary a private show, wherein is expressed the jovial freedom of that festival : as it was acted at a gentleman's house among other revels / by W.R., Master of Arts.","","W. R., Master of Arts.; W. R. (William Richards), 1643-1705.",1682,1682.,"Printed for James Courtney ...,","London :Printed for James Courtney ...,1682.",London :,"Written by W.R., Master of Arts [i.e., W. Richards]. Cf. BM.; Reproduction of original in Huntington Library.",R6598,"",R1375,13223073,"","","The Christmas ordinary,",The Christmas ordinary
A57763,EEBO-TCP Phase 1,A57763.P4.xml,"The birth of Merlin, or, The childe hath found his father as it hath been several times acted with great applause / written by William Shakespear and William Rowley.","","Rowley, William, 1585?-1642?; Shakespeare, William, 1564-1616.; Birmingham Shakespeare Library.",1662,1662.,"Printed by Tho. Johnson for Francis Kirkman and Henry Marsh ...,","London :Printed by Tho. Johnson for Francis Kirkman and Henry Marsh ...,1662.",London :,The ascription to Shakespeare is not generally accepted.; Reproduction of original in Huntington Library.,R7261,"",R2096,13510839,"","","The birth of Merlin: or, The childe hath found his father.","The birth of Merlin: or, The childe hath found his father"
A57782,EEBO-TCP Phase 2,A57782.P4.xml,"The Rampant alderman, or, News from the exchange a farce.","","Marmion, Shackerley, 1603-1639. Fine companion.",1685,1685.,"Printed, and are to be sold by Randal Taylor ...,","London :Printed, and are to be sold by Randal Taylor ...,1685.",London :,"Taken from Marmion's ""A fine companion"" and other plays.; Reproduction of original in Harvard University Libraries.",R9027,"",R212,12383309,"","","The rampant alderman, or News from the Exchange,","The rampant alderman, or News from the Exchange"
A57784,EEBO-TCP Phase 2,A57784.P4.xml,"The Royal cuckold, or, Great bastard giving an account of the birth and pedegree of Lewis le Grand, the first French King of that name and race : a tragy-comedy / translated out of the German by Paul Vergerius.","","Vergerius, Paul.",1693,1693.,"Printed, and are to be sold by Richard Baldwin,","London :Printed, and are to be sold by Richard Baldwin,1693.",London :,"""Licensed and entered according to order.""; Reproduction of original in the Huntington Library.",R28111,"",R2125,10409853,"","","The Royal cuckold: or, Great bastard.","The Royal cuckold: or, Great bastard"
A57786,EEBO-TCP Phase 2,A57786.P4.xml,"The royal flight, or, The conquest of Ireland a new farce.","","",1690,1690.,"Printed for Richard Baldwin ...,","London :Printed for Richard Baldwin ...,1690.",London :,"Advertisement: p. [2]-[3] at end.; Perhaps the second part of ""The royal voyage, or The Irish expedition: a tragicomedy, acted in the years 1689 and 90"", issued by the same publisher in 1690.; Reproduction of original in Huntington Library.",R23077,"",R2129,12062815,"","","The royal flight: or, The conquest of Ireland.","The royal flight: or, The conquest of Ireland"
A57800,EEBO-TCP Phase 2,A57800.P4.xml,"The Royal voyage, or, The Irish expedition a tragicomedy, acted in the years 1689 and 90.","","",1690,1690.,"Printed for Richard Baldwin ...,","London :Printed for Richard Baldwin ...,1690.",London :,Numerous errors in paging.; Reproduction of original in the Huntington Library.,R35329,"",R2157,15247561,"","","The Royal voyage, or The Irish expedition:","The Royal voyage, or The Irish expedition"
A57849,EEBO-TCP Phase 1,A57849.P4.xml,"The English lawyer a comedy, acted at the Royal Theatre / written by Edvvard Ravenscroft ...","","Ravenscroft, Edward, 1654?-1707.; Ruggle, George, 1575-1622. Ignoramus.",1678,1678.,"Printed by J. M. for James Vade ...,","London :Printed by J. M. for James Vade ...,1678.",London :,"A translation and adaptation by Ravenscroft of Ruggle's Latin play, ""Ignoramus"".; Published in 1736 under title: Ignoramus, or, The English lawyer.; Reproduction of original in Huntington Library.",R7262,"",R2211,13510857,"","",The English lawyer;,The English lawyer
A57850,EEBO-TCP Phase 1,A57850.P4.xml,"Ignoramus a comedy as it was several times acted with extraordinary applause before the Majesty of King James : with a supplement which, out of respect to the students of the common law, was hitherto wanting / written in Latine by R. Ruggles ... ; and translated into English by R. C. ...","","Ruggle, George, 1575-1622.; Codrington, Robert, 1601-1665.",1662,1662.,"Printed for W. Gilbertson ...,","London :Printed for W. Gilbertson ...,1662.",London :,Translated by Robert Codrington.; Published 1678 with title: The English lawyer.; Reproduction of original in Huntington Library.,R7316,"",R2212,13510876,"","",Ignoramus:,Ignoramus
A57988,EEBO-TCP Phase 1,A57988.P4.xml,The muses looking-glasse by T.R.,"","Randolph, Thomas, 1605-1635.",1643,1643.,"[s.n.],","London printed :[s.n.],1643.",London printed :,"""The second part of his Poems, with The muses looking-glass, and Amyntas..."" -- NUC pre-1956 imprints.; Imperfect: print show-through with some loss of print.; Reproduction of original in the Harvard University Library.",R231242,"",R240,12610934,"","","Poems,",Poems
A58017,EEBO-TCP Phase 1,A58017.P4.xml,"Edgar, or the English monarch an heroick tragedy. By Mr. Thomas Rymer, servant to Their Majesties.","","Rymer, Thomas, 1641-1713.",1693,1693.,"printed for James Knapton, at the Crown in St. Pauls-Church-yard,","London :printed for James Knapton, at the Crown in St. Pauls-Church-yard,1693.",London :,"In verse - a play.; Includes an advertisment page on p. [5] and p. [1] at end of text.; Caption title on p. 1: Edgar, a tragedy.; Reproduction of the original at the British Library.",R218574,"",R2424A,99830156,"","","Edgar, or the English monarch;","Edgar, or the English monarch"
A58051,EEBO-TCP Phase 2,A58051.P4.xml,The rape of Europa by Jupiter a masques as it is sung at the Queens theatre in Dorset-Garden by their Majesties servants.,"",S. C.,1694,1694.,"Printed by M. Bennet ...,","London :Printed by M. Bennet ...,1694.",London :,Signed: S. C.; In verse.; Reproduction of original in Huntington Library.,R14094,"",R256,13335937,"","",The rape of Europa by Jupiter·,The rape of Europa by Jupiter
A58109,EEBO-TCP Phase 1,A58109.P4.xml,"The Canterbury guests, or, A bargain broken a comedy : acted at the Theatre-Royal / written by Mr. Edward Ravenscroft.","","Ravenscroft, Edward, 1654?-1707.",1695,1695.,"Printed for Daniel Brown ... and John Walthoe ...,","London :Printed for Daniel Brown ... and John Walthoe ...,1695.",London :,Reproduction of original in Cambridge University Library.,R13534,"",R327,13020111,"","","The Canterbury guests; or, A bargain broken.","The Canterbury guests; or, A bargain broken"
A58110,EEBO-TCP Phase 1,A58110.P4.xml,The careless lovers a comedy acted at the Duke's theatre / written by Edward Ravenscrofts ...,"","Ravenscroft, Edward, 1654?-1707.",1673,1673.,"Printed for William Cademan ...,","London :Printed for William Cademan ...,1673.",London :,"Taken in part from Molièrès ""Monsieur de Pourceaugnac.""; Reproduction of original in Huntington Library.",R14143,"",R328,13335965,"","",The careless lovers:,The careless lovers
A58111,EEBO-TCP Phase 1,A58111.P4.xml,"Dame Dobson, or, The cunning woman a comedy as it is acted at the Duke's Theatre / by Edward Ravenscroft ...","","Ravenscroft, Edward, 1654?-1707.; Corneille, Thomas, 1625-1709. Devineresse.",1684,1684.,"Printed for Joseph Hindmarsh ...,","London :Printed for Joseph Hindmarsh ...,1684.",London :,"""An adaption of 'La devineresse; or Les faux enchantemens', by Thomas Corneille and Jean Donneau de Vizé""--NUC pre-1956 imprints.; ""The prologue and epilogue were published separately, 1683.""--NUC pre-1956 imprints.; Reproduction of original in the British Library.",R39092,"",R329,18212153,"","","Dame Dobson: or, The cunning woman.","Dame Dobson: or, The cunning woman"
A58113,EEBO-TCP Phase 1,A58113.P4.xml,"The Italian husband a tragedy, acted at the Theatre in Lincolns-Inn-Fields / by Edw. Ravenscroft.","","Ravenscroft, Edward, 1654?-1707.",1698,1698.,"Printed for Isaac Cleave ...,","London :Printed for Isaac Cleave ...,1698.",London :,"Prologue preceded by The praelude, a dialogue on the play.; Reproduction of original in Bodleian Library.",R20734,"",R330,12356539,"","",The Italian husband.,The Italian husband
A58114,EEBO-TCP Phase 1,A58114.P4.xml,King Edgar and Alfreda a tragi-comedy : acted at the Theatre-Royal / written by Edward Ravenscroft ...,"","Ravenscroft, Edward, 1654?-1707.",1677,1677.,"Printed for M. Turner ...,","London :Printed for M. Turner ...,1677.",London :,Reproduction of original in Huntington Library.,R14144,"",R331,13336001,"","",King Edgar and Alfreda·,King Edgar and Alfreda
A58115,EEBO-TCP Phase 1,A58115.P4.xml,"The London cockolds a comedy as it is acted at The Duke's Theatre / by Edward Ravenscroft, Gent.","","Ravenscroft, Edward, 1654?-1707.",1682,1682.,"Printed for Jos. Hindmarsh ...,","London :Printed for Jos. Hindmarsh ...,1682.",London :,"Wing card, C4457, preceeding text does not correspond to the work filmed.; ""Epilogue"": [2] p. at end.; Reproduction of original in Harvard University Libraries.",R13533,"",R332,13020068,"","",The London cockolds.,The London cockolds
A58120,EEBO-TCP Phase 1,A58120.P4.xml,"Scaramouch a philosopher, Harlequin a school-boy, bravo, merchant, and magician a comedy after the Italian manner : acted at the Theatre-Royal / written by Mr. Edward Ravenscroft.","","Ravenscroft, Edward, 1654?-1707.; Molière, 1622-1673. Bourgeois gentilhomme.; Molière, 1622-1673. Mariage forcé.",1677,1677.,"Printed for Robert Sollers ...,","[London] :Printed for Robert Sollers ...,1677.",[London] :,"Based in part on Molière's ""Le bourgeois gentilhomme"" and ""Le mariage forcé"".; Reproduction of original in Bodleian Library.",R20733,"",R337,12356526,"","","Scaramouch a philosopher, Harlequin a school-boy, bravo, merchant, and magician.","Scaramouch a philosopher, Harlequin a school-boy, bravo, merchant, and magician"
A58121,EEBO-TCP Phase 1,A58121.P4.xml,"The wrangling lovers, or, The invisible mistress a comedy.","","Ravenscroft, Edward, 1654?-1707.",1677,1677.,"Printed for William Crook ...,","London :Printed for William Crook ...,1677.",London :,"Attributed to Edward Ravenscroft. Cf. DNB.; ""As it is now acted at the Dukes-Theatre.""; Reproduction of original in Bodleian Library.",R17860,"",R338,11741911,"","","The wrangling lovers: or, The invisible mistress.","The wrangling lovers: or, The invisible mistress"
A58141,EEBO-TCP Phase 1,A58141.P4.xml,"Tom Essence, or, The modish wife a comedy : as it is acted at the Duke's Theatre.","","Rawlins, Thomas, 1620?-1670.; Molière, 1622-1673. Sganarelle.; Corneille, Thomas, 1625-1709. D. César d'Avalos.",1677,1677.,"Printed by T.M. for W. Cademan ...,","London :Printed by T.M. for W. Cademan ...,1677.",London :,"Based on: Sganarelle / Molière, and D. César d'Avalos / Corneille.; Attributed to Thomas Rawlins. Cf. BM.; ""Licensed, Novemb. the 4th, 1676. Roger L'Estrange""; ""Epilogue"": p. [1] at end.; Reproduction of original in Huntington Library.",R13535,"",R366,13020176,"","","Tom Essence: or, The modish wife.","Tom Essence: or, The modish wife"
A58142,EEBO-TCP Phase 1,A58142.P4.xml,"Tunbridge-Wells, or, A days courtship a comedy : as it is acted at the Dukes-Theatre / written by a person of quality ...","","Rawlins, Thomas, 1620?-1670.",1678,1678.,"Printed and are to be sold by Henry Rogers ...,","London :Printed and are to be sold by Henry Rogers ...,1678.",London :,"Attributed to Thomas Rawlins. Cf. BM.; ""Licensed, Roger L'Estrange""; Advertisement on p. [2] at end.; Reproduction of original in University of Michigan Libraries.",R21395,"",R368,12682581,"","",Tunbridge-Wells: or A days courtship.,Tunbridge-Wells: or A days courtship
A58478,EEBO-TCP Phase 2,A58478.P4.xml,"The Religious-rebell, or, The pilgrim-prince a tragædy.","","",1671,1671.,"s.n.],","[London :s.n.],1671.",[London :,Title page vignette.; Place of publication from Wing.; Epilogue on p. [1] at end.; Reproduction of original in Huntington Library.,R14387,"",R910,13024568,"","","The religious-rebell, or The pilgrim-prince.","The religious-rebell, or The pilgrim-prince"
A58829,EEBO-TCP Phase 2,A58829.P4.xml,"The unhappy kindness, or, A fruitless revenge a tragedy, as it is acted at the Theatre Royal / wrirten [sic] by Mr. Scot.","","Scott, Mr. (Thomas), fl. 1696-1697.; Fletcher, John, 1579-1625. Wife for a month.",1697,1697.,"Printed for H. Rhodes ... S. Briscoe ... and R. Parker ...,","London :Printed for H. Rhodes ... S. Briscoe ... and R. Parker ...,1697.",London :,An alteration of Fletcher's A wife for a month.; Error in paging: p. numbers 41-50 omitted.; Reproduction of original in the Huntington Library.,R38225,"",S2089B,17215173,"","",The unhappy kindness: or A fruitless revenge.,The unhappy kindness: or A fruitless revenge
A59051,EEBO-TCP Phase 1,A59051.P4.xml,"Antony and Cleopatra a tragedy, as it is acted at the Dukes Theatre / written by the Honourable Sir Charles Sedley, Baronet.",Antony and Cleopatra,"Sedley, Charles, Sir, 1639?-1701.",1677,1677.,"Printed for Richard Tonson ...,","London :Printed for Richard Tonson ...,1677.",London :,"Published in 1702 as: Beauty the conqueror, or, The death of Marc Antony.; ""Licensed Apr. 24, 1677. Roger L'Estrange""; Errata on p. [4].; Advertisements on p. [4] at beginning and p. [1]-[2] at end.; Reproduction of original in Harvard University Library.",R14028,"",S2395,12255093,"","",Antony and Cleopatra:,Antony and Cleopatra
A59053,EEBO-TCP Phase 1,A59053.P4.xml,"Bellamira, or, The mistress a comedy : as it is acted by Their Majesties servants / written by the Honourable Sir Charles Sedley, Baronet.","","Sedley, Charles, Sir, 1639?-1701.; Terence. Eunuchus.",1687,1687.,"Printed by D. Mallet for L.C. and Timothy Goodwin ...,","London :Printed by D. Mallet for L.C. and Timothy Goodwin ...,1687.",London :,"Based on: Eunuchus / Terrence.; ""Licensed, May 24, 1687. Rog. L'Estrange""; Advertisement: p. [7].; Reproduction of original in British Library.",R9785,"",S2397,12532920,"","","Bellamira, or The mistress,","Bellamira, or The mistress"
A59056,EEBO-TCP Phase 1,A59056.P4.xml,The mulberry-garden a comedy : as it is acted by His Majestie's servants at the Theatre-Royal / written by the Honourable Sir Charles Sidley.,"","Sedley, Charles, Sir, 1639?-1701.; Molière, 1622-1673. Ecole des maris.",1668,1668.,"Printed for H. Herringman ...,","London :Printed for H. Herringman ...,1668.",London :,Based in part on: Lè́cole des maris / Molière.; Reproduction of original in British Library.,R8813,"",S2402,12530405,"","","The mulberry-garden,",The mulberry-garden
A59185,EEBO-TCP Phase 2,A59185.P4.xml,"Thyestes a tragedy, translated out of Seneca to which is added mock-thyestes, in burlesque / by F. W. Gent",Thyestes. English,"Seneca, Lucius Annaeus, ca. 4 B.C.-65 A.D.; J. W. (John Wright), fl. 1674. Mock-Thyestes.",1674,1674.,"Printed by T. R. and N. T. for Allen Banks ...,","London :Printed by T. R. and N. T. for Allen Banks ...,1674.",London :,Dedicatory signed : John Wright.; Reproduction of original in Bodleian Library.,R19687,"",S2523,11765689,"","","Thyestes a tragedy,",Thyestes a tragedy
A59189,EEBO-TCP Phase 1,A59189.P4.xml,"Troades, or, The royal captives a tragedy / written originally in Latin by Lucius Annæus Seneca ... ; English'd by Edward Sherburne, Esq. ; with annotations.",Troades. English,"Seneca, Lucius Annaeus, ca. 4 B.C.-65 A.D.; Sherburne, Edward, Sir, 1618-1702.",1679,1679.,"Printed by Anne Godbid and John Playford, for Samuel Carr ...,","London :Printed by Anne Godbid and John Playford, for Samuel Carr ...,1679.",London :,Translation of: Troades.; Errata: p. [10].; Reproduction of original in Harvard University Libraries.,R13947,"",S2528,13023405,"","","Troades: or, The royal captives.","Troades: or, The royal captives"
A59288,EEBO-TCP Phase 1,A59288.P4.xml,"The ambitious slave, or, A generous revenge a tragedy acted at the Theatre Royal / written by E. Settle.","","Settle, Elkanah, 1648-1724.",1694,1694.,"Printed for A. Roper and E. Wilkinson ...,","London :Printed for A. Roper and E. Wilkinson ...,1694.",London :,In verse.; Advertisement: p. [2] at end.; Reproduction of original in Huntington Library.,R10530,"",S2654,11907310,"","","The ambitious slave: or, a generous revenge,","The ambitious slave: or, a generous revenge"
A59295,EEBO-TCP Phase 1,A59295.P4.xml,"Cambyses, King of Persia a tragedy ... / written by Elkanah Settle, Gent.","","Settle, Elkanah, 1648-1724.",1671,1671.,"Printed for William Cademan ...,","London :Printed for William Cademan ...,1671.",London :,First ed. Cf. NUC pre-1956.; Reproduction of original in Yale University Library.,R18117,"",S2664,12437590,"","",Cambyses King of Persia:,Cambyses King of Persia
A59304,EEBO-TCP Phase 1,A59304.P4.xml,"The conquest of China by the Tartars a tragedy, acted at the Duke's Theatre / written by Elkanah Settle ...","","Settle, Elkanah, 1648-1724.",1676,1676.,"Printed by T.M. for W. Cademan ...,","London :Printed by T.M. for W. Cademan ...,1676.",London :,Errata: p. [8].; Reproduction of original in Huntington Library.,R18258,"",S2675,12437741,"","","The conquest of China, by the Tartars.","The conquest of China, by the Tartars"
A59309,EEBO-TCP Phase 1,A59309.P4.xml,The fairy-queen an opera : represented at the Queen's-Theatre by Their Majesties servants.,Fairy queen. Libretto,"Purcell, Henry, 1659-1695.; Settle, Elkanah, 1648-1724.; Shakespeare, William, 1564-1616. Midsummer night's dream.",1692,1692.,"Printed for Jacob Tonson ...,","London :Printed for Jacob Tonson ...,1692.",London :,"Music composed by Henry Purcell. Cf. New Grove.; Libretto perhaps by E. Settle. Cf. Loewenberg, A. Annals of opera, 1597-1940; Brown, F.C. Elkanah Settle, p. 95-96. Based on Shakespeare's Midsummer night's dream.; Reproduction of original in Newberry Library.",R22092,"",S2681,12619466,"","",The fairy-queen:,The fairy-queen
A59311,EEBO-TCP Phase 1,A59311.P4.xml,"Fatal love, or, The forc'd inconstancy a tragedy acted at the Theatre Royal / written by Elkanah Settle ...","","Settle, Elkanah, 1648-1724.",1680,1680.,"Printed for William Cademan ...,","London :Printed for William Cademan ...,1680.",London :,"Reproduction of original in Huntington Library.; Based on a Greek romance by Achilles Tatius, Clitiphon and Leucippe.",R10640,"",S2683,11907432,"","","Fatal love: or, The forc'd inconstancy,","Fatal love: or, The forc'd inconstancy"
A59312,EEBO-TCP Phase 1,A59312.P4.xml,The female prelate being the history of the life and death of Pope Joan : a tragedy: as it is acted at the Theatre Royal / written by Elkanah Settle ...,"","Settle, Elkanah, 1648-1724.",1680,1680.,"Printed for W. Cademan ...,","London :Printed for W. Cademan ...,1680.",London :,Imperfect: pages stained; p. 56-72 of defective Huntington Library copy spliced at end.; Reproduction of original in the Harvard University Library.,R32649,"",S2684,12740000,"","",The female prelate:,The female prelate
A59315,EEBO-TCP Phase 1,A59315.P4.xml,"The heir of Morocco, with the death of Gayland acted at the Theatre Royal / by E. Settle.","","Settle, Elkanah, 1648-1724.",1682,1682.,"Printed for William Cademan ...,","London :Printed for William Cademan ...,1682.",London :,In verse.; Reproduction of original in Huntington Library.,R10746,"",S2689,11907554,"","","The heir of Morocco,",The heir of Morocco
A59320,EEBO-TCP Phase 1,A59320.P4.xml,Ibrahim the illustrious Bassa a tragedy : acted at the Duke's Theatre / written by Elkanah Settle ...,Ibrahim,"Settle, Elkanah, 1648-1724.; Scudéry, Madeleine de, 1607-1701. Ibrahim.",1677,1677.,"Printed by T.M. for W. Cademan ...,","London :Printed by T.M. for W. Cademan ...,1677.",London :,"First ed. Cf. BM.; Adaptation of: Ibrahim, or, L'illustre Bassa / M. Scudéry.; Page 59 has print faded in the filmed copy. Pages 48-73 photographed from Newberry Library copy and inserted at end.; Reproduction of original in Folger Library.",R22581,"",S2694,12621490,"","",Ibrahim the illustrious Bassa.,Ibrahim the illustrious Bassa
A59324,EEBO-TCP Phase 1,A59324.P4.xml,Love and revenge a tragedy acted at the Duke's Theatre / written by Elkanah Settle ...,"","Settle, Elkanah, 1648-1724.",1675,1675.,"Printed for William Cademan ...,","London :Printed for William Cademan ...,1675.",London :,"Founded on ""The fatal contract"" of Heming. cf. Post-script.; Reproduction of original in Huntington Library.",R10693,"",S2698,11907467,"","",Love and revenge:,Love and revenge
A59327,EEBO-TCP Phase 2,A59327.P4.xml,"The new Athenian comedy containing the politicks, oeconomicks, tacticks, crypticks, apocalypticks, stypticks, scepticks, pneumaticks, theologicks, poeticks, mathematicks, sophisticks, pragmaticks, dogmaticks, &c. of that most learned society.","","Settle, Elkanah, 1648-1724.",1693,1693.,"Printed for Campanella Restio,","London :Printed for Campanella Restio,1693.",London :,Dedication signed: E.S. [i.e. Elkanah Settle. Cf. Halkett & Laing (2nd ed.)].; A satire on the Athenian society.; Reproduction of original in Huntington Library.,R9900,"",S2701,13111301,"","","The new Athenian comedy,",The new Athenian comedy
A59332,EEBO-TCP Phase 1,A59332.P4.xml,"Pastor fido, or, The faithful shepherd a pastoral, as it is acted at the Duke's Theatre.","","Settle, Elkanah, 1648-1724.; Fanshawe, Richard, Sir, 1608-1666.; Guarini, Battista, 1538-1612. Pastor fido.",1677,1677.,"Printed for William Cademan ...,","London :Printed for William Cademan ...,1677.",London :,"In verse.; Dedication signed: Elkanah Settle.; Adapted from Fanshawe's translation of Guarini's ""Il pastor fido"".; Reproduction of original in Duke University Library.",R17055,"",S2706,13153841,"","","Pastor fido: or, The faithful shepherd.","Pastor fido: or, The faithful shepherd"
A59356,EEBO-TCP Phase 1,A59356.P4.xml,The world in the moon an opera as it is perform'd at the Theatre in Dorset-Garden by His Majesty's servants / by E.S.,"","Settle, Elkanah, 1648-1724.; Clarke, Jeremiah, 1669?-1707.; Purcell, Daniel, 1660?-1717.",1697,1697.,"Printed for Abel Roper ...,","London :Printed for Abel Roper ...,1697.",London :,Dedication signed: E. Settle.; Without the music (by D. Purcell and J. Clarke).; Reproduction of original in Huntington Library.,R11490,"",S2729,11910541,"","",The world in the moon;,The world in the moon
A59357,EEBO-TCP Phase 2,A59357.P4.xml,"The subjects joy for the Kings restoration, cheerfully made known in a sacred masque gratefully made publique for His Sacred Majesty / by the author of Inqvisitio Anglicana.","","Sadler, Anthony, b. 1610.",1660,1660.,"Printed for James Davis ...,","London :Printed for James Davis ...,1660.",London :,"""Epistle dedicatory"" and ""To the candid reader"" signed: Anthony Sadler.; Caption title: A divine masque.; Reproduction of original in Huntington Library.",R7841,"",S273,11902796,"","","The subjects joy for the Kings restoration,",The subjects joy for the Kings restoration
A59410,EEBO-TCP Phase 1,A59410.P4.xml,The amorous bigotte with the second part of Tegue O Divelly : a comedy ... / written by Tho. Shadwell ...,Amorous bigotte,"Shadwell, Thomas, 1642?-1692.",1690,1690.,"Printed for James Knapton ...,","London :Printed for James Knapton ...,1690.",London :,"Another issue of the same year has ""biggottee"" instead of ""bigotte"" in title.; Advertisement: p. [8].; Reproduction of original in British Library.",R18410,"",S2835,12438511,"","",The amorous bigotte:,The amorous bigotte
A59411,EEBO-TCP Phase 1,A59411.P4.xml,Bury-fair a comedy ... / written by Tho. Shadwell ...,"","Shadwell, Thomas, 1642?-1692.",1689,1689.,"Printed for James Knapton ...,","London :Printed for James Knapton ...,1689.",London :,Advertisement: p. [3] at end.; Reproduction of original in British Library.,R18450,"",S2836,12438654,"","",Bury-fair.,Bury-fair
A59419,EEBO-TCP Phase 1,A59419.P4.xml,"Epsom-Wells a comedy, acted at the Duke's Theatre / written by Tho. Shadwell.","","Shadwell, Thomas, 1642?-1692.",1673,1673.,"Printed by J.M. for Henry Herringman ...,","London :Printed by J.M. for Henry Herringman ...,1673.",London :,First ed. Cf. NUC pre-1956.; Errata: p. [2] at end.; Reproduction of original in British Library.,R18685,"",S2843,12439620,"","",Epsom-Wells.,Epsom-Wells
A59422,EEBO-TCP Phase 1,A59422.P4.xml,"The history of Timon of Athens, the man-hater as it is acted at the Dukes Theatre : made into a play / by Tho. Shadwell.","","Shadwell, Thomas, 1642?-1692.; Shakespeare, William, 1564-1616. Timon of Athens.",1678,1678.,"Printed by J.M. for Henry Herringman ...,","London :Printed by J.M. for Henry Herringman ...,1678.",London :,Shakespeare's play greatly altered. Cf. NUC pre-1956.; Reproduction of original in British Library.,R18723,"",S2846,12439699,"","","The history of Timon of Athens, the man-hater.","The history of Timon of Athens, the man-hater"
A59427,EEBO-TCP Phase 1,A59427.P4.xml,The humorists a comedy ... / written by Tho. Shadwell ...,"","Shadwell, Thomas, 1642?-1692.",1671,1671.,"Printed for Henry Herringman ...,","London :Printed for Henry Herringman ...,1671.",London :,Reproduction of original in British Library.,R21339,"",S2851,12483938,"","","The humorists,",The humorists
A59429,EEBO-TCP Phase 1,A59429.P4.xml,"The Lancashire-witches and Tegue O Divelly, the Irish-priest a comedy acted at the Duke's Theater / written by Tho. Shadwell.","","Shadwell, Thomas, 1642?-1692.",1682,1682.,"Printed for John Starkey ...,","London :Printed for John Starkey ...,1682.",London :,Errata: p. [6].; Advertisement: p. [7].; Reproduction of original in British Library.,R21370,"",S2853,12484003,"","","The Lancashire-witches, and Tegue O Divelly the Irish-Priest:","The Lancashire-witches, and Tegue O Divelly the Irish-Priest"
A59432,EEBO-TCP Phase 1,A59432.P4.xml,The libertine a tragedy ... / written by Tho. Shadwell.,"","Shadwell, Thomas, 1642?-1692.; Rosimond, sieur, 1645-1686. Nouveau festin de Pierre.",1676,1676.,"Printed by T.N. for Henry Herringman ...,","London :Printed by T.N. for Henry Herringman ...,1676.",London :,"First ed. Cf. NUC pre-1956.; An adaption of: Nouveau festin de Pierre / Rosimond. Cf. Steiger, A. T. Shadwell's ""Libertine,"" p. 40; Miles, D.H. Influence of Molière, p. 231.; Reproduction of original in British Library.",R21917,"",S2857,12484409,"","",The libertine:,The libertine
A59437,EEBO-TCP Phase 1,A59437.P4.xml,The miser a comedy acted by His Majesties servants at the Theater Royal / written by Thomas Shadwell.,"","Shadwell, Thomas, 1642?-1692.; Molière, 1622-1673. Avare.",1672,1672.,"Printed for Hobart Kemp ...,","London :Printed for Hobart Kemp ...,1672.",London :,"Reproduction of original in Huntington Library.; The main plot is almost a translation of Molières L'Avare, but many new characters and scenes have been added. cf. ""Reader,"" 3d prelim. leaf; Miles, Influence of Molier̀e, p. 234.",R21941,"",S2861A,12261114,"","",The miser:,The miser
A59443,EEBO-TCP Phase 1,A59443.P4.xml,Psyche a tragedy / written by Tho. Shadwell.,"","Shadwell, Thomas, 1642?-1692.; Molière, 1622-1673. Psyché.; Locke, Matthew, 1621 or 2-1677.; Draghi, Giovanni Battista, ca. 1640-1708.",1675,1675.,"Printed by T.N. for Henry Herringman ...,","London :Printed by T.N. for Henry Herringman ...,1675.",London :,"Adaptation of: Psyché / Molière.; Considered by some to be the first English opera.  Cf. NUC pre-1956.; ""Acted at the Duke's Theatre.""; Includes untitled songs without the music by Matthew Locke and Draghi.  Cf. New Grove.; Errata: p. [11]; Reproduction of original in British Library.",R22616,"",S2866,12621728,"","",Psyche:,Psyche
A59445,EEBO-TCP Phase 1,A59445.P4.xml,"The royal shepherdess a tragi-comedy, acted by His Highness the Duke of York's servants.","","Shadwell, Thomas, 1642?-1692.; J. F. (John Fountain). Rewards of vertue.",1669,1669.,"Printed for Henry Herringman ...,","London :Printed for Henry Herringman ...,1669.",London :,"Adaptation of: The rewards of vertue / John Fountain.; ""This play, before I took it in hand, was wrote by one Mr. Fountain of Devonshire ... I have added little to the story, onely have represented that in action, which was expressed by him in long narrations""--Epistle to the reader, signed Tho. Shadwell.; First ed. Cf. NUC pre-1956.; Reproduction of original in Huntington Library.",R11510,"",S2868,12425763,"","",The royal shepherdess.,The royal shepherdess
A59450,EEBO-TCP Phase 1,A59450.P4.xml,The scowrers a comedy : acted by Their Majesties servants / written by Tho. Shadwell ...,"","Shadwell, Thomas, 1642?-1692.",1691,1691.,"Printed for James Knapton ...,","London :Printed for James Knapton ...,1691.",London :,First ed. Cf. NUC pre-1956.; Advertisement on p. [1]-[2] at end.; Reproduction of original in British Library.,R22766,"",S2872,12622442,"","",The scovvrers.,The scovvrers
A59452,EEBO-TCP Phase 1,A59452.P4.xml,"The squire of Alsatia a comedy, as it is acted by Their Majesty's servants / written by Tho. Shadwell.","","Shadwell, Thomas, 1642?-1692.",1688,1688.,"Printed for James Knapton ...,","London :Printed for James Knapton ...,1688.",London :,First ed. Cf. BM.; Advertisement on p. 88.; Prologue to the Squire of Alsatia also appears separately at reel 1622:16 identified as Wing S2865.; Reproduction of original in Henry E. Huntington Library and Art Gallery.,R11237,"",S2874; S2865_PARTIAL,12425652,"","",The squire of Alsatia.,The squire of Alsatia
A59456,EEBO-TCP Phase 1,A59456.P4.xml,"The sullen lovers, or, The impertinents a comedy acted by His Highness the Duke of Yorkes servants / written by Tho. Shadwell.","","Shadwell, Thomas, 1642?-1692.; Molière, 1622-1673. Fâcheux.",1668,1668.,"Printed for Henry Herringman ...,","In the Savoy :Printed for Henry Herringman ...,1668.",In the Savoy :,Based on: Les fâcheux / Molier̀e.; Reproduction of original in British Library.; Pages 83-84 are torn in filmed copy. Page 70-end photographed from Huntington Library copy and inserted at the end.,R13843,"",S2878,13023051,"","","The sullen lovers, or, The impertinents.","The sullen lovers, or, The impertinents"
A59460,EEBO-TCP Phase 1,A59460.P4.xml,A true widow a comedy acted by the Duke's servants / written by Tho. Shadwell.,"","Shadwell, Thomas, 1642?-1692.; Dryden, John, 1631-1700.",1679,1679.,"Printed for Benjamin Tooke ...,","London :Printed for Benjamin Tooke ...,1679.",London :,The prologue is by Dryden. After his quarrel with Shadwell he gave this prologue to Mrs. Aphra Behn for her play The Widow Ranter.; Reproduction of original in British Library.,R11617,"",S2881,12425836,"","",A true widow.,A true widow
A59463,EEBO-TCP Phase 1,A59463.P4.xml,"The virtuoso A comedy, acted at the Duke's Theatre. Written by Thomas Shadwell. Licensed May 31. 1676. Roger L'Estrange.","","Shadwell, Thomas, 1642?-1692.",1676,1676.,"printed by T.N. for Henry Herringman, at the Anchor in the Lower Walk of the New Exchange,","London :printed by T.N. for Henry Herringman, at the Anchor in the Lower Walk of the New Exchange,1676.",London :,Signatures: A-M⁴.; Reproduction of original in the University of Illinois (Urbana-Champaign Campus). Library.,R218692,"",S2883A,99830263,"","",The virtuoso.,The virtuoso
A59466,EEBO-TCP Phase 1,A59466.P4.xml,The woman-captain a comedy acted by His Royal Highnesses servants / written by Tho. Shadwell.,"","Shadwell, Thomas, 1642?-1692.",1680,1680.,"Printed for Samuel Carr ...,","London :Printed for Samuel Carr ...,1680.",London :,"First ed. Cf. NUC pre-1956.; Reproduction of original in Huntington Library.; Epilogue, spoken by Mrs. Berry, who acted the Woman-captain: p. [1] at end.",R13844,"",S2887,13023189,"","",The woman-captain:,The woman-captain
A59493,EEBO-TCP Phase 1,A59493.P4.xml,The history of King Lear acted at the Duke's theatre / reviv'd with alterations by N. Tate.,"","Tate, Nahum, 1652-1715.; Shakespeare, William, 1564-1616. King Lear.",1681,1681.,"Printed for E. Flesher, and are to be sold by R. Bentley, and M. Magnes ...,","London :Printed for E. Flesher, and are to be sold by R. Bentley, and M. Magnes ...,1681.",London :,An alteration of Shakespeare's King Lear.; Reproduction of original in University of Michigan Libraries.,R20622,"",S2918,12176489,"","",The history of King Lear.,The history of King Lear
A59496,EEBO-TCP Phase 1,A59496.P4.xml,"The history of King Richard the Second acted at the Theatre Royal under the name of The Sicilian usurper : with a prefatory epistle in vindication of the author, occasion'd by the prohibition of this play on the stage / by N. Tate.","","Tate, Nahum, 1652-1715.; Shakespeare, William, 1564-1616. King Richard II.",1681,1681.,"Printed for Richard Tonson and Jacob Tonson ...,","London :Printed for Richard Tonson and Jacob Tonson ...,1681.",London :,Adaptation of Shakespeare's Richard II.; Published in 1691 as: The Sicilian usurper.,R15526,"",S2921,12431167,"","",The history of King Richard the Second.,The history of King Richard the Second
A59497,EEBO-TCP Phase 1,A59497.P4.xml,Julius Cæsar a tragedy : as it is now acted at the Theatre Royal / written by William Shakespeare.,Julius Caesar,"Shakespeare, William, 1564-1616.",1684,1684.,"Printed by H.H., Jun., for Hen. Heringman and R. Bentley ... and sold by Joseph Knight and Francis Saunders ...,","London :Printed by H.H., Jun., for Hen. Heringman and R. Bentley ... and sold by Joseph Knight and Francis Saunders ...,1684.",London :,Reproduction of original in Yale University Library.,R15574,"",S2922,12431251,"","",Julius Cæsar.,Julius Cæsar
A59501,EEBO-TCP Phase 1,A59501.P4.xml,K. Henry IV with the humours of Sir John Falstaff : a tragi-comedy as it is acted at the theatre in Little-Lincolns-Inn-Fields by His Majesty's servants : revived with alterations / written originally by Mr. Shakespear.,"","Betterton, Thomas, 1635?-1710.; Shakespeare, William, 1564-1616. King Henry IV. Part 1.",1700,1700.,"Printed for R.W. and sold by John Deeve ...,","London :Printed for R.W. and sold by John Deeve ...,1700.",London :,"The first part only, adapted by Thomas Betterton. Cf. Bartlett.; Advertisement on t.p.; Reproduction of original in University of Michigan Libraries.",R15771,"",S2928,12431301,"","",K. Henry IV.,K. Henry IV
A59503,EEBO-TCP Phase 1,A59503.P4.xml,"Macbeth a tragædy : with all the alterations, amendments, additions, and new songs : as it's now acted at the Dukes Theatre.","","D'Avenant, William, Sir, 1606-1668.; Shakespeare, William, 1564-1616. Macbeth.",1674,1674.,"Printed for P. Chetwin ...,","London :Printed for P. Chetwin ...,1674.",London :,Alteration and additions by Sir William D'Avenant. Cf. Bartlett.; Reproduction of original in the University of Illinois (Urbana-Champaign Campus). Library.,R15870,"",S2930,12431401,"","","Macbeth,",Macbeth
A59508,EEBO-TCP Phase 1,A59508.P4.xml,"Measure for measure, or, Beauty the best advocate as it is acted at the theatre in Lincolns-Inn-Fields : written originally by Mr. Shakespear, and now very much alter'd, with additions of several entertainments of musick.","","Gildon, Charles, 1665-1724.; Shakespeare, William, 1564-1616. Measure for measure.",1700,1700.,"Printed for D. Brown ... and R. Parker ...,","London :Printed for D. Brown ... and R. Parker ...,1700.",London :,Adaptation by Charles Gildon. Cf. DNB.; Reproduction of original in Huntington Library.,R16112,"",S2936,12431518,"","","Measure for measure, or Beauty the best advocate.","Measure for measure, or Beauty the best advocate"
A59520,EEBO-TCP Phase 1,A59520.P4.xml,"The tempest, or, The enchanted island a comedy, as it is now acted at His Highness the Duke of York's Theatre.","","Dryden, John, 1631-1700.; Shakespeare, William, 1564-1616. Tempest.; D'Avenant, William, Sir, 1606-1668.",1670,1670.,"Printed by J.M. for Henry Herringman ...,","London :Printed by J.M. for Henry Herringman ...,1670.",London :,Altered by Dryden and Sir William D'Avenant. Cf. Preface (signed: John Driden).; First ed. Cf. Bartlett.; Reproduction of original in Folger Library.,R17310,"",S2944,12435428,"","","The tempest, or The enchanted island.","The tempest, or The enchanted island"
A59525,EEBO-TCP Phase 1,A59525.P4.xml,"Titus Andronicus, or, The rape of Lavinia acted at the Theatre Royall : a tragedy, alter'd from Mr. Shakespears works / by Mr. Edw. Ravenscroft.","","Ravenscroft, Edward, 1654?-1707.; Shakespeare, William, 1564-1616. Titus Andronicus.",1687,1687.,"Printed by J.B. for J. Hindmarsh ...,","London :Printed by J.B. for J. Hindmarsh ...,1687.",London :,Reproduction of original in Huntington Library.,R17448,"",S2949,12435726,"","","Titus Andronicus, or The rape of Lavinia.","Titus Andronicus, or The rape of Lavinia"
A59527,EEBO-TCP Phase 1,A59527.P4.xml,"The tragedy of Hamlet, Prince of Denmark as it is now acted at His Highness the Duke of York's Theatre / by William Shakespeare.","","D'Avenant, William, Sir, 1606-1668.; Shakespeare, William, 1564-1616. Hamlet.",1676,1676.,"Printed by Andr. Clark for J. Martyn and H. Herringman ...,","London :Printed by Andr. Clark for J. Martyn and H. Herringman ...,1676.",London :,"Alterations and additions by Sir William D'Avenant. Cf. Branam, G.C. Eighteenth-century adaptations of Shakespearean tragedy.; Reproduction of original in Yale University Library.",R17530,"",S2950,12435772,"","",The tragedy of Hamlet Prince of Denmark.,The tragedy of Hamlet Prince of Denmark
A59615,EEBO-TCP Phase 1,A59615.P4.xml,"She ventures, and he wins a comedy acted at the New Theatre in Little Lincoln's-Inn Fields by His Majesty's servants / written by a young lady.","","Ariadne.; Motteux, Peter Anthony, 1660-1718.",1696,1696.,"Printed for Hen. Rhodes ..., J. Harris ..., and Sam. Briscoe ...,","London :Printed for Hen. Rhodes ..., J. Harris ..., and Sam. Briscoe ...,1696.",London :,Preface signed: Ariadne.; First edition.; Epilogue by Mr. Motteux.; Reproduction of original in Huntington Library.,R11489,"",S3054,11910534,"","","She ventures, and he wins.","She ventures, and he wins"
A59968,EEBO-TCP Phase 1,A59968.P4.xml,"Henry the Third of France, stabb'd by a fryer, with the fall of the Guise a tragedy acted at the Theatre-Royal / by Thomas Shipman.","","Shipman, Thomas, 1632-1680.",1678,1678.,"Printed by B.G. for Sam. Heyrick ...,","London :Printed by B.G. for Sam. Heyrick ...,1678.",London :,"Errata: prelim. p. [11].; First edition, first issue.; Reproduction of original in Huntington Library.",R11164,"",S3441,11910394,"","","Henry the Third of France,",Henry the Third of France
A59974,EEBO-TCP Phase 1,A59974.P4.xml,"Andromana, or, The merchants wife the scæne Iberia / by J. S.","","J. S.; Shirley, James, 1596-1666.; Sidney, Philip, Sir, 1554-1586. Arcadia.",1660,1660.,"Printed for John Bellinger...,","London :Printed for John Bellinger...,1660.",London :,"Ascribed by some to James Shirley, apparently without justification.  Cf. Schelling, Elizabethan drama; DNB; Camb. Hist. of Eng. lit., v. 6, p. 505.; Founded on the story of Plangus in Sidney's Arcadia.; Reproduction of original in Thomason Collection, British Library.",R4872,"",S3459,13082247,"","",Andromana: or The merchant's wife.,Andromana: or The merchant's wife
A59976,EEBO-TCP Phase 2,A59976.P4.xml,"The constant maid: or, Love will finde out the way A comedy. By J.S. As it is now acted at the new playhouse called the Nursery, in Hatton-Garden.",Constant maid,"Shirley, James, 1596-1666.; T. B.",1667,1667.,"printed by Ja: Cottrel, for Samuel Speed, at the signe of the Rainbow between the two Temple-gates,","London :printed by Ja: Cottrel, for Samuel Speed, at the signe of the Rainbow between the two Temple-gates,1667.",London :,"J.S. = James Shirley.; ""The first edition, 1640, was entitled 'The constant maid' and had Shirley's name on the title.. Such variations as appear in this text, together with the epilogue may be laid to the account of 'T.B.'[who has signed the epilogue]""--Pforzheimer Catalogue.; In verse.; A reissue, with a cancel title page, of ""Love will finde out the way"", published in 1661.; Reproduction of the original in the Worcester College Library, Oxford.",R219624,"",S3462,99831080,"","","The constant maid: or, Love will finde out the way.","The constant maid: or, Love will finde out the way"
A59979,EEBO-TCP Phase 1,A59979.P4.xml,"The gentleman of Venice a tragi-comedie, presented at the private house in Salisbury Court by Her Majesties servants / written by James Shirley.","","Shirley, James, 1596-1666.",1655,1655.,"Printed for Humphrey Moseley and are to be sold at his shop ...,","London :Printed for Humphrey Moseley and are to be sold at his shop ...,1655.",London :,First ed. Cf. BM.; Reproduction of original in Huntington Library.,R18513,"",S3468,12438870,"","",The gentleman of Venice,The gentleman of Venice
A59981,EEBO-TCP Phase 1,A59981.P4.xml,"The grateful servant a comedy : as it was presented with good applause in the private house in Drury-Lane by Her Majesties servants / written by James Shirley, Gent.","","Shirley, James, 1596-1666.",1660,[1660?],"Printed for William Leake ...,","London :Printed for William Leake ...,[1660?]",London :,Date of publication from NUC pre-1956 imprints.; Advertisement: p. [65].; Reproduction of original in Huntington Library.,R14699,"",S3472,13026072,"","",The grateful servant.,The grateful servant
A59985,EEBO-TCP Phase 2,A59985.P4.xml,"Love tricks, or, The school of complements as it is now acted by His Royal Highnesse the Duke of York's servants at the theatre in Little Lincolns-Inne FIelds ; by J.S.","","Shirley, James, 1596-1666.",1667,1667.,"Printed by R.T. and sold by Thomas Dring Junior ...,","London :Printed by R.T. and sold by Thomas Dring Junior ...,1667.",London :,"""Licens'd May 24. 1667. Roger L'Estrange.""; Reproduction of original in the British Library.",R40615,"",S3477,19411073,"","","Love tricks: or, The school of complements;","Love tricks: or, The school of complements"
A59986,EEBO-TCP Phase 2,A59986.P4.xml,"Love will finde out the way an excellent comedy as it was acted with great applause, by Her Majesties servants, at the Phoenix in Drury Lane / by T.B.",Constant maid,"Shirley, James, 1596-1666.; T. B.",1661,1661.,"Printed by Ja. Cottrel for Samuel Speed ...,","London :Printed by Ja. Cottrel for Samuel Speed ...,1661.",London :,"Advertisement: p. 61.; Attributed to James Shirley. Cf. Halkett & Laing (2nd ed.).; The epilogue also is signed T.B., who has not been identified. BM.; First printed in 1640, with title: The Constant Maid, a comedy / written by James Shirley ...; Reproduction of original in Cambridge University Library.",R10871,"",S3478,12590883,"","",Love will finde out the way.,Love will finde out the way
A60677,EEBO-TCP Phase 2,A60677.P4.xml,"Win her and take her, or, Old fools will be medling a comedy as it is acted at the Theatre-royall / by Their Majesties servants.","","Smith, Mr. (John), 1662-1717.; Underhill, Cave, 1634-1710?",1691,1691.,"Printed for J. Hindmarsh [etc.],","London :Printed for J. Hindmarsh [etc.],1691.",London :,"""Ascribed to John Smith (or Smyth) of Magdalen college, Oxford, but the dedication is signed by Cave Underhill, the actor, to whom the Epilogue indicates the play was given by the author""--LCCPC.; Reproduction of original in the Huntington Library.",R23654,"",S4360,7869723,"","","Win her and take her, or, Old fools will be medling.","Win her and take her, or, Old fools will be medling"
A60959,EEBO-TCP Phase 1,A60959.P4.xml,"The fatal marriage, or, The innocent adultery a play acted at the Theatre Royal by their Majesties servants / written by Tho. Southerne.","","Southerne, Thomas, 1660-1746.; Behn, Aphra, 1640-1689. History of the nun.",1694,1694.,"Printed for Jacob Tonson ...,","London :Printed for Jacob Tonson ...,1694.",London :,"""Based on a novel of Mrs. Behn's, The history of the nun, or, The fair vow-breaker (often confused with her The nun, or, The perjur'd beauty, a totally different novel) ...""--NUC pre-1956 imprints.; Reproduction of original in the University of Illinois (Urbana-Champaign Campus). Library.",R31953,"",S4756,12279147,"","","The fatal marriage: or, The innocent adultery.","The fatal marriage: or, The innocent adultery"
A60960,EEBO-TCP Phase 2,A60960.P4.xml,"The fate of Capua a tragedy, as it is acted at the Theatre in Lincolns-Inn-Fields by His Majesty's servants / written by Thomas Southerne.","","Southerne, Thomas, 1660-1746.",1700,1700.,"Printed for Benjamin Tooke ...,","London :Printed for Benjamin Tooke ...,1700.",London :,"Advertisement: p. [1]-[2] at end.; ""First edition.""; Reproduction of original in Huntington Library.",R12322,"",S4757,11911657,"","",The fate of Capua.,The fate of Capua
A60961,EEBO-TCP Phase 1,A60961.P4.xml,"The loyal brother, or, The Persian prince a tragedy, as it is acted at the Theatre Royal by Their Majesties servants / by Thomas Southern.","","Southerne, Thomas, 1660-1746.; Dryden, John, 1631-1700.",1682,1682.,"Printed for William Cademan ...,","London :Printed for William Cademan ...,1682.",London :,"Prologue and epilogue by John Dryden.; Based on a novel called ""Tachinas, prince of Persia"", translated from the French by P. Porter.; Reproduction of original in Huntington Library.",R12267,"",S4758,11911618,"","",The loyal brother or the Persian prince.,The loyal brother or the Persian prince
A60964,EEBO-TCP Phase 1,A60964.P4.xml,"The maids last prayer, or, Any, rather than fail a comedy, as it is acted at the Theatre Royal by Their Majesties servants / written by Tho. Southerne.","","Southerne, Thomas, 1660-1746.",1693,1693.,"Printed for R. Bentley ..., and J. Tonson ...,","London :Printed for R. Bentley ..., and J. Tonson ...,1693.",London :,Reproduction of original in Huntington Library.,R11651,"",S4760,11910588,"","","The maids last prayer: or, any, rather than fail.","The maids last prayer: or, any, rather than fail"
A60965,EEBO-TCP Phase 1,A60965.P4.xml,"Oroonoko a tragedy, as it is acted at the Theatre-Royal by His Majesty's servants / written by Tho. Southerne.","","Southerne, Thomas, 1660-1746.; Congreve, William, 1670-1729.; Behn, Aphra, 1640-1689. Oroonoko.",1696,1696.,"Printed for H. Playford ..., B. Tooke ..., and S. Buckley ...,","London :Printed for H. Playford ..., B. Tooke ..., and S. Buckley ...,1696.",London :,"Based on Mrs. Behn's novel of the same name, which was partly founded on fact.; Epilogue by Congreve.; First edition.; Reproduction of original in Huntington Library.",R12217,"",S4761,11911468,"","",Oroonoko:,Oroonoko
A60971,EEBO-TCP Phase 1,A60971.P4.xml,"The wives excuse, or, Cuckolds make themselves a comedy, as it is acted at the Theatre-Royal by Their Majesties servants / written by Tho. Southern.","","Southerne, Thomas, 1660-1746.; Dryden, John, 1631-1700.",1692,1692.,"Printed for W. Freeman,","London :Printed for W. Freeman,1692.",London :,Dedication in verse signed John Dryden.; Reproduction of original in the Bodleian Library.,R28172,"",S4769,10445565,"","","The wives excuse: or, Cuckolds make themselves.","The wives excuse: or, Cuckolds make themselves"
A60974,EEBO-TCP Phase 2,A60974.P4.xml,Love a la mode a comedy / written by a Person of honour.,"","Southland, Thomas.",1663,1663.,"Printed by J.C. for John Daniel ...,","London :Printed by J.C. for John Daniel ...,1663.",London :,"Preface signed: T.S. Attributed to Thomas Southland. cf. History of English drama 1660-1900 v.1 / A. Nicoll.; ""As it was lately acted with great applause at Middlesex-House.""; Reproduction of original in Cambridge University Library.",R19742,"",S4771,11765802,"","",Love a la mode.,Love a la mode
A61309,EEBO-TCP Phase 1,A61309.P4.xml,"The slighted maid a comedy, acted with great applause at the theatre in Little Lincolns-Inn-Fields, by His Highness the Duke of York's Servants.","","Stapylton, Robert, Sir, d. 1669.",1663,1663.,"printed for Thomas Dring, at the George near St. Dunstan's Church in Fleet-street,","London :printed for Thomas Dring, at the George near St. Dunstan's Church in Fleet-street,1663.",London :,"Dedication signed: R. Stapylton.; In verse.; The last leaf bears ""The epilogue spoke by the slighted maid"" on recto, and ""Epilogue to the King"" on verso.; In this edition the ""A"" of ""A2"" is under the ""u"" of ""Your"".; Reproduction of the original in the British Library.",R203626,"",S5260A,99825272,"","","The slighted maid,",The slighted maid
A61310,EEBO-TCP Phase 1,A61310.P4.xml,The step-mother a tragi-comedy acted with great aplause at the theatre in Little Lincolns-Inne-Fields by His Highness the Duke of York's servants.,"","Stapylton, Robert, Sir, d. 1669.",1664,1664.,"Printed by J. Streater, and are to be sold by Timothy Twyford ...,","London :Printed by J. Streater, and are to be sold by Timothy Twyford ...,1664.",London :,Reproduction of original in Huntington Library.,R14195,"",S5261,13336105,"","","The step-mother,",The step-mother
A61311,EEBO-TCP Phase 1,A61311.P4.xml,The tragedie of Hero and Leander written by Sr. Robert Stapylton ...,"","Stapylton, Robert, Sir, d. 1669.; Musaeus, Grammaticus. Hero and Leander.",1669,1669.,"Printed for Thomas Dring the Younger...,","London :Printed for Thomas Dring the Younger...,1669.",London :,Based on the poem of Musaeus on the loves of Hero and Leander.; First edition.; Reproduction of original in Huntington Library.,R15104,"",S5262,11924084,"","",The tragedie of Hero and Leander.,The tragedie of Hero and Leander
A61942,EEBO-TCP Phase 1,A61942.P4.xml,The discontented colonell writtten by Sir Iohn Sucklin.,"","Suckling, John, Sir, 1609-1642.",1642,[1642],"Printed by E. G. for Francis Eagles-field ...,","London :Printed by E. G. for Francis Eagles-field ...,[1642]",London :,"Republished with alterations in 1646 in his ""Fragmenta aurea"" under title: Brennoralt.; Reproduction of original in Huntington Library.",R14196,"",S6125,13336120,"","",The discontented colonell·,The discontented colonell
A62083,EEBO-TCP Phase 1,A62083.P4.xml,"Tarugo's wiles, or, The coffee-house a comedy : as it was acted at His Highness's the Duke of York's Theater / written by Tho. St Serfe.","","St. Serfe, Thomas, Sir, fl. 1668.; Moreto, Agustín, 1618-1669. No puede ser.",1668,1668.,"Printed for Henry Herringman,","London :Printed for Henry Herringman,1668.",London :,Based on Moreto's play No puede ser.; Reproduction of original in the University of Illinois (Urbana-Champaign Campus). Library.,R27882,"",S6322,10261267,"","","Tarugo's wiles: or, The coffee-house.","Tarugo's wiles: or, The coffee-house"
A62223,EEBO-TCP Phase 1,A62223.P4.xml,"Tamerlane the Great a tragedy : as it is acted by Their Majesties servants at the Theatre Royal / by C. Saunders, Gent.","","Saunders, C. (Charles), fl. 1681.; Dryden, John, 1631-1700.; Banks, John, d. 1706.",1681,1681.,"Printed for Richard Bentley and M. Magnes ...,","London :Printed for Richard Bentley and M. Magnes ...,1681.",London :,"""... I drew the design of this play, from a late novell, call'd Tamerlane and Asteria ...""--Pref.; With commendatory verse by John Banks and epilogue by Dryden which describes the author as a boy.; Reproduction of original in British Library.",R17093,"",S741,13036125,"","",Tamerlane the Great.,Tamerlane the Great
A62347,EEBO-TCP Phase 1,A62347.P4.xml,"Romulus and Hersilia, or, The Sabine war a trage dy acted at the Dukes Theatre.","","Behn, Aphra, 1640-1689.",1683,1683.,Printed for D. Brown ... and T. Benskin ...,London :Printed for D. Brown ... and T. Benskin ...1683.,London :,Reproduction of original in Huntington Library.; Epilogue written by Mrs. A. Behn.; Not to be confused with the play of this title written by Ralph Schomberg.,R9970,"",S878,11906830,"","","Romulus and Hersilia; or, the Sabine war.","Romulus and Hersilia; or, the Sabine war"
A62422,EEBO-TCP Phase 2,A62422.P4.xml,"The English rogue a new comedy, as it was acted before several persons of honour with great applause / written by T.T.","","T. T. (Thomas Thomson), fl. 1668.",1668,1668.,"Printed for William Thackeray ..., and William Whitwood ...,","London :Printed for William Thackeray ..., and William Whitwood ...,1668.",London :,Reproduction of original in Bodleian Library.,R2498,"",T1008,11950353,"","",The English rogue,The English rogue
A62423,EEBO-TCP Phase 2,A62423.P4.xml,The life of Mother Shipton a new comedy as it was acted nineteen dayes together with great applause / written by T.T.,"","T. T. (Thomas Thomson), fl. 1668.",1670,[1670?],"Printed by and for Peter Lillicrap, and are to be sold by T. Passenger ...,","London :Printed by and for Peter Lillicrap, and are to be sold by T. Passenger ...,[1670?]",London :,Reproduction of original in British Library.,R2655,"",T1009,11950425,"","",The life of Mother Shipton.,The life of Mother Shipton
A62828,EEBO-TCP Phase 2,A62828.P4.xml,Amintas a pastoral acted at the Theatre Royal / made English out of Italian from the Aminta of Tasso by Mr. Oldmixon.,Aminta. English. 1698,"Tasso, Torquato, 1544-1595.; Oldmixon, Mr. (John), 1673-1742.",1698,1698.,"Printed for Rich. Parker ...,","London :Printed for Rich. Parker ...,1698.",London :,Reproduction of original in the Huntington Library.,R38280,"",T173,17287024,"","",Amintas.,Amintas
A62851,EEBO-TCP Phase 1,A62851.P4.xml,"Brutus of Alba, or, The enchanted lovers a tragedy acted at the Duke's Theatre / written by N. Tate.","","Tate, Nahum, 1652-1715.; Virgil. Aeneis Liber 4.",1678,1678.,"Printed by E.F. for Jacob Tonson ...,","London :Printed by E.F. for Jacob Tonson ...,1678.",London :,First edition.; The plan of the play is taken from the fourth book of Virgils Aeneid.; Reproduction of original in Huntington Library.,R16,"",T177,11940645,"","","Brutus of Alba: or, The enchanted lovers.","Brutus of Alba: or, The enchanted lovers"
A62863,EEBO-TCP Phase 1,A62863.P4.xml,"Cuckolds-Haven, or, An alderman no conjurer a farce acted at the Queen's Theatre in Dorset Garden / by N. Tate.","","Tate, Nahum, 1652-1715.",1685,1685.,"Printed for J.H. and are to be sold by Edward Poole ...,","London :Printed for J.H. and are to be sold by Edward Poole ...,1685.",London :,"""Licensed, August 14. 1685. Ro. L'Estrange""--Opposite t.p.; Imperfect: stained.; Reproduction of original in the Huntington Library.",R38279,"",T180,17287004,"","","Cuckolds-Haven: or, An alderman no conjurer.","Cuckolds-Haven: or, An alderman no conjurer"
A62946,EEBO-TCP Phase 1,A62946.P4.xml,"The ingratitude of a common-wealth, or, The fall of Laius Martius Coriolanus as it is acted at the Theatre-Royal / by N. Tate.","","Tate, Nahum, 1652-1715.; Shakespeare, William, 1564-1616. Coriolanus.",1682,1682.,"Printed by T.M. for Joseph Hindmarsh ...,","London :Printed by T.M. for Joseph Hindmarsh ...,1682.",London :,Alteration of: Coriolanus / William Shakespeare.; First ed. of this alteration. Cf. DNB.; Originally planned to be included in the Variorum Coriolanus ... This ed. is limited to twenty-five copies.; Reproduction of original in Huntington Library.,R3412,"",T190,13073380,"","","The ingratitude of a common-wealth: or, the fall of Caius Martius Coriolanus,","The ingratitude of a common-wealth: or, the fall of Caius Martius Coriolanus"
A62964,EEBO-TCP Phase 1,A62964.P4.xml,The island-princess as it is acted at the theatre royal / reviv'd with alterations by N. Tate ...,"","Tate, Nahum, 1652-1715.; Fletcher, John, 1579-1625.",1687,1687.,"Printed by R.H. for W. Canning, at his shop ...,","London :Printed by R.H. for W. Canning, at his shop ...,1687.",London :,"Caption title: The island princess, or, Generous Portugals.; An adaptation by Nahum Tate of John Fletcher's work of the same name--cf. Cambridge hist. Eng. Lit., VIII, 120.; Imperfect: pages 55-56 torn with slight loss of print.; Reproduction of original in the Harvard University Library.",R32747,"",T192,12752810,"","",The island-princess:,The island-princess
A62967,EEBO-TCP Phase 1,A62967.P4.xml,The loyal general a tragedy : acted at the Duke's Theatre / written by N. Tate.,"","Tate, Nahum, 1652-1715.; Dryden, John, 1631-1700.",1680,1680.,"Printed for Henry Bonwicke ...,","London :Printed for Henry Bonwicke ...,1680.",London :,Prologue written by John Dryden.; Reproduction of original in Huntington Library.,R20668,"",T193,12734950,"","","The loyal general,",The loyal general
A63158,EEBO-TCP Phase 1,A63158.P4.xml,"The Sicilian usurper a tragedy as it was acted at the Theatre-Royal : with prefatory epistle in vindication of the author, occasioned by this play on the stage / written by N. Tate.","","Tate, Nahum, 1652-1715.; Shakespeare, William, 1564-1616. King Richard II.",1691,1691.,"Printed for James Knapton ...,","London :Printed for James Knapton ...,1691.",London :,"Adaptation of Shakespeare's Richard King II.; Running title: The history of King Richard the Second.; Advertisement: preliminary p. [3]-[4]; Imperfect: cropped, with loss of print.; Reproduction of original in the Huntington Library.",R37870,"",T216,17150465,"","",The Sicilian usurper:,The Sicilian usurper
A63229,EEBO-TCP Phase 1,A63229.P4.xml,"Londons triumphs celebrated the 29th of October, 1664 in honour to the truely deserver of honour Sir Iohn Lawrence Knight, Lord Maior of the honourable city of London, and performed at the costs and charges of the worshipful Company of Haberdashers, William Justice, Esq., Master, John King, Phillip Owen, Anthony Dowse, John Mascall, wardens / written by John Tatham Gent.","","Tatham, John, fl. 1632-1664.",1664,1664.,"Printed by W.G. for H. Brome ...,","London :Printed by W.G. for H. Brome ...,1664.",London :,In verse.; Reproduction of original in Huntington Library.,R79,"",T227,11940704,"","",Londons triumphs,Londons triumphs
A63279,EEBO-TCP Phase 1,A63279.P4.xml,"The rump, or, The mirrour of the late times a new comedy / written by J. Tatham, Gent. ; acted many times with great applause at the Private House in Dorset-Court.","","Tatham, John, fl. 1632-1664.",1660,1660.,"Printed by W. Godbid for R. Bloome,","London :Printed by W. Godbid for R. Bloome,1660.",London :,Includes untitled songs without the music.; Reproduction of original in Huntington Library.,R20615,"",T233,12734852,"","",The rump: or the mirrour of the late times.,The rump: or the mirrour of the late times
A63831,EEBO-TCP Phase 2,A63831.P4.xml,"The divine comedian, or, The right use of plays improved in a sacred tragy-comedy / by Rich. Tuke.","","Tuke, Richard, fl. 1672.",1672,1672.,"Printed by S.G. for Allen Bancks,","London :Printed by S.G. for Allen Bancks,1672.",London :,Caption title: The souls warfare.; Reproduction of original in the Huntington Library.,R28893,"",T3226,10775889,"","","The divine comedian or The right use of plays, improved,","The divine comedian or The right use of plays, improved"
A63833,EEBO-TCP Phase 2,A63833.P4.xml,"The souls warfare comically digested into scenes, acted between the soul and her enemies vvherein she cometh off victrix with an angelical plaudit.",Divine comedian,"Tuke, Richard, fl. 1672.",1672,1672.,"Printed by S.G. for Allen Bancks ...,","London :Printed by S.G. for Allen Bancks ...,1672.",London :,"Issued same year with title: The divine comedian, or, The right use of plays, improved, in a sacred tragy-comaedy / by Rich. Tuke. London : Printed by S.G. for A. Bancks, 1672.; Dedicatory signed: R.T.; Reproduction of original in Huntington Library.",R6192,"",T3228,11965088,"","",The souls warfare,The souls warfare
A63834,EEBO-TCP Phase 1,A63834.P4.xml,The adventures of five hours a tragi-comedy.,"","Tuke, Samuel, Sir, d. 1674.; Coello, Antonio, 1611-1652. Empeños de seis horas.; Calderón de la Barca, Pedro, 1600-1681.",1663,1663.,"Printed for Henry Herringman ...,","London :Printed for Henry Herringman ...,1663.",London :,"In verse.; Adaptation of: Los empeños de seis horas / Antonio Coello; formerly attributed to Calderon. Cf. Camb. hist. Eng. lit., v. 8, p. 148; Fitzmaurice-Kelly's chapters on Spanish lit., 1908, p. 2; Hume's Spanish influence on Eng. lit., 1905, p. 291-295.; Dedication signed: S. Tuke.; ""Febr. 21, 1662, Imprimatur John Berkenhead""; Reproduction of original in British Library.",R23158,"",T3229,12493240,"","",The adventures of five hours.,The adventures of five hours
A64714,EEBO-TCP Phase 2,A64714.P4.xml,The ungrateful favourite a tragedy / written by a person of honour.,"","Southland, Thomas.; Person of honour.",1664,1664.,"Printed by J. Cottrel for Samuel Speed ...,","London :Printed by J. Cottrel for Samuel Speed ...,1664.",London :,"Perhaps by Thomas Southland.  Cf. A. Nicoll, Restoration drama, 1923.; Reproduction of original in Cambridge University Library.",R14556,"",U63,13337631,"","",The ungrateful favourite.,The ungrateful favourite
A64724,EEBO-TCP Phase 1,A64724.P4.xml,"The unnatural mother the scene in the kingdom of Siam : as it is now acted at the new theatre in Lincolns-Inn-Fields, by His Majesty's servants / written by a young lady.","","Young lady.; Settle, Elkanah, 1648-1724. Distress'd innocence.",1698,1698.,"Printed by J.O. for R. Basset ...,","London :Printed by J.O. for R. Basset ...,1698.",London :,"Based on Elkanah Settle's ""Distress'd innocence""--NUC pre-1956 imprints.; Imperfect: pages stained.; Reproduction of original in the Huntington Library.",R34686,"",U87,14561700,"","","The unnatural mother,",The unnatural mother
A65052,EEBO-TCP Phase 1,A65052.P4.xml,Aesop a comedy as it is acted at the Theatre-Royal in Drury-Lane.,"","Vanbrugh, John, Sir, 1664-1726.; Boursault, M. (Edme), 1638-1701. Fables d'Esope.",1697,1697.,"Printed for Thomas Bennet,","London :Printed for Thomas Bennet,1697.",London :,"A translation and adaptation of Boursault's ""Les fables d'Esope"" and ""Esope à la cour"".; Reproduction of original in the Bodleian Library.",R27037,"",V54,9619222,"","",Æsop.,Æsop
A65060,EEBO-TCP Phase 1,A65060.P4.xml,"The provok'd wife a comedy : as it is acted at the new theatre in Little Lincolns-Inn-Fields / by the author of a new comedy call'd the Relapse, or, Virtue in danger.","","Vanbrugh, John, Sir, 1664-1726.",1697,1697.,"Printed by J.O. for R. Wellington ... and Sam. Briscoe ...,","London :Printed by J.O. for R. Wellington ... and Sam. Briscoe ...,1697.",London :,"Attributed to Sir John Vanbrugh. Cf. Halkett & Laing (2nd ed.).; First ed. Cf. BM.; Advertisement on t.p., p. [2] in the beginning and p. [1]-[2] at end.; Reproduction of original in Huntington Library.",R23,"",V55,12495077,"","",The provok'd wife:,The provok'd wife
A65075,EEBO-TCP Phase 1,A65075.P4.xml,"The relapse, or, Virtue in danger being the sequel of The fool in fashion : a comedy acted at the Theatre-Royal in Drury-Lane.","","Vanbrugh, John, Sir, 1664-1726.",1697,1697.,"Printed for Samuel Briscoe,","[London] :Printed for Samuel Briscoe,1697.",[London] :,Reproduction of original in the University of Texas Library.,R23576,"",V57,7786248,"","","The relapse; or, virtue in danger:","The relapse; or, virtue in danger"
A65360,EEBO-TCP Phase 1,A65360.P4.xml,Appius and Virginia a tragedy / John Webster.,"","Webster, John, 1580?-1625?",1654,1654],"s.n.,","[London? :s.n.,1654]",[London? :,Reproduction of original in Huntington Library.,R5767,"",W1215,13494060,"","",Appius and Virginia.,Appius and Virginia
A65693,EEBO-TCP Phase 1,A65693.P4.xml,"The conspiracy, or, The change of government a tragedy acted at His Royal Highness the Duke of Yorks Theatre / written by Mr. Whitaker.","","Whitaker, Mr. (William), fl. 1680.; Ravenscroft, Edward, 1654?-1707.",1680,1680.,"Printed for William Cademan ...,","London :Printed for William Cademan ...,1680.",London :,First ed. Cf. BM.; Epilogue by Edward Ravenscroft.; Reproduction of original in British Library.,R20420,"",W1716,12444554,"","",The conspiracy or The change of government.,The conspiracy or The change of government
A65997,EEBO-TCP Phase 1,A65997.P4.xml,"The benefice a comedy / by R.W. D.D., author of Iter Boreale, written in his younger days, now made publick for promoting innocent mirth.","","Wild, Robert, 1609-1679.",1689,1689.,"Printed, to be sold by R. Janeway ...,","London :Printed, to be sold by R. Janeway ...,1689.",London :,"""To the reader"" gives the author's name: Dr. R. Wild.; Reproduction of original in Huntington Library.",R23046,"",W2123,12238697,"","",The benefice.,The benefice
A66563,EEBO-TCP Phase 1,A66563.P4.xml,Andronicus Comnenius a tragedy / by John Wilson.,"","Wilson, John, 1626-1696.",1664,1664.,"Printed for John Starkey ...,","London :Printed for John Starkey ...,1664.",London :,Reproduction of original in the Huntington Library.,R38666,"",W2912,17882652,"","",Andronicus Comnenius:,Andronicus Comnenius
A66564,EEBO-TCP Phase 1,A66564.P4.xml,"Belphegor, or, The marriage of the Devil a tragi-comedy, lately acted at the Queen's Theatre in Dorset-garden / by Mr. Wilson.","","Wilson, John, 1626-1696.",1691,1691.,"Printed by J. L. for Luke Meredith ...,","London :Printed by J. L. for Luke Meredith ...,1691.",London :,"""Licens'd, October 13. 1690.""; Reproduction of original in the Huntington Library.",R38667,"",W2915,17883551,"","",Belphegor: or The marriage of the Devil.,Belphegor: or The marriage of the Devil
A66565,EEBO-TCP Phase 1,A66565.P4.xml,"The cheats a comedy : written in the year, M.DC. LXII.","","Wilson, John, 1626-1696.",1664,1664.,"Printed for G. Bidell, and T. Collins ... and Cha. Adams ...,","London :Printed for G. Bidell, and T. Collins ... and Cha. Adams ...,1664.",London :,Reproduction of original in Huntington Library.; Attributed to John Wilson. cf. NUC pre-1956.; Errata: p. 77 [i.e. 83],R12233,"",W2916,12591862,"","",The cheats·,The cheats
A66885,EEBO-TCP Phase 1,A66885.P4.xml,"The Woman turn'd bully a comedy, acted at the Duke's Theatre.","","",1675,1675.,"Printed by J.C. for T. Dring ...,","London :Printed by J.C. for T. Dring ...,1675.",London :,Reproduction of original in Huntington Library.; Errata: p. 83.,R12074,"",W3322,12591738,"","",The woman turn'd bully.,The woman turn'd bully
A67171,EEBO-TCP Phase 2,A67171.P4.xml,"The female vertuoso's a comedy : as it is acted at the Queen's Theatre, by Their Majesties servants / written by Mr. Thomas Wright.","","Wright, Thomas, fl. 1693.; Molière, 1622-1673. Femmes savantes.",1693,1693.,"Printed by J. Wilde for R. Vincent ...,","London :Printed by J. Wilde for R. Vincent ...,1693.",London :,"In part an adaptation of Molière's ""Les femmes savan'tes.""; Reproduction of original in the Huntington Library.",R34768,"",W3711,14627700,"","",The female vertuoso's.,The female vertuoso's
A67192,EEBO-TCP Phase 1,A67192.P4.xml,The country-wife a comedy acted at the Theatre Royal / written by Mr. Wycherley ...,"","Wycherley, William, 1640-1716.; Molière, 1622-1673.",1675,1675.,"Printed for Thomas Dring ...,","London :Printed for Thomas Dring ...,1675.",London :,"Reproduction of original in Huntington Library.; Borrows from Molière's ""L'école des femmes"" and ""L'école des maris.""",R21398,"",W3738,12738515,"","","The country-wife,",The country-wife
A67199,EEBO-TCP Phase 1,A67199.P4.xml,"The gentleman dancing-master a comedy, as it is acted by Their Majesties servants / by Mr. Wycherley.","","Wycherley, William, 1640-1716.",1693,1693.,"Printed for H. Herringman and sold by T. Dring, R. Bentley, J. Tonson, F. Saunders and T. Bennet,","London :Printed for H. Herringman and sold by T. Dring, R. Bentley, J. Tonson, F. Saunders and T. Bennet,1693.",London :,Reproduction of original in the Huntington Library.,R34098,"",W3745,13764458,"","",The gentleman dancing-master.,The gentleman dancing-master
A67201,EEBO-TCP Phase 1,A67201.P4.xml,"Love in a wood, or, St. James's Park a comedy / written by Mr. Wycherley.","","Wycherley, William, 1640-1716.",1672,1672.,"Printed by J.M. for H. Herringman ...,","London :Printed by J.M. for H. Herringman ...,1672.",London :,"First edition.; ""As it is acted at the Theatre Royal by His Majesties servants.""; Includes errata.; Includes untitled song without music.; Reproduction of original in Cambridge University Library.",R7945,"",W3747,13725346,"","","Love in a wood, or, St James's Park.","Love in a wood, or, St James's Park"
A67202,EEBO-TCP Phase 1,A67202.P4.xml,"The plain-dealer a comedy, as it is acted at the Theatre Royal / written by Mr. Wycherley.","","Wycherley, William, 1640-1716.",1677,1677.,"Printed by T.N. for James Magnes and Rich. Bentley ...,","London :Printed by T.N. for James Magnes and Rich. Bentley ...,1677.",London :,"""Licensed Jan. 9, 1676. Roger L'Estrange""; Reproduction of original in Huntington Library.",R10532,"",W3749,11991177,"","",The plain-dealer.,The plain-dealer
A67305,EEBO-TCP Phase 2,A67305.P4.xml,"Victorious love a tragedy, as it is acted at the Theatre-Royal in Drewry-Lane / written by Mr. William Walker.","","Walker, William, d. 1726.",1698,1698.,"Printed for Ralph Smith ...,","London :Printed for Ralph Smith ...,1698.",London :,"First edition.; Cf. A Catalogue of the library of ... John Henry Wrenn. Austin, Tex., 1920, v. 5, p. 88.; Reproduction of original in British Library.",R9390,"",W455,12924859,"","",Victorious love:,Victorious love
A67336,EEBO-TCP Phase 1,A67336.P4.xml,"The maid's tragedy altered with some other pieces / by Edmund Waller, Esq. ; not before printed in the several editions of his poems.","","Waller, Edmund, 1606-1687.",1690,1690.,"Printed for Jacob Tonson ...,","London :Printed for Jacob Tonson ...,1690.",London :,"Reproduction of original in Bodleian Library.; ""Poems upon several occasions"" running title: p. 47-77.; ""Mr. Waller's speech to the House of Commons, April 22. 1640"" p. 78-88.; ""Mr. Waller's speech July 6. 1641"" p. 89-100.; Errata: p. 100.",R6612,"",W502,11966618,"","",The maid's tragedy altered.,The maid's tragedy altered
A67349,EEBO-TCP Phase 1,A67349.P4.xml,"The second part of Mr. Waller's poems Containing, his alteration of The maids tragedy, and whatever of his is yet unprinted: together with some other poems, speeches, &c. that were printed severally, and never put into the first collection of his poems.","","Waller, Edmund, 1606-1687.; Waller, Edmund, 1606-1687. Maid's tragedy. aut",1690,MDCXC. [1690],"printed for Tho. Bennet, at the Half-Moon in St. Pauls Church-yard,","London :printed for Tho. Bennet, at the Half-Moon in St. Pauls Church-yard,MDCXC. [1690]",London :,"With an initial leaf: Licensed, Sept. 26. 1689.; Copy has print show-through.; Reproduction of the original in the British Library.",R219928,"",W521A,99831375,"","",The second part of Mr. Waller's poems.,The second part of Mr. Waller's poems
A67583,EEBO-TCP Phase 2,A67583.P4.xml,"A comedy called The marriage broaker, or, The pander written by M.W., M.A.",Marriage broaker,"M. W., M.A.",1662,1662.,"[s.n.],","London :[s.n.],1662.",London :,Reproduction of original in Bodleian Library.,R5218,"",W84,12634643,"","","A comedy, called The marriage broaker: or, The pander.","A comedy, called The marriage broaker: or, The pander"
A68726,EEBO-TCP Phase 1,A68726.P4.xml,"A pleasant conceited comedie called, Loues labors lost As it vvas presented before her Highnes this last Christmas. Newly corrected and augmented by W. Shakespere.",Love's labour's lost,"Shakespeare, William, 1564-1616.",1598,1598.,"By W[illiam] W[hite] for Cutbert Burby,","Imprinted at London :By W[illiam] W[hite] for Cutbert Burby,1598.",Imprinted at London :,Mostly in verse.; Printer's name from STC.; Signatures: A-I⁴ K² .; Reproductions of the originals in the Henry E. Huntington Library and Art Gallery.; Appears at reel 340 and at reel 538.,S111181,22294,"",99846580,"","","A pleasant conceited comedie called, Loues labors lost.","A pleasant conceited comedie called, Loues labors lost"
A68727,EEBO-TCP Phase 1,A68727.P4.xml,"The most excellent historie of the merchant of Venice VVith the extreame crueltie of Shylocke the Iewe towards the sayd merchant, in cutting a iust pound of his flesh: and the obtayning of Portia by the choyse of three chests. As it hath beene diuers times acted by the Lord Chamberlaine his Seruants. Written by William Shakespeare.",Merchant of Venice,"Shakespeare, William, 1564-1616.",1600,1600.,"Printed by I[ames] R[oberts] for Thomas Heyes, and are to be sold in Paules Church-yard, at the signe of the Greene Dragon,","At London :Printed by I[ames] R[oberts] for Thomas Heyes, and are to be sold in Paules Church-yard, at the signe of the Greene Dragon,1600.",At London :,Mostly in verse.; Printer's name from STC.; Signatures: A-I⁴ K² .; Running title reads: The comicall historie of the merchant of Venice.; Reproductions of the originals in the Henry E. Huntington Library and Art Gallery.; Appears at reel 340 (Huntington copy 59956) and at reel 538 (copy 59553).,S111215,22296,"",99846609,"","",The most excellent historie of the merchant of Venice.,The most excellent historie of the merchant of Venice
A69867,EEBO-TCP Phase 1,A69867.P4.xml,"Amphitryon, or, The two Socia's a comedy : as it is acted at the Theatre Royal / written by Mr. Dryden ; to which is added the musick of the songs, compos'd by Mr. Henry Purcel.","","Dryden, John, 1631-1700.; Plautus, Titus Maccius. Amphitruo.; Molière, 1622-1673. Amphitryon.; Purcell, Henry, 1659-1695. Amphitryon.",1690,1690.,"Printed for J. Tonson ... and M. Tonson ...,","London :Printed for J. Tonson ... and M. Tonson ...,1690.",London :,"The songs (13 p. at end) have special t.p. with title: The songs in Amphitryon, with the musick composed by Mr. Henry Purcell. London : Printed by J. Heptinstall for Jacob Tonson, 1690.; Published later with subtitle: The two Sosia's.; Based on Plautus and Molière.; First ed., first issue. Cf. NUC pre-1956.; Reproduction of original in Worcester College Library, Oxford and British Library.",R16963,"",D2234; D2366,12340966,"","","Amphitryon; or, the two Socia's.","Amphitryon; or, the two Socia's"
A69868,EEBO-TCP Phase 1,A69868.P4.xml,"Don Sebastian, King of Portugal a tragedy, acted at the Theatre Royal / written by Mr. Dryden.","","Dryden, John, 1631-1700.",1690,1690.,"Printed for Jo. Hindmarsh ...,","London :Printed for Jo. Hindmarsh ...,1690.",London :,"Reproduction of original in Worcester College Library, Oxford and British Library.",R16736,"",D2262,12340665,"","","Don Sebastian, King of Portugal:","Don Sebastian, King of Portugal"
A69869,EEBO-TCP Phase 2,A69869.P4.xml,"King Arthur, or, The British worthy a dramatick opera : perform'd at the Queens Theatre by Their Majesties servants / written by Mr. Dryden.","","Dryden, John, 1631-1700.; Purcell, Henry, 1659-1695.",1691,1691.,"Printed for Jacob Tonson ...,","London :Printed for Jacob Tonson ...,1691.",London :,"Libretto only.; The music, composed by Purcell, ""was never published, and it disappeared, probably within a very few years of its production""--DNB.; Sequel to Albion and Albanius, written for Charles II, who died before its performance. In 1691 it was produced, altered to the times by the omission of political overtones. Cf. DNB.; Advertisement on p. [3] at the beginning.; Reproduction of original in Worcester College Library, Oxford.",R225097,"",D2299,12352215,"","","King Arthur: or, The British vvorthy.","King Arthur: or, The British vvorthy"
A69900,EEBO-TCP Phase 1,A69900.P4.xml,"Love and honour written by W. Davenant, Knight.","","D'Avenant, William, Sir, 1606-1668.",1649,1649.,"Printed for Hum: Robinson ... and Hum. Moseley ...,","London :Printed for Hum: Robinson ... and Hum. Moseley ...,1649.",London :,"""Presented by His Majesties servants at the Black-Fryers""; Reproduction of original in Yale University Library and Huntington Library.",R17488,"",D329,12395166,"","","Love and honovr,",Love and honovr
A70547,EEBO-TCP Phase 2,A70547.P4.xml,"The country innocence, or, The chamber-maid turn'd Quaker a comedy : with alterations and amendments as it is now acted at the Theatre-Royal / written by John Leanerd.","","Leanerd, John, fl. 1679.",1677,1677.,"Printed for Charles Harper ...,","London :Printed for Charles Harper ...,1677.",London :,"""The covntrie girle by T.B."", generally ascribed to Antony Brewer published under a new title with alterations by John Leanerd.; This work appears at reel 604:11 as Wing L795, and at reel 935:16 as Wing C6535 (number cancelled).; Reproduction of original in Huntington Library.",R14970,"",L795,12158433,"","","The country innocence: or, the chamber-maid turn'd Quaker.","The country innocence: or, the chamber-maid turn'd Quaker"
A70576,EEBO-TCP Phase 1,A70576.P4.xml,"The Muse of New-market, or, Mirth and drollery being three farces acted before the King and court at New-market : viz. The merry milkmaid of Islington, or, The rambling gallants defeated : Love lost in the dark, or, The drunken couple : The politick whore, or, The conceited cuckhold.","","Nabbes, Thomas, 1605?-1645? Tottenham Court.",1680,1680.,"Printed for Dan. Browne ... Dan. Major ... and James Vade ...,","London :Printed for Dan. Browne ... Dan. Major ... and James Vade ...,1680.",London :,"Verso of t.p. contains inserted engraving: The merry milkmaid of Islington.; The merry milkmaid of Islington, Love lost in the dark, and The politick whore each have separate t.p.'s.; Based on Thomas Nabbes' ""Tottenham court"".; ""The merry milkmaid of Islington"" has the Wing no. M1869.; Reproduction of original in Huntington Library.",R13320,"",M1869; M3139,12426813,"","","The muse of New-market: or, Mirth and drollery","The muse of New-market: or, Mirth and drollery"
A70717,EEBO-TCP Phase 1,A70717.P4.xml,"The triumphant widow, or, The medley of humours a comedy acted by His Royal Highness's servants / written by His Grace the Duke of Newcastle.","","Newcastle, William Cavendish, Duke of, 1592-1676.",1677,1677.,"Printed by J.M. for H. Herringman ...,","London :Printed by J.M. for H. Herringman ...,1677.",London :,Reproduction of original in Huntington Library.,R8043,"",N891,12991082,"","","The triumphant vvidow, or The medley of humours.","The triumphant vvidow, or The medley of humours"
A70810,EEBO-TCP Phase 2,A70810.P4.xml,"Queen Catharine, or, The ruines of love a tragedy, as it is acted at the New Theatre in Little-Lincolns-Inn-Field by His Majesty's servants / written by Mrs. Pix.","","Pix, Mary, 1666-1720.",1698,MDCXCVIII [1698],"Printed for William Turner ... and Richard Basset ...,","London :Printed for William Turner ... and Richard Basset ...,MDCXCVIII [1698]",London :,Reproduction of original in the Huntington Library.,R38010,"",P2331,17161774,"","","Queen Catharine: or, The ruines of love.","Queen Catharine: or, The ruines of love"
A70911,EEBO-TCP Phase 2,A70911.P4.xml,The siege of Constantinople a tragedy acted at the Duke's Theatre.,"","Payne, Henry Neville, fl. 1672-1710.",1675,1675.,"Printed for Tho. Dring ...,","London :Printed for Tho. Dring ...,1675.",London :,Written by Henry Payne. Cf. DNB.; Reproduction of original in Duke University Library and Library of Congress.,R18152,"",P893,12558850,"","",The siege of Constantinople;,The siege of Constantinople
A70960,EEBO-TCP Phase 1,A70960.P4.xml,"The anatomist, or, The sham doctor written by Mr. Ravenscroft ; with The loves of Mars and Venus, a play set to music, written by Mr. Motteux ; as they are acted together at the New Theatre in Little Lincolns-Inn-Fields.","","Ravenscroft, Edward, 1654?-1707.; Motteux, Peter Anthony, 1660-1718. Loves of Mars and Venus.; Finger, Godfrey, ca. 1660-1730.; Eccles, John, d. 1735.",1697,1697.,"Printed and are to be sold by R. Baldwin ...,","London :Printed and are to be sold by R. Baldwin ...,1697.",London :,"Without the music to the Prologue and 3rd act of the opera composed by Godfrey Finger, and to the 1st and 2nd acts by John Eccles.; Reproduction of original in Huntington Library.; ""The loves of Mars and Venus"" ([8], 30 p.), which appears only on reel 746:8, has separate title page with imprint: London : Printed, in the year 1697.",R22443,"",R326,12488554,"","","The anatomist: or, The sham doctor.","The anatomist: or, The sham doctor"
A74717,EEBO-TCP Phase 2,A74717.P4.xml,The amourous fantasme a tragi-comedy. By Sr. William Lower knight.,"","Quinault, Philippe, 1635-1688.; Lower, William, Sir, 1600?-1662.",1660,Anno 1660.,"imprinted by John Ramzey,","Hage :imprinted by John Ramzey,Anno 1660.",Hage :,"With a preliminary engraved half-title.; A play by Philippe Quinault, translated by William Lower -- Cf. Greg.; Reproduction of the original in the British Library.",R210061,"",Q215,99868893,"","","The amourous fantasme,",The amourous fantasme
A75944,EEBO-TCP Phase 2,A75944.P4.xml,"The Abdicated prince, or, The adventures of four years a tragi-comedy, as it was lately acted at the court at Alba Regalis by several persons of great quality.","","",1690,1690.,"Printed for John Carterson,","London :Printed for John Carterson,1690.",London :,A political satire relating to James II and the Duke of Monmouth.; Reproduction of original in: Bodleian Library.,R43588,"",A71A,42474995,"","","The Abdicated prince, or, The adventures of four years","The Abdicated prince, or, The adventures of four years"
A80983,EEBO-TCP Phase 1,A80983.P4.xml,The ordinary a comedy / written by William  Cartvvright ...,"","Cartwright, William, 1611-1643.",1651,1651.,"Printed for Humphrey Moseley, and are to be sold at his shop ...,","London :Printed for Humphrey Moseley, and are to be sold at his shop ...,1651.",London :,"First edition.; Signatures: A-E⁸, F⁷.; Cf. Clark, W.A. Early Eng. lit. 1920-25. v. 1, p. 31-32.; Imperfect: stained and cropped, with loss of print.; Reproduction of original in the William Andrews Clark Memorial Library, University of California, Los Angeles.",R42371,"",C714,36273303,"","",The ordinary,The ordinary
A92908,EEBO-TCP Phase 1,A92908.P4.xml,Troades Englished. By S.P.,Troades. English,"Seneca, Lucius Annaeus, ca. 4 B.C.-65 A.D.; Pordage, Samuel, 1633-1691?",1660,1660.,"Printed by W.G. for Henry Marsh at the Princes Arms in Chancery-Lane, and Peter Dring at the Sun in the Poultrey neer the Counter,","London :Printed by W.G. for Henry Marsh at the Princes Arms in Chancery-Lane, and Peter Dring at the Sun in the Poultrey neer the Counter,1660.",London :,"S.P. = Samuel Pordage.; In verse.; With an additional title page, engraved: Troades. A tragedie writen in Latine by L Annæus Seneca, ..; Numerous errors in pagination.; Annotation on Thomason copy: ""Jan: Jan. 3."".; Bound with Pordage's: Poems upon several occasions. By S.P. Gent.; Reproduction of the original in the British Library.",R203504,"",S2527,99863445,"","",Troades Englished. By S.P.,Troades Englished. By S.P
A93166,EEBO-TCP Phase 2,A93166.P4.xml,"The brothers, a comedie, as it was acted at the private house in Black Fryers Written by James Shirley. Never printed before.","","Shirley, James, 1596-1666.",1652,1652.,"printed for Humphrey Robinson at the Three Pigeons, and Humphrey Moseley at the Prince Armes in St. Paul's Church-yard,","London :printed for Humphrey Robinson at the Three Pigeons, and Humphrey Moseley at the Prince Armes in St. Paul's Church-yard,1652.",London :,"Reproduction of original in the Folger Shakespeare Library, Washington, D.C..",R230284,"",S3460,99895967,"","","The brothers, a comedie, as it was acted at the private house in Black Fryers.","The brothers, a comedie, as it was acted at the private house in Black Fryers"
A93167,EEBO-TCP Phase 2,A93167.P4.xml,"The cardinal, a tragedie, as it was acted at the private house in Black Fryers, wriiten by James Shirley. Not printed before","","Shirley, James, 1596-1666.",1652,1652.,"printed for Humphrey Robinson at the Three Pigeons, and Humphrey Moseley at the Princes Arms in St. Paul's Church-yard,","London :printed for Humphrey Robinson at the Three Pigeons, and Humphrey Moseley at the Princes Arms in St. Paul's Church-yard,1652.",London :,"Also published as part of: Six new playes, ... All written by James Shirley.--Wing (CD-ROM edition) S3486.; Reproduction of original in the Folger Shakespeare Library.",R230011,"",S3461,99895772,"","","The cardinal, a tragedie, as it was acted at the private house in Black Fryers, wriiten by James Shirley. Not printed before.","The cardinal, a tragedie, as it was acted at the private house in Black Fryers, wriiten by James Shirley. Not printed before"
A93170,EEBO-TCP Phase 2,A93170.P4.xml,"The doubtful heir. A tragi-comedie, as it was acted at the private house in Black-Friers written by James Shirley. Never printed before.","","Shirley, James, 1596-1666.",1652,1652.,"printed for Humphrey Robinson at the three Pigeons, and Humphrey Moseley at the Prince's Armes in St. Paul's Church-yard,","London :printed for Humphrey Robinson at the three Pigeons, and Humphrey Moseley at the Prince's Armes in St. Paul's Church-yard,1652.",London :,"Reproduction of original in the Folger Shakespeare Library, Washington, D.C..",R230285,"",S3466,99895968,"","","The doubtful heir. A tragi-comedie, as it was acted at the private house in Black-Friers,","The doubtful heir. A tragi-comedie, as it was acted at the private house in Black-Friers"
A93178,EEBO-TCP Phase 2,A93178.P4.xml,"The sisters, a comedie, as it was acted at the private house in Black Fryers written by James Shirley. Never printed before.","","Shirley, James, 1596-1666.",1652,1652.,"printed for Humphrey Robinson at the Three Pigeons, and Humphrey Moseley at the Prince's Armes in St. Paul's Church-yard,","London :printed for Humphrey Robinson at the Three Pigeons, and Humphrey Moseley at the Prince's Armes in St. Paul's Church-yard,1652.",London :,"Reproduction of original in the Folger Shakespeare Library, Washington, D.C..",R230287,"",S3485,99895970,"","","The sisters, a comedie, as it was acted at the private house in Black Fryers,","The sisters, a comedie, as it was acted at the private house in Black Fryers"
A94684,EEBO-TCP Phase 2,A94684.P4.xml,Aminta: the famous pastoral. / Written in Italian by Signor' Torquato Tasso. And translated into English verse by John Dancer. Together with divers ingenious poems.,Aminta. English,"Tasso, Torquato, 1544-1595.; Dancer, John, fl. 1660-1675.",1660,1660.,"Printed for John Starkey, at the Miter, near the Middle Temple-gate in Fleet-street.,","London, :Printed for John Starkey, at the Miter, near the Middle Temple-gate in Fleet-street.,1660.","London, :","In verse.; The first leaf is blank.; With four final advertisement leaves; the last leaf is blank.; Annotation on Thomason copy: ""June"".; Reproduction of the original in the British Library.",R203743,"",T172,99863579,"","",Aminta:,Aminta
A96148,EEBO-TCP Phase 1,A96148.P4.xml,"A cure for a cuckold A pleasant comedy, as it hath been several times acted with great applause. Written by John VVebster and VVilliam Rowley. Placere cupio.","","Webster, John, 1580?-1625?; Rowley, William, 1585?-1642? aut",1661,1661.,"printed by Tho. Johnson, and are to be sold by Francis Kirkman, at his shop at the sign of John Fletchers Head, over against the Angel-Inne, on the back-side of St. Clements, without Temple Bar,","London :printed by Tho. Johnson, and are to be sold by Francis Kirkman, at his shop at the sign of John Fletchers Head, over against the Angel-Inne, on the back-side of St. Clements, without Temple Bar,1661.",London :,Signatures: A²  B-H⁴.; Reproduction of original in the Folger Shakespeare Library.,R230815,"",W1220,99896056,"","",A cure for a cuckold.,A cure for a cuckold
B11385,EEBO-TCP Phase 2,B11385.P4.xml,"Wit without money A comedie, at it hath beene presented with good applause at the private house in Drurie Lane, by her Majesties Servants. Written by Francis Beaumount, and Iohn Flecher. Gent.","","Fletcher, John, 1679-1625.; Beaumont, Francis, 1584-1616.",1639,1639 [i.e. 1640],"Printed by Thomas Cotes, for Andrew Crooke, and William Cooke,","London :Printed by Thomas Cotes, for Andrew Crooke, and William Cooke,1639 [i.e. 1640]",London :,"Generally regarded as being Fletcher's work alone.; The authors' names are bracketed together on title page.; Probably printed in early 1640; see ""Studies in Bibliography"" 1 (1948-9, p. 151-82).; Signatures: [A]¹ (=I⁴) B-I⁴ (-I⁴).; Reproduction of the original in the British Library.",S101208,1691,"","","","",Wit withovt money.,Wit withovt money
B11966,EEBO-TCP Phase 2,B11966.P4.xml,Arviragus and Philicia As it was acted at the Private House in Black-Fryers by his Majesties servants. The first and second part.,"","Carlell, Lodowick, 1602?-1675.",1639,1639.,"Printed by Iohn Norton, for Iohn Crooke and Richard Sergier, and are to be sold at the Grey-hound in S. Pauls Church-yard,","London :Printed by Iohn Norton, for Iohn Crooke and Richard Sergier, and are to be sold at the Grey-hound in S. Pauls Church-yard,1639.",London :,"By Lodowick Carlell.; The hyphen in ""Church-yard"" has dropped.; Signatures: A-D¹²  E⁶ E-G¹² .; The first leaf is blank.; With a final epilogue and imprimatur leaf.; Reproduction of the original in the Yale University. Library.",S107552,4627,"","","","",Arviragus and Philicia.,Arviragus and Philicia
B14291,EEBO-TCP Phase 2,B14291.P4.xml,Seianus his fall. VVritten by Ben: Ionson,"","Jonson, Ben, 1573?-1637.",1605,1605.,"Printed by G. Elld, for Thomas Thorpe,","At London :Printed by G. Elld, for Thomas Thorpe,1605.",At London :,"In verse.; Signatures: [par.]⁴ A-M⁴ N² .; Variant: imprint has ""Ellde"".; Reproduction of the original in the British Library.",S109239,14782,"","","","",Seianvs his fall. VVritten by Ben: Ionson. ,Seianvs his fall. VVritten by Ben: Ionson. 
B14292,EEBO-TCP Phase 2,B14292.P4.xml,Ben: Ionson his Volpone or The foxe.,"","Jonson, Ben, 1573?-1637.",1607,1607..,"Printed [by George Eld] for Thomas Thorppe.,","[London] :Printed [by George Eld] for Thomas Thorppe.,1607..",[London] :,Mostly in verse.; Printer's name from STC.; Signatures: pi²  [par.]⁴ A-N⁴ O² .; The first leaf and the last leaf are blank.; Running title reads: The foxe.; Imperfect: bound and filmed out of order. Quires G-I follow quire B.; Reproduction of the original in the British Library.,S122050,14783,"","","","",Ben: Ionson his Volpone or The foxe. ,Ben: Ionson his Volpone or The foxe. 
B17587,EEBO-TCP Phase 2,B17587.P4.xml,"The loyal subject, or, The faithful general a play acted at the Theatre-Royal by Her Majesties servants / the authors, Mr. Beaumont and Mr. Fletcher ; with a preface.","","Fletcher, John, 1579-1625.; Beaumont, Francis, 1584-1616.",1700,[1700?],"Printed for H.N. and sold by W. Keble ...,","London :Printed for H.N. and sold by W. Keble ...,[1700?]",London :,Date of publication from Wing.; Reproduction of original in British Library.,R13867,"",B1593,12004398,"","","The loyal subject; or, The faithful general:","The loyal subject; or, The faithful general"
B17625,EEBO-TCP Phase 2,B17625.P4.xml,The second part of The rover as it is acted by the servants of His Royal Highness / written by A. Behn.,Rover. Part 2,"Behn, Aphra, 1640-1689.; Killigrew, Thomas, 1612-1683. Thomaso.",1631,1631.,"Printed for Jacob Tonson ...,","London :Printed for Jacob Tonson ...,1631.",London :,"""The success of the 1st part induced Mrs. Behn to write the 2d part - she had again recourse to Killegrew, but she now could pillage only thos scenes ... which in the first instance she had properly rejected"" - Genest. Acct. of Eng. stage; Reproduction of original in Huntington Library.",R166,"",B1765,13165768,"","",The second part of The rover.,The second part of The rover
B20356,EEBO-TCP Phase 2,B20356.P4.xml,"Woman's wit, or, The lady in fashion a comedy acted at the Theatre Royal by His Majesties servants / written by C. Cibber.","","Cibber, Colley, 1671-1757.",1697,1697.,"Printed for John Sturton ...,","London :Printed for John Sturton ...,1697.",London :,"At foot of t.p.: ""Plays lately published ...""; Reproduction of the original in the Harvard University Library.",R29656,"",C4283,11185027,"","","Womans wit: or, The lady in fashion.","Womans wit: or, The lady in fashion"
B21042,EEBO-TCP Phase 2,B21042.P4.xml,The man's the master a comedy / written by Sir William D'Avenant ...,"","D'Avenant, William, Sir, 1606-1668.; Scarron, Monsieur, 1610-1660. Jodelet.; Scarron, Monsieur, 1610-1660. Heritier ridicule.",1669,1669.,"Printed for Henry Herringman ...,","In the Savoy [London] :Printed for Henry Herringman ...,1669.",In the Savoy [London] :,"Based on Scarron's ""Jodelet; ou, Le maitre valet"" and ""L'heritier ridicule"".; Reproduction of original in Huntington Library.",R6415,"",D331,13222247,"","",The man's the master:,The man's the master
B21385,EEBO-TCP Phase 2,B21385.P4.xml,"The kind keeper, or, Mr. Limberham a comedy ... / written by John Dryden ...","","Dryden, John, 1631-1700.",1680,1680.,"Printed for R. Bentley, and M. Magnes ...,","London :Printed for R. Bentley, and M. Magnes ...,1680.",London :,"Reproduction of original in Worcester College Library, Oxford.",R16108,"",D2297,12339528,"","","The kind keeper; or, Mr. Limberham:","The kind keeper; or, Mr. Limberham"
B21422,EEBO-TCP Phase 2,B21422.P4.xml,The Spanish rogue as it was acted by His Majesties servants / written by Tho. Duffett.,"","Duffett, Thomas.",1674,1674.,"Printed for William Cademan ...,","London :Printed for William Cademan ...,1674.",London :,Errata on p. [1] at end.; Reproduction of original in Huntington Library.,R11344,"",D2453,12331272,"","",The Spanish rogue.,The Spanish rogue
B21478,EEBO-TCP Phase 2,B21478.P4.xml,"Sir Barnaby Whigg, or, No wit like a womans a comedy : as it is acted by Their Majesties servants at the Theatre-Royal / written by Thomas Durfey, Gent.","","D'Urfey, Thomas, 1653-1723.; Marmion, Shackerley, 1603-1639. Fine companion.; Brémond, Gabriel de. Double-cocu.",1681,1681.,"Printed by A.G. and J.P. for Joseph Hindmarsh ...,","London :Printed by A.G. and J.P. for Joseph Hindmarsh ...,1681.",London :,"Based on Marmion's A fine companion, and Brémond's Le double cocu. Cf. Baker, D.E. Biog. dram.; Reproduction of original in Newberry Library.",R22787,"",D2778,12572223,"","","Sir Barnaby Whigg: or, No wit like a womans.","Sir Barnaby Whigg: or, No wit like a womans"
B22957,EEBO-TCP Phase 2,B22957.P4.xml,"The unnatural brother a tragedy, as it was acted by His Majesty's servants at the theatre in Little Lincolns-Inn-Fields.","","Filmer, Edward, b. ca. 1657.",1697,1697.,"Printed by J. Orme, for Richard Wilkin ...,","London :Printed by J. Orme, for Richard Wilkin ...,1697.",London :,Preface signed: Edw. Filmer.; Advertisements: t.p. and p. 52.; Reproduction of original in Huntington Library.,R18207,"",F907,12039535,"","",The unnatural brother:,The unnatural brother
B24298,EEBO-TCP Phase 2,B24298.P4.xml,"Pyrrhus, King of Epirus a tragedy : acted at the New Theatre in Little Lincoln's-Inn-Fields by His Majesty's servants / written by Mr. Hopkins.","","Hopkins, Charles, 1664?-1700?",1695,1695.,"Printed for Samuel Briscoe ... Peter Buck ... and Daniel Dring ...,","London :Printed for Samuel Briscoe ... Peter Buck ... and Daniel Dring ...,1695.",London :,Advertisements: p. [2] at end.; Reproduction of original in University of Michigan Libraries.; Bound with H2719 and H2723. All items have special t.p. and seperate pagination.,R2284,"",H2726,12691138,"","",Pyrrhus King of Epirus.,Pyrrhus King of Epirus
B27677,EEBO-TCP Phase 2,B27677.P4.xml,Friendship in fashion a comedy : as it is acted at His Royal Highness the Dukes Theatre / written by Thomas Otway.,"","Otway, Thomas, 1652-1685.",1678,1678.,"Printed by E.F. for Richard Tonson ...,","London :Printed by E.F. for Richard Tonson ...,1678.",London :,"""Licenced May 31, 1678. Roger L'Estrange""; Errata: p. [2] at end.; Reproduction of original in Folger Library.",R234472,"",O548,12565581,"","",Friendship in fashion.,Friendship in fashion
B29542,EEBO-TCP Phase 2,B29542.P4.xml,The mock-marriage a comedy : acted at the theatre in Dorset Garden by His Majesty's servants / written by Mr. Scott.,"","Scott, Mr. (Thomas), fl. 1696-1697.",1696,1696.,"Printed for H. Rhodes ... J. Harris ... and S. Briscoe ...,","London :Printed for H. Rhodes ... J. Harris ... and S. Briscoe ...,1696.",London :,Reproduction of original in Bodleian Library.,R8050,"",S2089A,13242385,"","",The mock-marriage.,The mock-marriage
B29649,EEBO-TCP Phase 2,B29649.P4.xml,"Distress'd innocence, or, The Princess of Persia a tragedy ... / written by E. Settle.","","Settle, Elkanah, 1648-1724.; Mountfort, William, 1664?-1692.",1691,1691.,"Printed by E.J. for Abel Roper ...,","London :Printed by E.J. for Abel Roper ...,1691.",London :,"""Epilogue and last scene of the play written by William Mountfort. cf. Dedication.""--NUC pre-1956 imprints.; ""As it is acted at the Theatre Royal by Their Majesties servants.""; Reproduction of original in the Harvard University Library",R32644,"",S2676,12739816,"","","Distress'd innocence: or, The Princess of Persia,","Distress'd innocence: or, The Princess of Persia"
B30024,EEBO-TCP Phase 2,B30024.P4.xml,"The disappointment, or, The mother in fashion a play as it was acted at the Theatre Royal / written by Thomas Southerne.","","Southerne, Thomas, 1660-1746.; Dryden, John, 1631-1700.; Cervantes Saavedra, Miguel de, 1547-1616. Don Quixote.",1684,1684.,"Printed for Jo. Hindmarsh ...,","London :Printed for Jo. Hindmarsh ...,1684.",London :,"Includes untitled songs without music.; ""Prologue"" by John Dryden.; Error in paging: page numbers 29-30 and 33-40 omitted.; Partly based on the story of ""The curious impertinent"" in Cervantes' Don Quixote.; Reproduction of original in British Library.",R232417,"",S4755,27985848,"","","The disappointment, or The mother in fashion.","The disappointment, or The mother in fashion"
K000039.000,ECCO,K000039.000.P4.xml,"The basset-table: A comedy. As it is acted at the Theatre-Royal in Drury-Lane, by Her Majesty's servants. By the author of The gamester.","","Centlivre, Susanna, 1667?-1723.",1706,1706 [1705],"printed for William Turner at the Angel at Lincolns-Inn-Back-Gate; and sold by J. Nutt near Stationers-Hall,","London :printed for William Turner at the Angel at Lincolns-Inn-Back-Gate; and sold by J. Nutt near Stationers-Hall,1706 [1705]",London :,"Author of The gamester = Susanna Centlivre.; P.64 misnumbered 94.; With a half-title.; Narcissus Luttrell's copy dated by him 4 Dec. 1705.; Reproduction of original from the Bodleian Library (Oxford).; English Short Title Catalog, ESTC N71.; Electronic data. Farmington Hills, Mich. : Thomson Gale, 2003. Page image (PNG). Digitized image of the microfilm version produced in Woodbridge, CT by Research Publications, 1982-2002 (later known as Primary Source Microfilm, an imprint of the Gale Group).",N71,"","","",CW3306500660,CW106500660,The basset-table.,The basset-table
K000180.000,ECCO,K000180.000.P4.xml,The fashionable lover; a comedy: as it is acted at the Theatre-Royal in Drury-Lane.,"","Cumberland, Richard, 1732-1811.",1772,1772.,"printed for W. Griffin,","London :printed for W. Griffin,1772.",London :,"Advertisement signed: Rich'd Cumberland.; Letterpress titlepage.; Press figure 2 on p. 20.; With a half-title.; Reproduction of original from the Harvard University Houghton Library.; English Short Title Catalog, ESTC N326.; Electronic data. Farmington Hills, Mich. : Thomson Gale, 2003. Page image (PNG). Digitized image of the microfilm version produced in Woodbridge, CT by Research Publications, 1982-2002 (later known as Primary Source Microfilm, an imprint of the Gale Group).",N326,"","","",CW3310593794,CW110593794,The fashionable lover; a comedy:,The fashionable lover; a comedy
K000691.000,ECCO,K000691.000.P4.xml,"The coffee-house politician: or, the justice caught in his own trap. A comedy. As it is acted at the Theatre-Royal in Lincoln's-Inn Fields. Written by Mr. Fielding.",Rape upon rape,"Fielding, Henry, 1707-1754.",1730,1730.,"printed for J. Watts,","London :printed for J. Watts,1730.",London :,"A reissue of the sheets of 'Rape upon rape', 1730, with a cancel titlepage.; In this issue, there is a single hyphen between ""coffee"" and ""house"" on the titlepage.; Reproduction of original from the Huntington Library.; Masengill, J.A. 'Variant forms of Fielding's Coffee-house politician', SB, 5: 178-183; English Short Title Catalog, ESTC N1125.; Electronic data. Farmington Hills, Mich. : Thomson Gale, 2003. Page image (PNG). Digitized image of the microfilm version produced in Woodbridge, CT by Research Publications, 1982-2002 (later known as Primary Source Microfilm, an imprint of the Gale Group).",N1125,"","","",CW3307943971,CW107943971,The coffee--house politician;,The coffee--house politician
K001312.000,ECCO,K001312.000.P4.xml,The agreeable surprise: A comic opera. In two acts. By Mr. O'Keefe. The music composed by Dr. Arnold.,"","O'Keeffe, John, 1747-1833.",1783,1783.,"printed by R. Stevenson,","Newry :printed by R. Stevenson,1783.",Newry :,"Reproduction of original from the Harvard University Houghton Library.; English Short Title Catalog, ESTC N2031.; Electronic data. Farmington Hills, Mich. : Thomson Gale, 2003. Page image (PNG). Digitized image of the microfilm version produced in Woodbridge, CT by Research Publications, 1982-2002 (later known as Primary Source Microfilm, an imprint of the Gale Group).",N2031,"","","",CW3312773663,CW112773663,The agreeable surprise.,The agreeable surprise
K001985.000,ECCO,K001985.000.P4.xml,"Love for love. A comedy: Acted at the Theatre in Little-Lincoln's-Inn-Fields, by His Majesty's servants. Written by Mr. Congreve.","","Congreve, William, 1670-1729.",1704,1704.,"printed for Jacob Tonson: and sold by R. Wellington, G. Strahan, and B. Lintott,","London :printed for Jacob Tonson: and sold by R. Wellington, G. Strahan, and B. Lintott,1704.",London :,"Reproduction of original from the Harvard University Houghton Library.; English Short Title Catalog, ESTC N3073.; Electronic data. Farmington Hills, Mich. : Thomson Gale, 2003. Page image (PNG). Digitized image of the microfilm version produced in Woodbridge, CT by Research Publications, 1982-2002 (later known as Primary Source Microfilm, an imprint of the Gale Group).",N3073,"","","",CW3312385961,CW112385961,Love for love. A comedy.,Love for love. A comedy
K002004.000,ECCO,K002004.000.P4.xml,The capricious lovers: a comic opera. As it is performed at the Theatre Royal in Drury-Lane. By Mr. Robert Lloyd. The music composed by Mr. Rush.,"","Lloyd, Robert, 1733-1764.",1764,1764.,"printed for R. Withy; W. Griffin; Mr. Becket; and Mr. Davies,","London :printed for R. Withy; W. Griffin; Mr. Becket; and Mr. Davies,1764.",London :,"Libretto only.; Reproduction of original from the William Andrews Clark Memorial Library (UCLA).; English Short Title Catalog, ESTC N3107.; Electronic data. Farmington Hills, Mich. : Thomson Gale, 2003. Page image (PNG). Digitized image of the microfilm version produced in Woodbridge, CT by Research Publications, 1982-2002 (later known as Primary Source Microfilm, an imprint of the Gale Group).",N3107,"","","",CW3312301894,CW112301894,The capricious lovers;,The capricious lovers
K002009.000,ECCO,K002009.000.P4.xml,Love in a village; a comic opera: As it is performed at the Theatre Royal in Covent-Garden.,"","Bickerstaff, Isaac, 1735-1812.",1763,1763.,"printed by W. Griffin; for J. Newbery, and W. Nicoll; G. Kearsly; T. Davies; and J. Walter,","London :printed by W. Griffin; for J. Newbery, and W. Nicoll; G. Kearsly; T. Davies; and J. Walter,1763.",London :,"Anonymous. By Isaac Bickerstaffe.; With a half-title and a final leaf containing 'A table of songs'.; Without the music.; Reproduction of original from the Harvard University Houghton Library.; Roscoe, A36 (1); English Short Title Catalog, ESTC N3119.; Electronic data. Farmington Hills, Mich. : Thomson Gale, 2003. Page image (PNG). Digitized image of the microfilm version produced in Woodbridge, CT by Research Publications, 1982-2002 (later known as Primary Source Microfilm, an imprint of the Gale Group).",N3119,"","","",CW3310088372,CW110088372,Love in a village; a comic opera.,Love in a village; a comic opera
K002867.000,ECCO,K002867.000.P4.xml,"The man of ten thousand: a comedy. As it is acted at the Theatre-Royal, Drury-Lane. The second edition. By Thomas Holcroft.","","Holcroft, Thomas, 1745-1809.",1796,1796.,"printed for G. G. and J. Robinson,","London :printed for G. G. and J. Robinson,1796.",London :,"Reproduction of original from the Bodleian Library (Oxford).; English Short Title Catalog, ESTC N4462.; Electronic data. Farmington Hills, Mich. : Thomson Gale, 2003. Page image (PNG). Digitized image of the microfilm version produced in Woodbridge, CT by Research Publications, 1982-2002 (later known as Primary Source Microfilm, an imprint of the Gale Group).",N4462,"","","",CW3316482848,CW116482848,The man of ten thousand,The man of ten thousand
K002991.000,ECCO,K002991.000.P4.xml,"King Henry the VII: Or the popish impostor. A tragedy. As it is acted by His Majesty's servants, at the Theatre Royal, in Drury-Lane.","","Macklin, Charles, 1697?-1797.",1746,1746.,"printed for R. Francklin; R. Dodsley; and J. Brotherton,","London :printed for R. Francklin; R. Dodsley; and J. Brotherton,1746.",London :,"Anonymous. By Charles Macklin.; On Perkin Warbeck.; Reproduction of original from the Harvard University Houghton Library.; English Short Title Catalog, ESTC N4667.; Electronic data. Farmington Hills, Mich. : Thomson Gale, 2003. Page image (PNG). Digitized image of the microfilm version produced in Woodbridge, CT by Research Publications, 1982-2002 (later known as Primary Source Microfilm, an imprint of the Gale Group).",N4667,"","","",CW3309539766,CW109539766,King Henry the Vii.,King Henry the Vii
K003059.000,ECCO,K003059.000.P4.xml,"The country girl: a comedy, (altered from Wycherley) as it is acted at the Theatre-Royal in Drury-Lane.","","Garrick, David, 1717-1779.; Wycherley, William, 1640-1716.",1766,1766.,"printed for W. and W. Smith, J. Hoey, sen. J Murphy, W. Whitestone, H. Saunders, [and 6 others in Dublin],","Dublin :printed for W. and W. Smith, J. Hoey, sen. J Murphy, W. Whitestone, H. Saunders, [and 6 others in Dublin],1766.",Dublin :,"Adapted by David Garrick.; Reproduction of original from the British Library.; English Short Title Catalog, ESTC N4778.; Electronic data. Farmington Hills, Mich. : Thomson Gale, 2003. Page image (PNG). Digitized image of the microfilm version produced in Woodbridge, CT by Research Publications, 1982-2002 (later known as Primary Source Microfilm, an imprint of the Gale Group).",N4778,"","","",CW3307748114,CW107748114,"The country girl,",The country girl
K004179.000,ECCO,K004179.000.P4.xml,"Fontainbleau; or, our way in France: A comic opera, in three acts. As performed at the Theatres-Royal in Covent-Garden. and Smock-Alley. Written by J. O'Keefe, Esq. The music selected and composed by William Sheild.","","O'Keeffe, John, 1747-1833.",1785,1785.,"printed for W. Wilson,","Dublin :printed for W. Wilson,1785.",Dublin :,"Reproduction of original from the Huntington Library.; English Short Title Catalog, ESTC N6903.; Electronic data. Farmington Hills, Mich. : Thomson Gale, 2003. Page image (PNG). Digitized image of the microfilm version produced in Woodbridge, CT by Research Publications, 1982-2002 (later known as Primary Source Microfilm, an imprint of the Gale Group).",N6903,"","","",CW3307944955,CW107944955,"Fontainbleau; or, our way in France.","Fontainbleau; or, our way in France"
K005732.000,ECCO,K005732.000.P4.xml,"The padlock: a comic opera: as it is perform'd by His Majesty's servants, at the Theatre-Royal in Drury-Lane.","","Bickerstaff, Isaac, 1735-1812.",1768,1768.,"printed for W. Griffin,","London :printed for W. Griffin,1768.",London :,"Anonymous. By Isaac Bickerstaff.; Based on 'The jealous husband' ('El celoso extremoño'), one of Cervantes's 'Novelas ejemplares'.; Without the music by Charles Dibdin.; Reproduction of original from the Harvard University Houghton Library.; English Short Title Catalog, ESTC N9907.; Electronic data. Farmington Hills, Mich. : Thomson Gale, 2003. Page image (PNG). Digitized image of the microfilm version produced in Woodbridge, CT by Research Publications, 1982-2002 (later known as Primary Source Microfilm, an imprint of the Gale Group).",N9907,"","","",CW3310193808,CW110193808,The padlock:,The padlock
K006726.000,ECCO,K006726.000.P4.xml,"Peeping Tom, of Coventry: A comic opera. As it is performed at the Theatre-Royal, Smock-Alley. By John O'Keefe, Esq;.","","O'Keeffe, John, 1747-1833.",1785,1785.,"printed by John Smith,","Dublin :printed by John Smith,1785.",Dublin :,"Without the music by Samuel Arnold.; Presumably a pirated edition.; Reproduction of original from the Harvard University Houghton Library.; English Short Title Catalog, ESTC N11183.; Electronic data. Farmington Hills, Mich. : Thomson Gale, 2003. Page image (PNG). Digitized image of the microfilm version produced in Woodbridge, CT by Research Publications, 1982-2002 (later known as Primary Source Microfilm, an imprint of the Gale Group).",N11183,"","","",CW3309547855,CW109547855,"Peeping Tom, of Coventry.","Peeping Tom, of Coventry"
K007216.000,ECCO,K007216.000.P4.xml,"The pannel: As altered by J. P. Kemble. From Bickerstaff's translation of Calderon's El escondido y la trapada; and first acted at the Theatre Royal in Drury Lane, November 28th, 1788.","","Kemble, John Philip, 1757-1823.",1789,[1789?],"printed for T. and J. Egerton,","London :printed for T. and J. Egerton,[1789?]",London :,"Bickerstaff's translation was entitled 'Tis well it's no worse'.; With a half-title.; Reproduction of original from the Huntington Library.; English Short Title Catalog, ESTC N11949.; Electronic data. Farmington Hills, Mich. : Thomson Gale, 2003. Page image (PNG). Digitized image of the microfilm version produced in Woodbridge, CT by Research Publications, 1982-2002 (later known as Primary Source Microfilm, an imprint of the Gale Group).",N11949,"","","",CW3317147912,CW117147912,The pannel.,The pannel
K007219.000,ECCO,K007219.000.P4.xml,"The prize: or, 2, 5, 3, 8, a musical farce in two acts, as performed by His Majesty's company. Written by Prince Hoare, Esq. The music by Storace. Correctly taken from the manager's book.","","Hoare, Prince, 1755-1834.",1793,1793.,"printed for F. Farquhar,","Dublin :printed for F. Farquhar,1793.",Dublin :,"Without the music.; A piracy?.; Reproduction of original from the Harvard University Houghton Library.; English Short Title Catalog, ESTC N11952.; Electronic data. Farmington Hills, Mich. : Thomson Gale, 2003. Page image (PNG). Digitized image of the microfilm version produced in Woodbridge, CT by Research Publications, 1982-2002 (later known as Primary Source Microfilm, an imprint of the Gale Group).",N11952,"","","",CW3311591533,CW111591533,"The prize,",The prize
K007960.000,ECCO,K007960.000.P4.xml,"The rival sisters: A tragedy. Adapted for theatrical representation, as performed at the Theatre-Royal, Drury-Lane. Regulated from the prompt-book, ...","","Murphy, Arthur, 1727-1805.",1793,1793.,"printed by John Bell,","London :printed by John Bell,1793.",London :,"Anonymous. By Arthur Murphy.; With a final leaf of epilogue.; Reproduction of original from the Harvard University Houghton Library.; English Short Title Catalog, ESTC N12927.; Electronic data. Farmington Hills, Mich. : Thomson Gale, 2003. Page image (PNG). Digitized image of the microfilm version produced in Woodbridge, CT by Research Publications, 1982-2002 (later known as Primary Source Microfilm, an imprint of the Gale Group).",N12927,"","","",CW3314297155,CW114297155,The rival sisters.,The rival sisters
K008041.000,ECCO,K008041.000.P4.xml,The register-office: a farce of two acts. Acted at the Theatre-Royal in Drury-Lane. By J. Reed.,"","Reed, Joseph, 1723-1787.",1761,1761.,"printed for H. Saunders, R. Watts, and W. Whitestone,","Dublin :printed for H. Saunders, R. Watts, and W. Whitestone,1761.",Dublin :,"With a final leaf of advertisement to the reader.; Reproduction of original from the Harvard University Houghton Library.; English Short Title Catalog, ESTC N13021.; Electronic data. Farmington Hills, Mich. : Thomson Gale, 2003. Page image (PNG). Digitized image of the microfilm version produced in Woodbridge, CT by Research Publications, 1982-2002 (later known as Primary Source Microfilm, an imprint of the Gale Group).",N13021,"","","",CW3316872878,CW116872878,The register-Office:,The register-Office
K008736.000,ECCO,K008736.000.P4.xml,"The true-born Irishman: or, Irish fine lady. A comedy of two acts. By Charles Macklin.","","Macklin, Charles, 1697?-1797.",1783,1783.,"sold by the booksellers,","Dublin :sold by the booksellers,1783.",Dublin :,"Produced at Covent Garden under the title: 'The Irish fine lady'.; Reproduction of original from the Harvard University Houghton Library.; English Short Title Catalog, ESTC N14089.; Electronic data. Farmington Hills, Mich. : Thomson Gale, 2003. Page image (PNG). Digitized image of the microfilm version produced in Woodbridge, CT by Research Publications, 1982-2002 (later known as Primary Source Microfilm, an imprint of the Gale Group).",N14089,"","","",CW3310017504,CW110017504,The true-Born Irishman;,The true-Born Irishman
K009642.000,ECCO,K009642.000.P4.xml,"The busie body: a comedy. As it is acted at the Theatre-Royal in Drury-Lane, by Her Majesty's servants. Written by Mrs. Susanna Centlivre.","","Centlivre, Susanna, 1667?-1723.",1709,[1709],"printed for Bernard Lintott,","London :printed for Bernard Lintott,[1709]",London :,"A sequel was published with the title: 'Mar-plot'.; Publication date from CBEL.; Reproduction of original from the William Andrews Clark Memorial Library (UCLA).; English Short Title Catalog, ESTC N15299.; Electronic data. Farmington Hills, Mich. : Thomson Gale, 2003. Page image (PNG). Digitized image of the microfilm version produced in Woodbridge, CT by Research Publications, 1982-2002 (later known as Primary Source Microfilm, an imprint of the Gale Group).",N15299,"","","",CW3312310539,CW112310539,The busie body:,The busie body
K009952.000,ECCO,K009952.000.P4.xml,Agis: a tragedy. As it is acted at the Theatre-Royal in Drury-Lane.,"","Home, John, 1722-1808.",1758,1758.,"printed for A. Millar,","London :printed for A. Millar,1758.",London :,"Anonymous. By John Home.; In this edition the second line on the recto of the second leaf reads: ""written by -"".; Reproduction of original from the Harvard University Houghton Library.; English Short Title Catalog, ESTC N15838.; Electronic data. Farmington Hills, Mich. : Thomson Gale, 2003. Page image (PNG). Digitized image of the microfilm version produced in Woodbridge, CT by Research Publications, 1982-2002 (later known as Primary Source Microfilm, an imprint of the Gale Group).",N15838,"","","",CW3312050625,CW112050625,Agis:,Agis
K010938.000,ECCO,K010938.000.P4.xml,The Grecian daughter: a tragedy: as it is acted at the Theatre-Royal in Drury-Lane.,"","Murphy, Arthur, 1727-1805.",1772,1772.,"printed for W. Griffin,","London :printed for W. Griffin,1772.",London :,"Anonymous. By Arthur Murphy.; With a half-title and a final advertisement leaf.; Reproduction of original from the Harvard University Houghton Library.; English Short Title Catalog, ESTC N17948.; Electronic data. Farmington Hills, Mich. : Thomson Gale, 2003. Page image (PNG). Digitized image of the microfilm version produced in Woodbridge, CT by Research Publications, 1982-2002 (later known as Primary Source Microfilm, an imprint of the Gale Group).",N17948,"","","",CW3312050543,CW112050543,The grecian daughter: a tragedy:,The grecian daughter: a tragedy
K011382.000,ECCO,K011382.000.P4.xml,Love at first sight: a ballad farce: of two acts. As performed at the Theatre-Royal in Drury-Lane.,"","King, Thomas, 1730-1805.",1763,1763.,"printed for A. Leathly, J. Exshaw, P. Willson, S. Price, W. Sleater, [and 5 others],","Dublin :printed for A. Leathly, J. Exshaw, P. Willson, S. Price, W. Sleater, [and 5 others],1763.",Dublin :,"Anonymous. By Thomas King.; Reproduction of original from the British Library.; English Short Title Catalog, ESTC N19051.; Electronic data. Farmington Hills, Mich. : Thomson Gale, 2003. Page image (PNG). Digitized image of the microfilm version produced in Woodbridge, CT by Research Publications, 1982-2002 (later known as Primary Source Microfilm, an imprint of the Gale Group).",N19051,"","","",CW3306680201,CW106680201,"Love at first sight: a ballad farce,",Love at first sight: a ballad farce
K011869.000,ECCO,K011869.000.P4.xml,"Patrick in Prussia: or, love in a camp; a comic opera, in two acts, with all the original songs; as performed at the Theatres Royal, Covent Garden and Smock Alley. Being a sequel to The poor soldier. Written by John O'Keeffe, ...","","O'Keeffe, John, 1747-1833.",1786,1786.,"","Dublin,1786.","Dublin,","The music was by William Shield.; Reproduction of original from the Bodleian Library (Oxford).; English Short Title Catalog, ESTC N20009.; Electronic data. Farmington Hills, Mich. : Thomson Gale, 2003. Page image (PNG). Digitized image of the microfilm version produced in Woodbridge, CT by Research Publications, 1982-2002 (later known as Primary Source Microfilm, an imprint of the Gale Group).",N20009,"","","",CW3306503842,CW106503842,"Patrick in Prussia,",Patrick in Prussia
K012406.000,ECCO,K012406.000.P4.xml,"Songs, duets, trios, &c. in The silver tankard; or, ehe [sic] point at Portsmouth. As performed at the Theatre-Royal in the Hay-Market:",Silver tankard.,"Craven, Elizabeth Craven, Baroness, 1750-1828.",1781,1781.,"printed for T. Cadell,","London :printed for T. Cadell,1781.",London :,"Anonymous. By Elizabeth Craven, Margravine of Brandenburg-Anspach and Bayreuth.; Without the music.; Reproduction of original from the Harvard University Houghton Library.; English Short Title Catalog, ESTC N21158.; Electronic data. Farmington Hills, Mich. : Thomson Gale, 2003. Page image (PNG). Digitized image of the microfilm version produced in Woodbridge, CT by Research Publications, 1982-2002 (later known as Primary Source Microfilm, an imprint of the Gale Group).",N21158,"","","",CW3312386587,CW112386587,"Songs, duets, trios, &c. in The silver tankard; or, ehe [sic] point at Portsmouth. As performed at the Theatre-Royal in the Hay-Market.","Songs, duets, trios, &c. in The silver tankard; or, ehe [sic] point at Portsmouth. As performed at the Theatre-Royal in the Hay-Market"
K013141.000,ECCO,K013141.000.P4.xml,"My grandmother: a musical farce, in two acts, as performed at the Theatre Royal, Hay Market. The music composed by Mr. Storace.","","Hoare, Prince, 1755-1834.",1794,1794.,"Printed for the curious, and sold by the booksellers in general,","[London] :Printed for the curious, and sold by the booksellers in general,1794.",[London] :,"The libretto only, by Prince Hoare.; Reproduction of original from the William Andrews Clark Memorial Library (UCLA).; English Short Title Catalog, ESTC N22586.; Electronic data. Farmington Hills, Mich. : Thomson Gale, 2003. Page image (PNG). Digitized image of the microfilm version produced in Woodbridge, CT by Research Publications, 1982-2002 (later known as Primary Source Microfilm, an imprint of the Gale Group).",N22586,"","","",CW3316115701,CW116115701,My grandmother;,My grandmother
K013794.000,ECCO,K013794.000.P4.xml,"The songs, recitatives, airs, duets, trios, and chorusses, introduced in the pantomime entertainment, of The enchanted castle, as performed at the Theatre-Royal, Covent-Garden. The words by Miles Peter Andrews, Esq; and the music by Mr. Shields:",Enchanted castle.,"Andrews, Miles Peter, d. 1814.",1786,1786.,"printed for the author, and sold at the British Library,","London :printed for the author, and sold at the British Library,1786.",London :,"Without the music.; Reproduction of original from the Harvard University Houghton Library.; English Short Title Catalog, ESTC N23806.; Electronic data. Farmington Hills, Mich. : Thomson Gale, 2003. Page image (PNG). Digitized image of the microfilm version produced in Woodbridge, CT by Research Publications, 1982-2002 (later known as Primary Source Microfilm, an imprint of the Gale Group).",N23806,"","","",CW3311421000,CW111421000,"The songs, recitatives, airs, duets, trios, and chorusses, introduced in the pantomime entertainment, of The enchanted castle, as performed at the Theatre-Royal, Covent-Garden. The words by Miles Peter Andrews, Esq; and the music by Mr. Shields.","The songs, recitatives, airs, duets, trios, and chorusses, introduced in the pantomime entertainment, of The enchanted castle, as performed at the Theatre-Royal, Covent-Garden. The words by Miles Peter Andrews, Esq; and the music by Mr. Shields"
K013872.000,ECCO,K013872.000.P4.xml,"The Spanish lady, a musical entertainment: in two acts; founded on the plan of the old ballad. As performed at the Theatre-Royal in Covent-Garden.","","Hull, Thomas, 1728-1808.",1765,[1765?],"printed for the author,","London :printed for the author,[1765?]",London :,"Anonymous. By Thomas Hull.; Includes: 'Old ballad of the Spanish lady', (pp.[39-43]).; Without the music.; Reproduction of original from the Harvard University Houghton Library.; English Short Title Catalog, ESTC N23987.; Electronic data. Farmington Hills, Mich. : Thomson Gale, 2003. Page image (PNG). Digitized image of the microfilm version produced in Woodbridge, CT by Research Publications, 1982-2002 (later known as Primary Source Microfilm, an imprint of the Gale Group).",N23987,"","","",CW3312079632,CW112079632,"The spanish lady, a musical entertainment,","The spanish lady, a musical entertainment"
K014189.000,ECCO,K014189.000.P4.xml,"The walking statue: or, the devil in the wine-cellar. A comedy, as it was acted at the Theatre Royal in Drury-Lane.","","Hill, Aaron, 1685-1750.",1709,1709.,"Printed in the year,","[London] :Printed in the year,1709.",[London] :,"Anonymous. By Aaron Hill.; ""comedy"" in title is a paste-over covering the words: ""farce of one act."".; Reproduction of original from the Bodleian Library (Oxford).; English Short Title Catalog, ESTC N24813.; Electronic data. Farmington Hills, Mich. : Thomson Gale, 2003. Page image (PNG). Digitized image of the microfilm version produced in Woodbridge, CT by Research Publications, 1982-2002 (later known as Primary Source Microfilm, an imprint of the Gale Group).",N24813,"","","",CW3306514472,CW106514472,The walking statue:,The walking statue
K014256.000,ECCO,K014256.000.P4.xml,"The Wicklow mountains: or, the lad of the hills, a comic opera, in two acts. Written by O'Keeffe.","","O'Keeffe, John, 1747-1833.",1797,1797.,"printed by John Whitworth,","Dublin :printed by John Whitworth,1797.",Dublin :,"Based on O'Keeffe's 'Wicklow gold mine'.; ""Presumably pirated edition"" (MH-H).; Without the music.; Reproduction of original from the Harvard University Houghton Library.; English Short Title Catalog, ESTC N24967.; Electronic data. Farmington Hills, Mich. : Thomson Gale, 2003. Page image (PNG). Digitized image of the microfilm version produced in Woodbridge, CT by Research Publications, 1982-2002 (later known as Primary Source Microfilm, an imprint of the Gale Group).",N24967,"","","",CW3311406215,CW111406215,The wicklow mountains;,The wicklow mountains
K014420.000,ECCO,K014420.000.P4.xml,"The Welch heiress, a comedy:","","Jerningham, Mr. (Edward), 1737?-1812.",1795,1795.,"printed for Richard White,","London :printed for Richard White,1795.",London :,"The dedication signed: Edward Jerningham.; Reproduction of original from the Harvard University Houghton Library.; English Short Title Catalog, ESTC N25358.; Electronic data. Farmington Hills, Mich. : Thomson Gale, 2003. Page image (PNG). Digitized image of the microfilm version produced in Woodbridge, CT by Research Publications, 1982-2002 (later known as Primary Source Microfilm, an imprint of the Gale Group).",N25358,"","","",CW3311401927,CW111401927,"The welch heiress, a comedy.","The welch heiress, a comedy"
K015523.000,ECCO,K015523.000.P4.xml,"The days of yore: a drama in three acts. Performed at the Theatre-Royal, Covent-Garden. By Richard Cumberland, Esq.","","Cumberland, Richard, 1732-1811.",1796,1796.,"printed for P. Wogan, P. Byrne, W. Jones, J. Rice, J. Milliken, and G. Folingsby,","Dublin :printed for P. Wogan, P. Byrne, W. Jones, J. Rice, J. Milliken, and G. Folingsby,1796.",Dublin :,"Reproduction of original from the Harvard University Libraries.; English Short Title Catalog, ESTC N28428.; Electronic data. Farmington Hills, Mich. : Thomson Gale, 2003. Page image (PNG). Digitized image of the microfilm version produced in Woodbridge, CT by Research Publications, 1982-2002 (later known as Primary Source Microfilm, an imprint of the Gale Group).",N28428,"","","",CW3311414901,CW111414901,The days of yore:,The days of yore
K015532.000,ECCO,K015532.000.P4.xml,"The drummer; or, the haunted house: A comedy. As it is acted at the Theatre-Royal in Drury-Lane, by His Majesty's servants.","","Addison, Joseph, 1672-1719.",1715,1715.,"printed for Jacob Tonson,","London :printed for Jacob Tonson,1715.",London :,"Anonymous. By Joseph Addison.; Reproduction of original from the Huntington Library.; English Short Title Catalog, ESTC N28466.; Electronic data. Farmington Hills, Mich. : Thomson Gale, 2003. Page image (PNG). Digitized image of the microfilm version produced in Woodbridge, CT by Research Publications, 1982-2002 (later known as Primary Source Microfilm, an imprint of the Gale Group).",N28466,"","","",CW3312322991,CW112322991,"The drummer; or, the haunted house.","The drummer; or, the haunted house"
K015852.000,ECCO,K015852.000.P4.xml,"Arminius: or the champion of liberty, a tragedy. With an historical preface. By Arthur Murphy, Esq.","","Murphy, Arthur, 1727-1805.",1798,[1798],"printed by and for Barker and Son,","London :printed by and for Barker and Son,[1798]",London :,"Publication date from Nicoll, A. History of English drama.; Reproduction of original from the Bodleian Library (Oxford).; English Short Title Catalog, ESTC N29953.; Electronic data. Farmington Hills, Mich. : Thomson Gale, 2003. Page image (PNG). Digitized image of the microfilm version produced in Woodbridge, CT by Research Publications, 1982-2002 (later known as Primary Source Microfilm, an imprint of the Gale Group).",N29953,"","","",CW3316634781,CW116634781,Arminius:,Arminius
K016151.000,ECCO,K016151.000.P4.xml,"The fatal extravagance. A tragedy: As it is acted at the Theatre, in Lincoln's-Inn-Fields. Written by Mr. Joseph Mitchell.","","Hill, Aaron, 1685-1750.",1721,[1721?],"printed for T. Jauncy,","London :printed for T. Jauncy,[1721?]",London :,"Not in fact by Joseph Mitchell, but by Aaron Hill, written for the benefit of Mitchell.; Text continuous despite pagination.; Publication date from DFo.; Reproduction of original from the Cambridge University Library.; English Short Title Catalog, ESTC N31470.; Electronic data. Farmington Hills, Mich. : Thomson Gale, 2003. Page image (PNG). Digitized image of the microfilm version produced in Woodbridge, CT by Research Publications, 1982-2002 (later known as Primary Source Microfilm, an imprint of the Gale Group).",N31470,"","","",CW3307744628,CW107744628,The fatal extravagance. A tragedy.,The fatal extravagance. A tragedy
K016442.000,ECCO,K016442.000.P4.xml,The beggar's opera: As it is acted at the Theatre-Royal in Lincolns-Inn-Fields. Written by Mr. Gay.,"","Gay, John, 1685-1732.",1728,1728.,"printed by S. Powell, for George Risk, George Ewing, and William Smith,","Dublin :printed by S. Powell, for George Risk, George Ewing, and William Smith,1728.",Dublin :,"Without the music.; Reproduction of original from the Harvard University Houghton Library.; English Short Title Catalog, ESTC N32854.; Electronic data. Farmington Hills, Mich. : Thomson Gale, 2003. Page image (PNG). Digitized image of the microfilm version produced in Woodbridge, CT by Research Publications, 1982-2002 (later known as Primary Source Microfilm, an imprint of the Gale Group).",N32854,"","","",CW3307655397,CW107655397,The beggar's opera.,The beggar's opera
K017108.000,ECCO,K017108.000.P4.xml,"Who's the dupe?: A farce: as it is acted at the Theatre-Royal in Drury-Lane. By Mrs. Cowley, ...","","Cowley, Mrs. (Hannah), 1743-1809.",1779,1779.,"printed for J. Dodsley, L. Davis, W. Owen, S. Crowder, T. Longman [and 3 others in London, including Newbery],","London :printed for J. Dodsley, L. Davis, W. Owen, S. Crowder, T. Longman [and 3 others in London, including Newbery],1779.",London :,"Reproduction of original from the Huntington Library.; English Short Title Catalog, ESTC N36616.; Electronic data. Farmington Hills, Mich. : Thomson Gale, 2003. Page image (PNG). Digitized image of the microfilm version produced in Woodbridge, CT by Research Publications, 1982-2002 (later known as Primary Source Microfilm, an imprint of the Gale Group).",N36616,"","","",CW3313889850,CW113889850,Who's the dupe?,Who's the dupe?
K017256.000,ECCO,K017256.000.P4.xml,"Poor Vulcan: a burletta, in two acts, as performed at the Theatre-Royal, in Covent-Garden.","","Dibdin, Charles, 1745-1814.",1778,1778.,"printed for G. Kearsley, and W. Nicoll,","London :printed for G. Kearsley, and W. Nicoll,1778.",London :,"Anonymous. By Charles Dibdin.; Based on P. A. Motteux's 'The loves of Mars and Venus'.; Without the music.; Reproduction of original from the Harvard University Houghton Library.; English Short Title Catalog, ESTC N37792.; Electronic data. Farmington Hills, Mich. : Thomson Gale, 2003. Page image (PNG). Digitized image of the microfilm version produced in Woodbridge, CT by Research Publications, 1982-2002 (later known as Primary Source Microfilm, an imprint of the Gale Group).",N37792,"","","",CW3313057799,CW113057799,"Poor Vulcan,",Poor Vulcan
K018401.000,ECCO,K018401.000.P4.xml,The good natur'd man: a comedy. As performed at the Theatre-Royal in Covent-Garden. By Mr. Goldsmith.,"","Goldsmith, Oliver, 1730?-1774.",1768,1768.,"printed for W. Griffin,","London :printed for W. Griffin,1768.",London :,"Todd's '1a' impression.; The text of the play is in the second state; word on line 12 p.36: speak; the epilogue is printed on p.[75] only, there is no footnote and ""Finis"" appears on p.74.; Prologue by Dr. Johnson.; With an epilogue.; Reproduction of original from the Huntington Library.; Todd, William B. 'The first editions of The good natur'd man and She stoops to conquer'. Studies in Bibliography, 11: 133-142, 1958; English Short Title Catalog, ESTC N49119.; Electronic data. Farmington Hills, Mich. : Thomson Gale, 2003. Page image (PNG). Digitized image of the microfilm version produced in Woodbridge, CT by Research Publications, 1982-2002 (later known as Primary Source Microfilm, an imprint of the Gale Group).",N49119,"","","",CW3316881838,CW116881838,The good natur'd man:,The good natur'd man
K019154.000,ECCO,K019154.000.P4.xml,Edward and Eleonora. A tragedy: As it was to have been acted at the Theatre-Royal in Covent-Garden. By Mr. Thomson.,"","Thomson, James, 1700-1748.",1739,1739.,"printed for the author; and sold by A. Millar,","London :printed for the author; and sold by A. Millar,1739.",London :,"Dedication signed: James Thomson.; The ornaments are those used by Henry Woodfall.; Price below imprint: One shilling and six-pence.; A variant on fine paper lacks the price below the imprint.; In this setting, pp. 39 and 52 end: ACT. and p. 27 has ""GLOSTE.R"" four lines from the foot.; Reproduction of original from the Cambridge University Library.; English Short Title Catalog, ESTC N60643.; Electronic data. Farmington Hills, Mich. : Thomson Gale, 2003. Page image (PNG). Digitized image of the microfilm version produced in Woodbridge, CT by Research Publications, 1982-2002 (later known as Primary Source Microfilm, an imprint of the Gale Group).",N60643,"","","",CW3307632904,CW107632904,Edward and Eleonora. A tragedy.,Edward and Eleonora. A tragedy
K019867.000,ECCO,K019867.000.P4.xml,"Columbus: or, a world discovered. An historical play. As it is performed at the Theatre-Royal, Covent-Garden. By Thomas Morton, ...","","Morton, Thomas, 1764-1838.",1792,1792.,"printed for W. Miller,","London :printed for W. Miller,1792.",London :,"With a half-title and a final epilogue leaf.; Reproduction of original from the British Library.; English Short Title Catalog, ESTC T93.; Electronic data. Farmington Hills, Mich. : Thomson Gale, 2003. Page image (PNG). Digitized image of the microfilm version produced in Woodbridge, CT by Research Publications, 1982-2002 (later known as Primary Source Microfilm, an imprint of the Gale Group).",T93,"","","",CW3306672704,CW106672704,Columbus:,Columbus
K020289.000,ECCO,K020289.000.P4.xml,The school for guardians: A comedy. As it is performing at the Theatre-Royal in Covent-Garden.,"","Murphy, Arthur, 1727-1805.",1767,1767.,"printed for P. Vaillant,","London :printed for P. Vaillant,1767.",London :,"Anonymous. By Arthur Murphy.; Reproduction of original from the British Library.; English Short Title Catalog, ESTC T772.; Electronic data. Farmington Hills, Mich. : Thomson Gale, 2003. Page image (PNG). Digitized image of the microfilm version produced in Woodbridge, CT by Research Publications, 1982-2002 (later known as Primary Source Microfilm, an imprint of the Gale Group).",T772,"","","",CW3310245273,CW110245273,The school for guardians.,The school for guardians
K020290.000,ECCO,K020290.000.P4.xml,"The critic: or a tragedy rehearsed a dramatic piece in three acts as it is performed at the Theatre Royal in Drury Lane by, Richard Brinsley Sheridan Esqr.","","Sheridan, Richard Brinsley, 1751-1816.",1781,1781.,"printed for T. Becket,","London :printed for T. Becket,1781.",London :,"""Now properly recognised as of the first or second impression""--W. B. Todd, 'The Book Collector', vol.5, no.2 (1956).; The titlepage is engraved.; Prologue by the Hon. Richard Fitzpatrick.; With a half-title and a final advertisement leaf.; P.9 catchword: sneer; no press figure on p.52; on p.84, in the middle of the page, ""awkward"" is correctly spelt.; Reproduction of original from the British Library.; English Short Title Catalog, ESTC T773.; Electronic data. Farmington Hills, Mich. : Thomson Gale, 2003. Page image (PNG). Digitized image of the microfilm version produced in Woodbridge, CT by Research Publications, 1982-2002 (later known as Primary Source Microfilm, an imprint of the Gale Group).",T773,"","","",CW3314239679,CW114239679,The critic,The critic
K020293.000,ECCO,K020293.000.P4.xml,"The dramatic puffers, a prelude; as performed at the Theatre-Royal in Covent-Garden:","","Dudley, H. Bate, Sir (Henry Bate), 1745-1824.",1782,1782.,"printed for G. Kearsley; and E. Macklew,","London :printed for G. Kearsley; and E. Macklew,1782.",London :,"Anonymous. By Henry Bate, afterwards Sir Henry Bate Dudley.; With a half title.; Reproduction of original from the British Library.; English Short Title Catalog, ESTC T776.; Electronic data. Farmington Hills, Mich. : Thomson Gale, 2003. Page image (PNG). Digitized image of the microfilm version produced in Woodbridge, CT by Research Publications, 1982-2002 (later known as Primary Source Microfilm, an imprint of the Gale Group).",T776,"","","",CW3310072026,CW110072026,"The dramatic puffers, a prelude;","The dramatic puffers, a prelude"
K020295.000,ECCO,K020295.000.P4.xml,The way to keep him: a comedy in three acts: as it is perform'd at the Theatre-Royal in Drury-Lane.,"","Murphy, Arthur, 1727-1805.",1760,1760.,"printed for P. Vaillant,","London :printed for P. Vaillant,1760.",London :,"Advertisement signed: Arthur Murphy.; With a final advertisement leaf.; Based in part on A. G. Mouslier de Moissy's 'La nouvelle école des femmes'.; A variant has Vaillant's name in the imprint misspelt ""Valliant"".; Reproduction of original from the British Library.; English Short Title Catalog, ESTC T779.; Electronic data. Farmington Hills, Mich. : Thomson Gale, 2003. Page image (PNG). Digitized image of the microfilm version produced in Woodbridge, CT by Research Publications, 1982-2002 (later known as Primary Source Microfilm, an imprint of the Gale Group).",T779,"","","",CW3310073327,CW110073327,"The way to keep him,",The way to keep him
K020296.000,ECCO,K020296.000.P4.xml,"Henry the Second: or, the fall of Rosamond: a tragedy; as it is performed at the Theatre-Royal, Covent-Garden. Written by Thomas Hull.","","Hull, Thomas, 1728-1808.",1774,1774.,"printed for John Bell,","London :printed for John Bell,1774.",London :,"The epilogue is by George Colman.; With a half-title and four final advertisement leaves.; Sig.A3 contains a dedication to the memory of William Shenstone, dated January 19, 1774.; Reproduction of original from the British Library.; English Short Title Catalog, ESTC T780.; Electronic data. Farmington Hills, Mich. : Thomson Gale, 2003. Page image (PNG). Digitized image of the microfilm version produced in Woodbridge, CT by Research Publications, 1982-2002 (later known as Primary Source Microfilm, an imprint of the Gale Group).",T780,"","","",CW3313751873,CW113751873,Henry the Second;,Henry the Second
K020297.000,ECCO,K020297.000.P4.xml,Pharnaces: an opera. Altered from the Italian. By Thomas Hull. As it is performed at the Theatre Royal in Drury-Lane.,"","Hull, Thomas, 1728-1808.; Lucchini, Antonio Maria.",1765,1765.,"printed for J. and R. Tonson, and T. Lownds [sic],","London :printed for J. and R. Tonson, and T. Lownds [sic],1765.",London :,"Altered from Antonio Maria Lucchini's 'Farnace'.; With a half-title.; Reproduction of original from the British Library.; English Short Title Catalog, ESTC T781.; Electronic data. Farmington Hills, Mich. : Thomson Gale, 2003. Page image (PNG). Digitized image of the microfilm version produced in Woodbridge, CT by Research Publications, 1982-2002 (later known as Primary Source Microfilm, an imprint of the Gale Group).",T781,"","","",CW3306671646,CW106671646,Pharnaces:,Pharnaces
K020298.000,ECCO,K020298.000.P4.xml,"The old maid: A comedy in two acts, as it is performed at the Theatre-Royal in Drury-Lane. By Mr. Murphy.","","Murphy, Arthur, 1727-1805.",1761,1761.,"printed for P. Vaillant,","London :printed for P. Vaillant,1761.",London :,"Based on C.B. Fagan's 'L'étourderie'.; With a final advertisement leaf.; Reproduction of original from the British Library.; English Short Title Catalog, ESTC T782.; Electronic data. Farmington Hills, Mich. : Thomson Gale, 2003. Page image (PNG). Digitized image of the microfilm version produced in Woodbridge, CT by Research Publications, 1982-2002 (later known as Primary Source Microfilm, an imprint of the Gale Group).",T782,"","","",CW3313791952,CW113791952,The old maid.,The old maid
K020308.000,ECCO,K020308.000.P4.xml,Athelstan: A tragedy. As it is acted at the Theatre Royal in Drury-Lane.,"","Brown, John, 1715-1766.",1756,1756.,"printed for Lockyer Davis and Charles Reymers, Holbourn; and at Lord Bacon's Head in Fleet-Street,","London :printed for Lockyer Davis and Charles Reymers, Holbourn; and at Lord Bacon's Head in Fleet-Street,1756.",London :,"Anonymous. By John Brown.; The epilogue is by David Garrick.; Reproduction of original from the British Library.; English Short Title Catalog, ESTC T792.; Electronic data. Farmington Hills, Mich. : Thomson Gale, 2003. Page image (PNG). Digitized image of the microfilm version produced in Woodbridge, CT by Research Publications, 1982-2002 (later known as Primary Source Microfilm, an imprint of the Gale Group).",T792,"","","",CW3314594931,CW114594931,Athelstan.,Athelstan
K020310.000,ECCO,K020310.000.P4.xml,Barbarossa: A tragedy. As it is perform'd at the Theatre-Royal in Drury-Lane.,"","Brown, John, 1715-1766.",1755,1755.,"printed for J. and R. Tonson and S. Draper,","London :printed for J. and R. Tonson and S. Draper,1755.",London :,"Anonymous. By John Brown, Vicar of Newcastle-upon-Tyne.; Prologue and epilogue by David Garrick.; P. 8 misnumbered 10.; Reproduction of original from the British Library.; English Short Title Catalog, ESTC T794.; Electronic data. Farmington Hills, Mich. : Thomson Gale, 2003. Page image (PNG). Digitized image of the microfilm version produced in Woodbridge, CT by Research Publications, 1982-2002 (later known as Primary Source Microfilm, an imprint of the Gale Group).",T794,"","","",CW3314240028,CW114240028,Barbarossa.,Barbarossa
K020441.000,ECCO,K020441.000.P4.xml,"Tom Jones, a comic opera: as it is performed at the Theatre-Royal in Covent-Garden. By Joseph Reed.","","Reed, Joseph, 1723-1787.; Fielding, Henry, 1707-1754.",1769,1769.,"printed for Becket and De Hondt; and Richardson and Urquhart,","London :printed for Becket and De Hondt; and Richardson and Urquhart,1769.",London :,"With a half-title.; Taken from Fielding's novel.; Reproduction of original from the British Library.; English Short Title Catalog, ESTC T949.; Electronic data. Farmington Hills, Mich. : Thomson Gale, 2003. Page image (PNG). Digitized image of the microfilm version produced in Woodbridge, CT by Research Publications, 1982-2002 (later known as Primary Source Microfilm, an imprint of the Gale Group).",T949,"","","",CW3314932595,CW114932595,"Tom Jones,",Tom Jones
K020463.000,ECCO,K020463.000.P4.xml,Medea. A tragedy:,"","Glover, Richard, 1712-1785.",1761,1761.,"printed by H. Woodfall: and sold by J. Morgan,","London :printed by H. Woodfall: and sold by J. Morgan,1761.",London :,"The dedication signed: R. Glover.; [Price Two Shillings and Six-pence.] below imprint; a variant is unpriced.; Reproduction of original from the British Library.; English Short Title Catalog, ESTC T975.; Electronic data. Farmington Hills, Mich. : Thomson Gale, 2003. Page image (PNG). Digitized image of the microfilm version produced in Woodbridge, CT by Research Publications, 1982-2002 (later known as Primary Source Microfilm, an imprint of the Gale Group).",T975,"","","",CW3314396538,CW114396538,Medea.,Medea
K020900.000,ECCO,K020900.000.P4.xml,The times: a comedy: As it is now performing at the Theatre-Royal in Drury-Lane. By Mrs. Griffith.,"","Griffith, Mrs. (Elizabeth), 1720?-1793.",1780,1780.,"printed for Fielding and Walker; J. Dodsley; T. Becket; and T. Davies,","London :printed for Fielding and Walker; J. Dodsley; T. Becket; and T. Davies,1780.",London :,"With a half-title.; Reproduction of original from the British Library.; English Short Title Catalog, ESTC T1544.; Electronic data. Farmington Hills, Mich. : Thomson Gale, 2003. Page image (PNG). Digitized image of the microfilm version produced in Woodbridge, CT by Research Publications, 1982-2002 (later known as Primary Source Microfilm, an imprint of the Gale Group).",T1544,"","","",CW3312132094,CW112132094,The times: a comedy.,The times: a comedy
K020901.000,ECCO,K020901.000.P4.xml,"The platonic wife: a comedy, as it is performed at the Theatre-Royal in Drury-Lane. By a lady.","","Griffith, Mrs. (Elizabeth), 1720?-1793.",1765,1765.,"printed for W. Johnston; J. Dodsley; and T. Davies,","London :printed for W. Johnston; J. Dodsley; and T. Davies,1765.",London :,"A lady = Elizabeth Griffith.; The final leaf contains the epilogue.; Reproduction of original from the British Library.; English Short Title Catalog, ESTC T1545.; Electronic data. Farmington Hills, Mich. : Thomson Gale, 2003. Page image (PNG). Digitized image of the microfilm version produced in Woodbridge, CT by Research Publications, 1982-2002 (later known as Primary Source Microfilm, an imprint of the Gale Group).",T1545,"","","",CW3312131988,CW112131988,"The platonic wife,",The platonic wife
K020903.000,ECCO,K020903.000.P4.xml,"She stoops to conquer: or, the mistakes of a night. A comedy. As it is acted at the Theatre-Royal in Covent-Garden. Written by Doctor Goldsmith.","","Goldsmith, Oliver, 1730?-1774.",1773,1773.,"printed for F. Newbery,","London :printed for F. Newbery,1773.",London :,"The second impression, with the pagination corrected.; The preliminary leaves have been reset in part and include a half-title.; The epilogue by J. Craddock is printed after p.106 (sig.P2).; Todd's impression 2; p.8 is not numbered and the running title reads: 'She stoops to conquer:'.; Variant issue with p.8 numbered and the running title reads: 'She stoops to conquer: or,'.; Reproduction of original from the British Library.; Roscoe, A197 (3); William B. Todd, 'The first editions of The good natur'd man and She stoops to conquer'. Studies in Bibliography, 11(1958), 132-42; English Short Title Catalog, ESTC T1547.; Electronic data. Farmington Hills, Mich. : Thomson Gale, 2003. Page image (PNG). Digitized image of the microfilm version produced in Woodbridge, CT by Research Publications, 1982-2002 (later known as Primary Source Microfilm, an imprint of the Gale Group).",T1547,"","","",CW3312131762,CW112131762,She stoops to conquer:,She stoops to conquer
K020909.000,ECCO,K020909.000.P4.xml,The double mistake: A comedy. As it is performed at the Theatre-Royal in Covent-Garden.,"","Griffith, Mrs. (Elizabeth), 1720?-1793.",1766,1766.,"printed for J. Almon; T. Lowndes; S. Bladon; and J. Williams,","London :printed for J. Almon; T. Lowndes; S. Bladon; and J. Williams,1766.",London :,"Anonymous. By Elizabeth Griffith.; With a final epilogue leaf.; Variant reads Wlliams instead of Williams in imprint.; Reproduction of original from the British Library.; English Short Title Catalog, ESTC T1554.; Electronic data. Farmington Hills, Mich. : Thomson Gale, 2003. Page image (PNG). Digitized image of the microfilm version produced in Woodbridge, CT by Research Publications, 1982-2002 (later known as Primary Source Microfilm, an imprint of the Gale Group).",T1554,"","","",CW3310145013,CW110145013,The double mistake.,The double mistake
K020910.000,ECCO,K020910.000.P4.xml,"Creüsa, Queen of Athens: A tragedy. As it is acted at the Theatre Royal in Drury-Lane by His Majesty's servants. Written by Mr. William Whitehead.","","Whitehead, William, 1715-1785.",1754,1754.,"printed for R. and J. Dodsley; and sold by M. Cooper,","London :printed for R. and J. Dodsley; and sold by M. Cooper,1754.",London :,"A reissue of the 1754 edition with the titlepage corrected.; Based on Euripides' 'Ion'.; Final leaf of epilogue.; Reproduction of original from the British Library.; English Short Title Catalog, ESTC T1555.; Electronic data. Farmington Hills, Mich. : Thomson Gale, 2003. Page image (PNG). Digitized image of the microfilm version produced in Woodbridge, CT by Research Publications, 1982-2002 (later known as Primary Source Microfilm, an imprint of the Gale Group).",T1555,"","","",CW3310244664,CW110244664,"Creüsa, Queen of Athens.","Creüsa, Queen of Athens"
K020978.000,ECCO,K020978.000.P4.xml,Achilles: An opera. As it is perform'd at the Theatre-Royal in Covent-Garden. Written by the late Mr. Gay. With the musick prefix'd to each song.,"","Gay, John, 1685-1732.",1733,1733.,"printed for J. Watts,","London :printed for J. Watts,1733.",London :,"With a half-title and 3 pages of advertisements.; At foot of titlepage: Price one shilling and six pence.; Variant: no price on titlepage.; Reproduction of original from the British Library.; English Short Title Catalog, ESTC T1728.; Electronic data. Farmington Hills, Mich. : Thomson Gale, 2003. Page image (PNG). Digitized image of the microfilm version produced in Woodbridge, CT by Research Publications, 1982-2002 (later known as Primary Source Microfilm, an imprint of the Gale Group).",T1728,"","","",CW3314258361,CW114258361,Achilles.,Achilles
K020979.000,ECCO,K020979.000.P4.xml,"Amelia: A new English opera, as it is perform'd at the New Theatre in the Hay-Market, after the Italian manner. Set to musick by Mr. John Frederick Lampe.","","Carey, Henry, 1687?-1743.",1732,1732.,"printed for J. Watts,","London :printed for J. Watts,1732.",London :,"Anonymous. By Henry Carey.; With a half-title and three final pages of advertisements.; Microopaque copy lacks advertisements.; Reproduction of original from the British Library.; English Short Title Catalog, ESTC T1729.; Electronic data. Farmington Hills, Mich. : Thomson Gale, 2003. Page image (PNG). Digitized image of the microfilm version produced in Woodbridge, CT by Research Publications, 1982-2002 (later known as Primary Source Microfilm, an imprint of the Gale Group).",T1729,"","","",CW3309712961,CW109712961,Amelia.,Amelia
K020981.000,ECCO,K020981.000.P4.xml,Philodamus. A tragedy:,"","Bentley, R. (Richard), 1708-1782.",1767,1767.,"printed for J. Dodsley,","London :printed for J. Dodsley,1767.",London :,"Anonymous. By Richard Bentley, the Younger.; Verse.; Variant; in some copies the titlepage has ""Price half a crown"" below the imprint.; Reproduction of original from the British Library.; English Short Title Catalog, ESTC T1731.; Electronic data. Farmington Hills, Mich. : Thomson Gale, 2003. Page image (PNG). Digitized image of the microfilm version produced in Woodbridge, CT by Research Publications, 1982-2002 (later known as Primary Source Microfilm, an imprint of the Gale Group).",T1731,"","","",CW3314259377,CW114259377,Philodamus.,Philodamus
K021253.000,ECCO,K021253.000.P4.xml,The West Indian: a comedy. As it is performed at the Theatre Royal in Drury-Lane. By the author of The brothers.,"","Cumberland, Richard, 1732-1811.",1771,1771.,"printed for W. Griffin,","London :printed for W. Griffin,1771.",London :,"Author of 'The brothers' = Richard Cumberland.; The final leaf contains the epilogue.; The catchword at the end of the ""Prologue"" is ""Epi-"".; Variant catchword at end of prologue: ""Dra"".; With a half-title.; Reproduction of original from the British Library.; English Short Title Catalog, ESTC T2080.; Electronic data. Farmington Hills, Mich. : Thomson Gale, 2003. Page image (PNG). Digitized image of the microfilm version produced in Woodbridge, CT by Research Publications, 1982-2002 (later known as Primary Source Microfilm, an imprint of the Gale Group).",T2080,"","","",CW3310072306,CW110072306,The west Indian:,The west Indian
K021260.000,ECCO,K021260.000.P4.xml,Amelia: A musical entertainment of two acts. As it is performed at the Theatre Royal in Covent-Garden.,"","Cumberland, Richard, 1732-1811.",1768,1768.,"printed for J. Dodsley; and W. Johnston,","London :printed for J. Dodsley; and W. Johnston,1768.",London :,"Anonymous. By Richard Cumberland.; Altered and abridged by the author from his comedy 'The Summer's Tale'.; Reproduction of original from the British Library.; English Short Title Catalog, ESTC T2088.; Electronic data. Farmington Hills, Mich. : Thomson Gale, 2003. Page image (PNG). Digitized image of the microfilm version produced in Woodbridge, CT by Research Publications, 1982-2002 (later known as Primary Source Microfilm, an imprint of the Gale Group).",T2088,"","","",CW3306674759,CW106674759,Amelia.,Amelia
K021263.000,ECCO,K021263.000.P4.xml,The school for rakes: a comedy. As it is performed at the Theatre-Royal in Drury-Lane.,"","Griffith, Mrs. (Elizabeth), 1720?-1793.",1769,1769.,"printed for T. Becket and P. A. De Hondt,","London :printed for T. Becket and P. A. De Hondt,1769.",London :,"Anonymous. By Elizabeth Griffith.; Based on P. A. Caron de Beaumarchais', 'Eugenie.' - With an epilogue written by Henry James Pye, Esq.; Final leaf contains epilogues.; Reproduction of original from the British Library.; English Short Title Catalog, ESTC T2095.; Electronic data. Farmington Hills, Mich. : Thomson Gale, 2003. Page image (PNG). Digitized image of the microfilm version produced in Woodbridge, CT by Research Publications, 1982-2002 (later known as Primary Source Microfilm, an imprint of the Gale Group).",T2095,"","","",CW3310152772,CW110152772,The school for rakes:,The school for rakes
K021266.000,ECCO,K021266.000.P4.xml,"The mirror: or, harlequin every-where. A pantomimical burletta, in three parts. As it is performed at the Theatre-Royal in Covent-Garden.","","Dibdin, Charles, 1745-1814.",1779,1779.,"printed for G. Kearsly,","London :printed for G. Kearsly,1779.",London :,"Anonymous. By Charles Dibdin.; With a half-title.; Reproduction of original from the British Library.; English Short Title Catalog, ESTC T2099.; Electronic data. Farmington Hills, Mich. : Thomson Gale, 2003. Page image (PNG). Digitized image of the microfilm version produced in Woodbridge, CT by Research Publications, 1982-2002 (later known as Primary Source Microfilm, an imprint of the Gale Group).",T2099,"","","",CW3313646482,CW113646482,The mirror;,The mirror
K021267.000,ECCO,K021267.000.P4.xml,"Retaliation, a farce, in two acts: as it is performed, with universal applause, at the Theatre Royal, Covent Garden. By Leonard MacNally, Esq.","","MacNally, Leonard, 1752-1820.",1782,1782.,"printed for F. Blyth, and S. Bladon,","London :printed for F. Blyth, and S. Bladon,1782.",London :,"With a half-title.; Reproduction of original from the British Library.; English Short Title Catalog, ESTC T2100.; Electronic data. Farmington Hills, Mich. : Thomson Gale, 2003. Page image (PNG). Digitized image of the microfilm version produced in Woodbridge, CT by Research Publications, 1982-2002 (later known as Primary Source Microfilm, an imprint of the Gale Group).",T2100,"","","",CW3306674195,CW106674195,"Retaliation,",Retaliation
K021268.000,ECCO,K021268.000.P4.xml,"The belle's stratagem: a comedy, as acted at the Theatre-Royal in Covent-Garden. By Mrs. Cowley.","","Cowley, Mrs. (Hannah), 1743-1809.",1782,1782.,"printed for T. Cadell,","London :printed for T. Cadell,1782.",London :,"Reproduction of original from the British Library.; English Short Title Catalog, ESTC T2101.; Electronic data. Farmington Hills, Mich. : Thomson Gale, 2003. Page image (PNG). Digitized image of the microfilm version produced in Woodbridge, CT by Research Publications, 1982-2002 (later known as Primary Source Microfilm, an imprint of the Gale Group).",T2101,"","","",CW3306674106,CW106674106,"The belle's stratagem,",The belle's stratagem
K021270.000,ECCO,K021270.000.P4.xml,"The shepherdess of the Alps: a comic opera, in three acts. As it is performed at the Theatre-Royal in Covent-Garden.","","Dibdin, Charles, 1745-1814.; Marmontel, Jean François, 1723-1799.",1780,1780.,"printed for G. Kearsly,","London :printed for G. Kearsly,1780.",London :,"Anonymous. By Charles Dibdin.; Based on 'La Bergère des Alpes' of Jean François Marmontel.; With a half-title.; Without the music.; Reproduction of original from the British Library.; English Short Title Catalog, ESTC T2103.; Electronic data. Farmington Hills, Mich. : Thomson Gale, 2003. Page image (PNG). Digitized image of the microfilm version produced in Woodbridge, CT by Research Publications, 1982-2002 (later known as Primary Source Microfilm, an imprint of the Gale Group).",T2103,"","","",CW3306673928,CW106673928,The shepherdess of the Alps:,The shepherdess of the Alps
K021271.000,ECCO,K021271.000.P4.xml,The deaf lover: a farce in two acts; as performed at the Theatre Royal Covent Garden. Written by F. Pilon.,"","Pilon, Frederick, 1750-1788.",1780,1780.,"printed for J. Bowen,","London :printed for J. Bowen,1780.",London :,"With a half-title.; Reproduction of original from the British Library.; English Short Title Catalog, ESTC T2104.; Electronic data. Farmington Hills, Mich. : Thomson Gale, 2003. Page image (PNG). Digitized image of the microfilm version produced in Woodbridge, CT by Research Publications, 1982-2002 (later known as Primary Source Microfilm, an imprint of the Gale Group).",T2104,"","","",CW3306673868,CW106673868,"The deaf lover,",The deaf lover
K021509.000,ECCO,K021509.000.P4.xml,"The mysteries of the castle: a dramatic tale, in three acts: as performed at the Theatre-Royal, Covent-Garden. Written by Miles Peter Andrews, Esq.","","Andrews, Miles Peter, d. 1814.",1795,1795.,"printed by W. Woodfall. For T. N. Longman,","London :printed by W. Woodfall. For T. N. Longman,1795.",London :,"With a half-title.; Reproduction of original from the British Library.; English Short Title Catalog, ESTC T2448.; Electronic data. Farmington Hills, Mich. : Thomson Gale, 2003. Page image (PNG). Digitized image of the microfilm version produced in Woodbridge, CT by Research Publications, 1982-2002 (later known as Primary Source Microfilm, an imprint of the Gale Group).",T2448,"","","",CW3310780965,CW110780965,The mysteries of the castle:,The mysteries of the castle
K021512.000,ECCO,K021512.000.P4.xml,"A new musical interlude, called The election: As it is performed at the Theatre Royal in Drury-Lane.","","Andrews, Miles Peter, d. 1814.",1774,1774.,"printed for W. Griffin,","London :printed for W. Griffin,1774.",London :,"Anonymous. By Miles Peter Andrews.; Reproduction of original from the British Library.; English Short Title Catalog, ESTC T2452.; Electronic data. Farmington Hills, Mich. : Thomson Gale, 2003. Page image (PNG). Digitized image of the microfilm version produced in Woodbridge, CT by Research Publications, 1982-2002 (later known as Primary Source Microfilm, an imprint of the Gale Group).",T2452,"","","",CW3310780877,CW110780877,"A new musical interlude,",A new musical interlude
K021515.000,ECCO,K021515.000.P4.xml,Timanthes: a tragedy. As it is performed at the Theatre Royal in Covent-Garden. By John Hoole.,"","Hoole, John, 1727-1803.",1770,1770.,"printed for T. Becket and Co.,","London :printed for T. Becket and Co.,1770.",London :,"With a half-title.; With the words ""Spoken by Mr. Bensley."" at the head of the Prologue.; Variant; in some copies the statement ""Spoken by Mr. Bensley"" is not at the head of the prologue.; Reproduction of original from the British Library.; English Short Title Catalog, ESTC T2455.; Electronic data. Farmington Hills, Mich. : Thomson Gale, 2003. Page image (PNG). Digitized image of the microfilm version produced in Woodbridge, CT by Research Publications, 1982-2002 (later known as Primary Source Microfilm, an imprint of the Gale Group).",T2455,"","","",CW3311524017,CW111524017,Timanthes:,Timanthes
K021519.000,ECCO,K021519.000.P4.xml,"The siege of Gibraltar: a musical farce: in two acts. As it is performed at the Theatre-Royal, in Covent-Garden. By F. Pilon.","","Pilon, Frederick, 1750-1788.",1780,1780.,"printed for G. Kearsly,","London :printed for G. Kearsly,1780.",London :,"Reproduction of original from the British Library.; English Short Title Catalog, ESTC T2459.; Electronic data. Farmington Hills, Mich. : Thomson Gale, 2003. Page image (PNG). Digitized image of the microfilm version produced in Woodbridge, CT by Research Publications, 1982-2002 (later known as Primary Source Microfilm, an imprint of the Gale Group).",T2459,"","","",CW3313787958,CW113787958,The siege of Gibraltar:,The siege of Gibraltar
K022555.000,ECCO,K022555.000.P4.xml,"New hay at the old market: an occassional drama, in one act: written by George Colman, (the younger, ) on opening the Hay-Market Theatre. On the 9th of June, 1795.","","Colman, George, 1762-1836.",1795,1795.,"printed by W. Woodfall. For T. Cadell, and W. Davies,","London :printed by W. Woodfall. For T. Cadell, and W. Davies,1795.",London :,"Reproduction of original from the British Library.; English Short Title Catalog, ESTC T4686.; Electronic data. Farmington Hills, Mich. : Thomson Gale, 2003. Page image (PNG). Digitized image of the microfilm version produced in Woodbridge, CT by Research Publications, 1982-2002 (later known as Primary Source Microfilm, an imprint of the Gale Group).",T4686,"","","",CW3317024877,CW117024877,New hay at the old market;,New hay at the old market
K024153.000,ECCO,K024153.000.P4.xml,"The farmer: a comic opera: In two acts. As it is performed at the theatres Royal in London and Dublin. By John O'Keefe, Esq.","","O'Keeffe, John, 1747-1833.",1788,1788.,"printed by T. M'Donnell,","Dublin :printed by T. M'Donnell,1788.",Dublin :,"Reproduction of original from the British Library.; English Short Title Catalog, ESTC T8449.; Electronic data. Farmington Hills, Mich. : Thomson Gale, 2003. Page image (PNG). Digitized image of the microfilm version produced in Woodbridge, CT by Research Publications, 1982-2002 (later known as Primary Source Microfilm, an imprint of the Gale Group).",T8449,"","","",CW3309748698,CW109748698,The farmer:,The farmer
K024330.000,ECCO,K024330.000.P4.xml,"Liberty-Hall: or, a test of good fellowship. A comic opera, in two acts. As it is performed with the greatest applause at the Theatre-Royal in Drury-Lane.","","Dibdin, Charles, 1745-1814.",1785,1785.,"printed for the author, and sold by G. Kearsley,","London :printed for the author, and sold by G. Kearsley,1785.",London :,"Anonymous. By Charles Dibdin.; With a half-title.; Reproduction of original from the British Library.; English Short Title Catalog, ESTC T9039.; Electronic data. Farmington Hills, Mich. : Thomson Gale, 2003. Page image (PNG). Digitized image of the microfilm version produced in Woodbridge, CT by Research Publications, 1982-2002 (later known as Primary Source Microfilm, an imprint of the Gale Group).",T9039,"","","",CW3315373401,CW115373401,Liberty-Hall:,Liberty-Hall
K024381.000,ECCO,K024381.000.P4.xml,"Lodoiska: an opera, in three acts, perfomed, for the first time, by His Majesty's Servants, at the Theatre Royal, Drury-Lane, on Monday, June 9th. 1794. Written by J. P. Kemble. ...","","Kemble, John Philip, 1757-1823.",1794,[1794],"printed for G. G. and J. Robinson,","London :printed for G. G. and J. Robinson,[1794]",London :,"Reproduction of original from the British Library.; English Short Title Catalog, ESTC T9105.; Electronic data. Farmington Hills, Mich. : Thomson Gale, 2003. Page image (PNG). Digitized image of the microfilm version produced in Woodbridge, CT by Research Publications, 1982-2002 (later known as Primary Source Microfilm, an imprint of the Gale Group).",T9105,"","","",CW3306892644,CW106892644,Lodoiska;,Lodoiska
K025325.000,ECCO,K025325.000.P4.xml,False delicacy: a comedy; as it is performed at the Theatre-Royal in Drury-Lane. By His Majesty's servants. By Hugh Kelly.,"","Kelly, Hugh, 1739-1777.",1768,1768.,"printed for R. Baldwin; W. Johnston, and G. Kearsly,","London :printed for R. Baldwin; W. Johnston, and G. Kearsly,1768.",London :,"Prologue and epilogue written by David Garrick.; With a half-title.; In this edition p. 2, line 4 includes ""No Charles""; p. 9, line 31 ""wish""; p. 13, line 11 ""Mrs. Harrley""; p. 53 at foot ""End ... ACT""; and p. 70, lines 11-12 ""her Sir Harry"".; Reproduction of original from the British Library.; English Short Title Catalog, ESTC T10796.; Electronic data. Farmington Hills, Mich. : Thomson Gale, 2003. Page image (PNG). Digitized image of the microfilm version produced in Woodbridge, CT by Research Publications, 1982-2002 (later known as Primary Source Microfilm, an imprint of the Gale Group).",T10796,"","","",CW3316262530,CW116262530,False delicacy:,False delicacy
K025327.000,ECCO,K025327.000.P4.xml,The sister: a comedy. By Mrs. Charlotte Lennox.,"","Lennox, Charlotte, ca. 1729-1804.",1769,1769.,"printed for J. Dodsley; and T. Davies,","London :printed for J. Dodsley; and T. Davies,1769.",London :,"Prologue written by Mr. Colman.; Epilogue written by Dr. Goldsmith.; Reproduction of original from the British Library.; English Short Title Catalog, ESTC T10798.; Electronic data. Farmington Hills, Mich. : Thomson Gale, 2003. Page image (PNG). Digitized image of the microfilm version produced in Woodbridge, CT by Research Publications, 1982-2002 (later known as Primary Source Microfilm, an imprint of the Gale Group).",T10798,"","","",CW3316674436,CW116674436,The sister:,The sister
K026709.000,ECCO,K026709.000.P4.xml,Percy: a tragedy. As it is acted at the Theatre-Royal in Covent-Garden.,"","More, Hannah, 1745-1833.",1778,1778.,"printed for T. Cadell,","London :printed for T. Cadell,1778.",London :,"Anonymous. By Hannah More.; With an errata slip inserted.; Reproduction of original from the British Library.; English Short Title Catalog, ESTC T13245.; Electronic data. Farmington Hills, Mich. : Thomson Gale, 2003. Page image (PNG). Digitized image of the microfilm version produced in Woodbridge, CT by Research Publications, 1982-2002 (later known as Primary Source Microfilm, an imprint of the Gale Group).",T13245,"","","",CW3310149301,CW110149301,"Percy,",Percy
K027367.000,ECCO,K027367.000.P4.xml,"The mourning bride. A tragedy: As it is acted at the Theatre in Lincoln's-Inn-Fields, by His Majesty's servants. Written by Mr. Congreve.","","Congreve, William, 1670-1729.",1703,1703.,"printed for Jacob Tonson: and sold by R. Wellington, G. Strahan, and B. Lintott,","London :printed for Jacob Tonson: and sold by R. Wellington, G. Strahan, and B. Lintott,1703.",London :,"With a half-title.; Reproduction of original from the British Library.; English Short Title Catalog, ESTC T14323.; Electronic data. Farmington Hills, Mich. : Thomson Gale, 2003. Page image (PNG). Digitized image of the microfilm version produced in Woodbridge, CT by Research Publications, 1982-2002 (later known as Primary Source Microfilm, an imprint of the Gale Group).",T14323,"","","",CW3310774001,CW110774001,The mourning bride. A tragedy.,The mourning bride. A tragedy
K029293.000,ECCO,K029293.000.P4.xml,"Management: a comedy, in five acts. As performed at the Theatre-Royal, Covent-Garden. By Frederick Reynolds.","","Reynolds, Frederick, 1764-1841.",1799,1799.,"printed by A. Strahan; for T. N. Longman and O. Rees,","London :printed by A. Strahan; for T. N. Longman and O. Rees,1799.",London :,"Reproduction of original from the British Library.; English Short Title Catalog, ESTC T18518.; Electronic data. Farmington Hills, Mich. : Thomson Gale, 2003. Page image (PNG). Digitized image of the microfilm version produced in Woodbridge, CT by Research Publications, 1982-2002 (later known as Primary Source Microfilm, an imprint of the Gale Group).",T18518,"","","",CW3310069059,CW110069059,Management:,Management
K029296.000,ECCO,K029296.000.P4.xml,"The rage: a comedy: As it is performed at the Theatre-Royal, Covent-Garden. By Frederick Reynolds.","","Reynolds, Frederick, 1764-1841.",1795,1795.,"printed for T.N. Longman,","London :printed for T.N. Longman,1795.",London :,"With a half-title.; Reproduction of original from the British Library.; English Short Title Catalog, ESTC T18521.; Electronic data. Farmington Hills, Mich. : Thomson Gale, 2003. Page image (PNG). Digitized image of the microfilm version produced in Woodbridge, CT by Research Publications, 1982-2002 (later known as Primary Source Microfilm, an imprint of the Gale Group).",T18521,"","","",CW3313392890,CW113392890,The rage:,The rage
K029305.000,ECCO,K029305.000.P4.xml,"The devil upon two sticks: a comedy, in three acts. As it is performed at the Theatre-Royal in the Haymarket. Written by the late Samuel Foote, Esq. and now published by Mr. Colman.","","Foote, Samuel, 1720-1777.",1778,1778.,"printed by T. Sherlock, for T. Cadell,","London :printed by T. Sherlock, for T. Cadell,1778.",London :,"With a half-title and a final advertisement leaf.; Also issued as part of: 'The dramatic works of Samuel Foote, Esq;', London, [1778?], [1779?], [1780?], [1785?], and 1788.; Reproduction of original from the British Library.; English Short Title Catalog, ESTC T18530.; Electronic data. Farmington Hills, Mich. : Thomson Gale, 2003. Page image (PNG). Digitized image of the microfilm version produced in Woodbridge, CT by Research Publications, 1982-2002 (later known as Primary Source Microfilm, an imprint of the Gale Group).",T18530,"","","",CW3311313443,CW111313443,The devil upon two sticks;,The devil upon two sticks
K029722.000,ECCO,K029722.000.P4.xml,"The camp: a musical entertainment, as performed at the Theatre Royal, Drury Lane. By R. B. Sheridan, Esq.","","Sheridan, Richard Brinsley, 1751-1816.",1795,1795.,"printed in the year,","London :printed in the year,1795.",London :,"Almost certainly by Sheridan, perhaps with some contributions by John Burgoyne.; Sometimes attributed to Richard Tickell, from a rough draft in his handwriting.; Many songs borrowed from Thomas Hill's 'The royal merchant'.; Reproduction of original from the British Library.; English Short Title Catalog, ESTC T19858.; Electronic data. Farmington Hills, Mich. : Thomson Gale, 2003. Page image (PNG). Digitized image of the microfilm version produced in Woodbridge, CT by Research Publications, 1982-2002 (later known as Primary Source Microfilm, an imprint of the Gale Group).",T19858,"","","",CW3316744931,CW116744931,"The camp,",The camp
K029768.000,ECCO,K029768.000.P4.xml,"The captive of Spilburg in two acts: as performed at the Theatre Royal, Drury Lane, altered from the favourite French drama called Le souterrain, with a preface by the translator. The music by Dussek.","","Hoare, Prince, 1755-1834.",1799,1799.,"printed for Machell Stace, and J. Hatchard,","London :printed for Machell Stace, and J. Hatchard,1799.",London :,"Translated and adapted by Prince Hoare from 'Camille, ou le souterrain' by J. B. Marsollier des Vivetières.; With a half-title. -P.46 mispaginated 47.; Variant: the final speech on p.27, which was duplicated at the top of p.28, has been removed.; Reproduction of original from the British Library.; English Short Title Catalog, ESTC T19924.; Electronic data. Farmington Hills, Mich. : Thomson Gale, 2003. Page image (PNG). Digitized image of the microfilm version produced in Woodbridge, CT by Research Publications, 1982-2002 (later known as Primary Source Microfilm, an imprint of the Gale Group).",T19924,"","","",CW3310835800,CW110835800,"The captive of Spilburg in two acts,",The captive of Spilburg in two acts
K029769.000,ECCO,K029769.000.P4.xml,"The captives a tragedy: as performed at the Theatre-Royal, Drury-Lane by the author of The royal suppliants.","","Delap, J. (John), 1725-1812.",1786,1786.,"printed for T. Cadell,","London :printed for T. Cadell,1786.",London :,"Author of The royal suppliants = John Delap.; A variant has a comma after ""captives"" and a full-stop after ""Drury-Lane"" on the titlepage.; Reproduction of original from the British Library.; English Short Title Catalog, ESTC T19925.; Electronic data. Farmington Hills, Mich. : Thomson Gale, 2003. Page image (PNG). Digitized image of the microfilm version produced in Woodbridge, CT by Research Publications, 1982-2002 (later known as Primary Source Microfilm, an imprint of the Gale Group).",T19925,"","","",CW3314912337,CW114912337,The captives a tragedy;,The captives a tragedy
K030147.000,ECCO,K030147.000.P4.xml,"Lock and key: a musical entertainment, in two acts, as performed at the Theatre Royal, Covent-Garden. By Prince Hoare, Esq. ... Correctly taken from the prompt-book.","","Hoare, Prince, 1755-1834.",1796,1796.,"printed for T. N. Longman,","London :printed for T. N. Longman,1796.",London :,"Reproduction of original from the British Library.; English Short Title Catalog, ESTC T20759.; Electronic data. Farmington Hills, Mich. : Thomson Gale, 2003. Page image (PNG). Digitized image of the microfilm version produced in Woodbridge, CT by Research Publications, 1982-2002 (later known as Primary Source Microfilm, an imprint of the Gale Group).",T20759,"","","",CW3309731643,CW109731643,Lock and key:,Lock and key
K030158.000,ECCO,K030158.000.P4.xml,"Next door neighbours; a comedy: in three acts. From the French dramas L'indigent & Le dissipateur. As performed at the Theatre-Royal, Hay-Market. By Mrs. Inchbald.","","Inchbald, Mrs., 1753-1821.",1791,1791.,"printed for Messrs. P. Byrne, W. Sleater, J. Moore, J. Rice, J. Halpen [and 8 others in Dublin],","Dublin :printed for Messrs. P. Byrne, W. Sleater, J. Moore, J. Rice, J. Halpen [and 8 others in Dublin],1791.",Dublin :,"'L'indigent' is by Louis Sébastien Mercier, and 'Le dissipateur' by Philippe Néricault-Destouches.; With a half-title and a final leaf of epilogue.; Reproduction of original from the British Library.; English Short Title Catalog, ESTC T20770.; Electronic data. Farmington Hills, Mich. : Thomson Gale, 2003. Page image (PNG). Digitized image of the microfilm version produced in Woodbridge, CT by Research Publications, 1982-2002 (later known as Primary Source Microfilm, an imprint of the Gale Group).",T20770,"","","",CW3313956230,CW113956230,Next door neighbours;,Next door neighbours
K030162.000,ECCO,K030162.000.P4.xml,"Wives as they were: and maids as they are, a comedy, in five acts. Performed at the Theatre Royal, Covent-Garden. By Mrs. Inchbald.","","Inchbald, Mrs., 1753-1821.",1797,1797.,"printed for P. Wogan,","Dublin :printed for P. Wogan,1797.",Dublin :,"Reproduction of original from the British Library.; English Short Title Catalog, ESTC T20774.; Electronic data. Farmington Hills, Mich. : Thomson Gale, 2003. Page image (PNG). Digitized image of the microfilm version produced in Woodbridge, CT by Research Publications, 1982-2002 (later known as Primary Source Microfilm, an imprint of the Gale Group).",T20774,"","","",CW3315272601,CW115272601,"Wives as they were,",Wives as they were
K030365.000,ECCO,K030365.000.P4.xml,"The airs, duetts, trios and chorusses, &c. in The prophet: a comic opera, in three acts; performed at the Theatre-Royal, Covent-Garden.","","Bentley, R. (Richard), 1708-1782.",1788,1788.,"printed for T. Cadell,","London :printed for T. Cadell,1788.",London :,"Anonymous. By Richard Bentley.; Half-title: 'Songs, &c. in The prophet; a comic opera'.; Reproduction of original from the British Library.; English Short Title Catalog, ESTC T21151.; Electronic data. Farmington Hills, Mich. : Thomson Gale, 2003. Page image (PNG). Digitized image of the microfilm version produced in Woodbridge, CT by Research Publications, 1982-2002 (later known as Primary Source Microfilm, an imprint of the Gale Group).",T21151,"","","",CW3306663854,CW106663854,"The airs, duetts, trios and chorusses, &c.","The airs, duetts, trios and chorusses, &c"
K030407.000,ECCO,K030407.000.P4.xml,"Alfred. A tragedy. As performed at the Theatre-Royal, in Covent-Garden:","","Home, John, 1722-1808.",1777,1777.,"printed by Byrn and Son, for the Company of Booksellers,","Dublin :printed by Byrn and Son, for the Company of Booksellers,1777.",Dublin :,"Anonymous. By John Home.; Reproduction of original from the British Library.; English Short Title Catalog, ESTC T21216.; Electronic data. Farmington Hills, Mich. : Thomson Gale, 2003. Page image (PNG). Digitized image of the microfilm version produced in Woodbridge, CT by Research Publications, 1982-2002 (later known as Primary Source Microfilm, an imprint of the Gale Group).",T21216,"","","",CW3315887681,CW115887681,Alfred.,Alfred
K030424.000,ECCO,K030424.000.P4.xml,All in the wrong: A comedy. As it is acted at the Theatre-Royal in Drury-Lane. By Mr. Murphy.,"","Murphy, Arthur, 1727-1805.",1761,1761.,"printed for P. Vaillant,","London :printed for P. Vaillant,1761.",London :,"Press figure on p.8: 5. Variant: no press figure on p.8.; With a final advertisement leaf.; Reproduction of original from the British Library.; English Short Title Catalog, ESTC T21236.; Electronic data. Farmington Hills, Mich. : Thomson Gale, 2003. Page image (PNG). Digitized image of the microfilm version produced in Woodbridge, CT by Research Publications, 1982-2002 (later known as Primary Source Microfilm, an imprint of the Gale Group).",T21236,"","","",CW3311705458,CW111705458,All in the wrong.,All in the wrong
K030458.000,ECCO,K030458.000.P4.xml,"Almeyda, Queen of Granada: A tragedy, in five acts. By Sophia Lee. As performed at the Theatre Royal, Drury-Lane.","","Lee, Sophia, 1750-1824.",1796,1796.,"printed by Brett Smith, for Messrs. P. Wogan, P. Byrne, C. Brown, and G. Folingsby,","Dublin :printed by Brett Smith, for Messrs. P. Wogan, P. Byrne, C. Brown, and G. Folingsby,1796.",Dublin :,"Reproduction of original from the British Library.; English Short Title Catalog, ESTC T21282.; Electronic data. Farmington Hills, Mich. : Thomson Gale, 2003. Page image (PNG). Digitized image of the microfilm version produced in Woodbridge, CT by Research Publications, 1982-2002 (later known as Primary Source Microfilm, an imprint of the Gale Group).",T21282,"","","",CW3310149401,CW110149401,"Almeyda, Queen of Granada.","Almeyda, Queen of Granada"
K030481.000,ECCO,K030481.000.P4.xml,Alzuma: a tragedy. As performed at the Theatre Royal in Covent-Garden.,"","Murphy, Arthur, 1727-1805.",1773,1773.,"printed for T. Lowndes,","London :printed for T. Lowndes,1773.",London :,"The advertisement signed: Arthur Murphy.; The final leaf contains the epilogue and advertisements.; Reproduction of original from the British Library.; English Short Title Catalog, ESTC T21314.; Electronic data. Farmington Hills, Mich. : Thomson Gale, 2003. Page image (PNG). Digitized image of the microfilm version produced in Woodbridge, CT by Research Publications, 1982-2002 (later known as Primary Source Microfilm, an imprint of the Gale Group).",T21314,"","","",CW3312468899,CW112468899,"Alzuma,",Alzuma
K030547.000,ECCO,K030547.000.P4.xml,"The battle of Hastings: a tragedy. By Richard Cumberland, Esq; As it is acted at the Theatre-Royal in Drury-Lane.","","Cumberland, Richard, 1732-1811.",1778,1778.,"printed for Edward and Charles Dilly,","London :printed for Edward and Charles Dilly,1778.",London :,"Reproduction of original from the British Library.; English Short Title Catalog, ESTC T21419.; Electronic data. Farmington Hills, Mich. : Thomson Gale, 2003. Page image (PNG). Digitized image of the microfilm version produced in Woodbridge, CT by Research Publications, 1982-2002 (later known as Primary Source Microfilm, an imprint of the Gale Group).",T21419,"","","",CW3313647525,CW113647525,"The battle of Hastings,",The battle of Hastings
K030979.000,ECCO,K030979.000.P4.xml,"Appearance is against them: A farce, in two acts, as it is acted at the Theatre Royal, Covent Garden.","","Inchbald, Mrs., 1753-1821.",1785,1785.,"printed for G. G. J. and J. Robinson,","London :printed for G. G. J. and J. Robinson,1785.",London :,"Anonymous. By Elizabeth Inchbald.; Reproduction of original from the British Library.; English Short Title Catalog, ESTC T22306.; Electronic data. Farmington Hills, Mich. : Thomson Gale, 2003. Page image (PNG). Digitized image of the microfilm version produced in Woodbridge, CT by Research Publications, 1982-2002 (later known as Primary Source Microfilm, an imprint of the Gale Group).",T22306,"","","",CW3314025491,CW114025491,Appearance is against them.,Appearance is against them
K031010.000,ECCO,K031010.000.P4.xml,"Arcadia; or, the shepherd's wedding: A dramatic pastoral. As it is performed at the Theatre-Royal in Drury-Lane. The music composed by Mr. Stanley.","","Lloyd, Robert, 1733-1764.",1761,1761.,"printed for J. and R. Tonson,","London :printed for J. and R. Tonson,1761.",London :,"Anonymous. By Robert Lloyd.; With a half-title and a final advertisement leaf.; Reproduction of original from the British Library.; English Short Title Catalog, ESTC T22351.; Electronic data. Farmington Hills, Mich. : Thomson Gale, 2003. Page image (PNG). Digitized image of the microfilm version produced in Woodbridge, CT by Research Publications, 1982-2002 (later known as Primary Source Microfilm, an imprint of the Gale Group).",T22351,"","","",CW3314347290,CW114347290,Arcadia;,Arcadia
K031107.000,ECCO,K031107.000.P4.xml,"Arthur and Emmeline: A dramatic entertainment, in two acts, taken from the masque of King Arthur, by Dryden. And now performed at the Theatre-Royal in Drury-Lane, with variety of scenes and machinery. ...",King Arthur or the British worthy,"Garrick, David, 1717-1779.",1784,1784.,"printed and sold by J. Jarvis,","London :printed and sold by J. Jarvis,1784.",London :,"An abridgment of David Garrick's adaptation of Dryden's play.; With a half-title.; Reproduction of original from the British Library.; English Short Title Catalog, ESTC T22490.; Electronic data. Farmington Hills, Mich. : Thomson Gale, 2003. Page image (PNG). Digitized image of the microfilm version produced in Woodbridge, CT by Research Publications, 1982-2002 (later known as Primary Source Microfilm, an imprint of the Gale Group).",T22490,"","","",CW3313944592,CW113944592,Arthur and Emmeline.,Arthur and Emmeline
K031299.000,ECCO,K031299.000.P4.xml,Boadicia: A tragedy. As it is acted at the Theatre-Royal in Drury-Lane. By Mr. Glover.,"","Glover, Richard, 1712-1785.",1753,1753.,"printed for R. and J. Dodsley; and M. Cooper,","London :printed for R. and J. Dodsley; and M. Cooper,1753.",London :,"The final leaf contains the epilogue.; Reproduction of original from the British Library.; English Short Title Catalog, ESTC T22929.; Electronic data. Farmington Hills, Mich. : Thomson Gale, 2003. Page image (PNG). Digitized image of the microfilm version produced in Woodbridge, CT by Research Publications, 1982-2002 (later known as Primary Source Microfilm, an imprint of the Gale Group).",T22929,"","","",CW3310245626,CW110245626,Boadicia.,Boadicia
K031892.000,ECCO,K031892.000.P4.xml,A bold stroke for a wife: a comedy ; as it is acted at the Theatre Royal in Lincoln's-Inn-Fields. By the author of The busie-body ...,"","Centlivre, Susanna, 1667?-1723.",1724,1724.,"printed for W. Meres and F. Clay,","London :printed for W. Meres and F. Clay,1724.",London :,"The dedication signed: Susanna Cent-Livre, i.e. Centlivre.; Reproduction of original from the British Library.; English Short Title Catalog, ESTC T25992.; Electronic data. Farmington Hills, Mich. : Thomson Gale, 2003. Page image (PNG). Digitized image of the microfilm version produced in Woodbridge, CT by Research Publications, 1982-2002 (later known as Primary Source Microfilm, an imprint of the Gale Group).",T25992,"","","",CW3312230070,CW112230070,A bold stroke for a wife:,A bold stroke for a wife
K032302.000,ECCO,K032302.000.P4.xml,"Mar-plot: or, the second part of The busie-body. A comedy. As it is acted at the Theatre-Royal in Drury-Lane, by Her Majesty's servants. Written by Mrs. Susanna Centlivre.","","Centlivre, Susanna, 1667?-1723.",1711,1711.,"printed for Jacob Tonson,","London :printed for Jacob Tonson,1711.",London :,"Reproduction of original from the British Library.; English Short Title Catalog, ESTC T26852.; Electronic data. Farmington Hills, Mich. : Thomson Gale, 2003. Page image (PNG). Digitized image of the microfilm version produced in Woodbridge, CT by Research Publications, 1982-2002 (later known as Primary Source Microfilm, an imprint of the Gale Group).",T26852,"","","",CW3309715550,CW109715550,Mar-Plot;,Mar-Plot
K032305.000,ECCO,K032305.000.P4.xml,"A Bickerstaff's burying: or, work for the upholders. A farce; as it is acted at the theatres, with applause. By His Majesty's servants. Written by Mrs. Susanna Centlivre: ...","","Centlivre, Susanna, 1667?-1723.",1724,1724.,"printed by S. Powell, for George Risk,","Dublin :printed by S. Powell, for George Risk,1724.",Dublin :,"Reproduction of original from the British Library.; English Short Title Catalog, ESTC T26855.; Electronic data. Farmington Hills, Mich. : Thomson Gale, 2003. Page image (PNG). Digitized image of the microfilm version produced in Woodbridge, CT by Research Publications, 1982-2002 (later known as Primary Source Microfilm, an imprint of the Gale Group).",T26855,"","","",CW3312283493,CW112283493,A bickerstaff's burying;,A bickerstaff's burying
K032308.000,ECCO,K032308.000.P4.xml,The Artifice: A comedy. As it is acted at the Theatre-Royal in Drury-Lane. By His Majesty's company of comedians. By Mrs. Cent-Livre.,"","Centlivre, Susanna, 1667?-1723.",1723,1723.,"printed for T. Payne,","London :printed for T. Payne,1723.",London :,"Reproduction of original from the British Library.; English Short Title Catalog, ESTC T26858.; Electronic data. Farmington Hills, Mich. : Thomson Gale, 2003. Page image (PNG). Digitized image of the microfilm version produced in Woodbridge, CT by Research Publications, 1982-2002 (later known as Primary Source Microfilm, an imprint of the Gale Group).",T26858,"","","",CW3310133203,CW110133203,The artifice.,The artifice
K032311.000,ECCO,K032311.000.P4.xml,"Love at a venture. A comedy. As it is acted by his Grace, the Duke of Grafton's servants, at the New Theatre in Bath. Written by the author of The gamester:","","Centlivre, Susanna, 1667?-1723.",1706,1706.,"printed for John Chantry, at the Sign of Lincoln's-Inn-Square, at Lincolns-Inn-Back-Gate,","London :printed for John Chantry, at the Sign of Lincoln's-Inn-Square, at Lincolns-Inn-Back-Gate,1706.",London :,"The dedication signed: Susanna Carroll.; Reproduction of original from the British Library.; English Short Title Catalog, ESTC T26862.; Electronic data. Farmington Hills, Mich. : Thomson Gale, 2003. Page image (PNG). Digitized image of the microfilm version produced in Woodbridge, CT by Research Publications, 1982-2002 (later known as Primary Source Microfilm, an imprint of the Gale Group).",T26862,"","","",CW3310564440,CW110564440,Love at a venture.,Love at a venture
K032314.000,ECCO,K032314.000.P4.xml,"The platonick lady. A comedy. As it is acted at the Queens Theatre in the Hay-Market. By the author of The gamester, and Love's Contrivance:","","Centlivre, Susanna, 1667?-1723.",1707,1707.,"printed for James Knapton at the Crown in St. Paul's Church-Yard, and Egbert Sanger, at the Post-House at the Middle-Temple-Gate in Fleetstreet,","London :printed for James Knapton at the Crown in St. Paul's Church-Yard, and Egbert Sanger, at the Post-House at the Middle-Temple-Gate in Fleetstreet,1707.",London :,"Author of 'The gamester' = Susanna Centlivre.; Reproduction of original from the British Library.; English Short Title Catalog, ESTC T26865.; Electronic data. Farmington Hills, Mich. : Thomson Gale, 2003. Page image (PNG). Digitized image of the microfilm version produced in Woodbridge, CT by Research Publications, 1982-2002 (later known as Primary Source Microfilm, an imprint of the Gale Group).",T26865,"","","",CW3309503677,CW109503677,The platonick lady.,The platonick lady
K032319.000,ECCO,K032319.000.P4.xml,The wonder: a woman keeps a secret. A comedy: As it is acted at the Theatre Royal in Drury-Lane. By Her Majesty's servants. Written by the author of The gamester.,"","Centlivre, Susanna, 1667?-1723.",1714,1714.,"printed for E. Curll, and A. Bettesworth,","London :printed for E. Curll, and A. Bettesworth,1714.",London :,"The dedication signed: Susanna Cent Livre.; Reproduction of original from the British Library.; English Short Title Catalog, ESTC T26870.; Electronic data. Farmington Hills, Mich. : Thomson Gale, 2003. Page image (PNG). Digitized image of the microfilm version produced in Woodbridge, CT by Research Publications, 1982-2002 (later known as Primary Source Microfilm, an imprint of the Gale Group).",T26870,"","","",CW3310075278,CW110075278,The wonder:,The wonder
K032321.000,ECCO,K032321.000.P4.xml,"The beau's duel: or a soldier for the ladies. A comedy, as it is acted at the New Theater in Lincolns-Inn-Fields, by Her Majesties servants.","","Centlivre, Susanna, 1667?-1723.",1702,1702.,"printed for D. Brown at the Black Swan, and N. Cox at the Golden Bible next Paulsgrave-Head-Court, without Temple-Bar,","London :printed for D. Brown at the Black Swan, and N. Cox at the Golden Bible next Paulsgrave-Head-Court, without Temple-Bar,1702.",London :,"The dedication signed: Susanna Carroll.; Reproduction of original from the British Library.; English Short Title Catalog, ESTC T26872.; Electronic data. Farmington Hills, Mich. : Thomson Gale, 2003. Page image (PNG). Digitized image of the microfilm version produced in Woodbridge, CT by Research Publications, 1982-2002 (later known as Primary Source Microfilm, an imprint of the Gale Group).",T26872,"","","",CW3310139751,CW110139751,The beau's duel:,The beau's duel
K032322.000,ECCO,K032322.000.P4.xml,A wife well manag'd: A farce.,"","Centlivre, Susanna, 1667?-1723.",1715,1715.,"printed and sold by S. Keimer,","London :printed and sold by S. Keimer,1715.",London :,"Anonymous. By Susanna Centlivre.; Reproduction of original from the British Library.; English Short Title Catalog, ESTC T26874.; Electronic data. Farmington Hills, Mich. : Thomson Gale, 2003. Page image (PNG). Digitized image of the microfilm version produced in Woodbridge, CT by Research Publications, 1982-2002 (later known as Primary Source Microfilm, an imprint of the Gale Group).",T26874,"","","",CW3311921177,CW111921177,A wife well manag'd.,A wife well manag'd
K032330.000,ECCO,K032330.000.P4.xml,"The perjur'd husband: or, the adventures of Venice. A tragedy. As it is acted at the Theatre-Royal in Drury-Lane. By His Majesty's servants. Written by Mrs. Centlivre:","","Centlivre, Susanna, 1667?-1723.",1737,1737.,"printed for W. Feales,","London :printed for W. Feales,1737.",London :,"Titlepage in red and black.; With two final leaves of advertisements.; Reproduction of original from the British Library.; English Short Title Catalog, ESTC T26882.; Electronic data. Farmington Hills, Mich. : Thomson Gale, 2003. Page image (PNG). Digitized image of the microfilm version produced in Woodbridge, CT by Research Publications, 1982-2002 (later known as Primary Source Microfilm, an imprint of the Gale Group).",T26882,"","","",CW3310074790,CW110074790,The perjur'd husband:,The perjur'd husband
K032335.000,ECCO,K032335.000.P4.xml,"Cato: A tragedy. As it is acted at the Theatre-Royal in Drury-Lane, by Her Majesty's servants. By Mr. Addison.","","Addison, Joseph, 1672-1719.",1713,1713.,"printed for J. Tonson,","London :printed for J. Tonson,1713.",London :,"In this edition the half-title bears no illustration; the 'on' of 'Tonson' in the imprint falls under the 'L' of 'London'; the work ends with ""Finis"".; Reproduction of original from the British Library.; English Short Title Catalog, ESTC T26889.; Electronic data. Farmington Hills, Mich. : Thomson Gale, 2003. Page image (PNG). Digitized image of the microfilm version produced in Woodbridge, CT by Research Publications, 1982-2002 (later known as Primary Source Microfilm, an imprint of the Gale Group).",T26889,"","","",CW3310139681,CW110139681,Cato.,Cato
K032341.000,ECCO,K032341.000.P4.xml,Damon and Phillida: Altered from Cibber into a comic opera. With the addition of new songs and chorusses. As it is performed at the Theatre Royal in Drury-Lane. The music entirely new composed by Mr. Dibdin.,"","Dibdin, Charles, 1745-1814.",1768,1768.,"printed for W. Griffin,","London :printed for W. Griffin,1768.",London :,"An adaptation by Charles Dibdin of Colley Cibber's abridgment of his own 'Love in a riddle'.; With a half-title.; Reproduction of original from the British Library.; English Short Title Catalog, ESTC T26895.; Electronic data. Farmington Hills, Mich. : Thomson Gale, 2003. Page image (PNG). Digitized image of the microfilm version produced in Woodbridge, CT by Research Publications, 1982-2002 (later known as Primary Source Microfilm, an imprint of the Gale Group).",T26895,"","","",CW3306442089,CW106442089,Damon and Phillida.,Damon and Phillida
K033177.000,ECCO,K033177.000.P4.xml,"Songs, chorusses, &c. in The campaign; or, love in the East-Indies. A comic opera. As performed at the Theatre-Royal, in Covent-Garden. Written by Captain Jephson:",Campaign,"Jephson, Robert, 1736-1803.",1785,1785.,"printed for T. Cadell,","London :printed for T. Cadell,1785.",London :,"Reproduction of original from the British Library.; English Short Title Catalog, ESTC T28325.; Electronic data. Farmington Hills, Mich. : Thomson Gale, 2003. Page image (PNG). Digitized image of the microfilm version produced in Woodbridge, CT by Research Publications, 1982-2002 (later known as Primary Source Microfilm, an imprint of the Gale Group).",T28325,"","","",CW3314540401,CW114540401,"Songs, chorusses, &c.","Songs, chorusses, &c"
K033182.000,ECCO,K033182.000.P4.xml,"Conspiracy, a tragedy. By R. Jephson, Esq:","","Jephson, Robert, 1736-1803.",1796,1796.,"printed by Graisberry & Campbell, for John Archer,","Dublin :printed by Graisberry & Campbell, for John Archer,1796.",Dublin :,"Altered from P. Metastasio's 'La clemenza di Tito'.; With a half-title and an epilogue.; Reproduction of original from the British Library.; English Short Title Catalog, ESTC T28330.; Electronic data. Farmington Hills, Mich. : Thomson Gale, 2003. Page image (PNG). Digitized image of the microfilm version produced in Woodbridge, CT by Research Publications, 1982-2002 (later known as Primary Source Microfilm, an imprint of the Gale Group).",T28330,"","","",CW3314532438,CW114532438,"Conspiracy,",Conspiracy
K033495.000,ECCO,K033495.000.P4.xml,"Catharine and Petruchio: A comedy, in three acts. As it is perform'd at the Theatre-Royal in Drury-Lane. Alter'd from Shakespear's Taming of the shrew.","","Garrick, David, 1717-1779.",1756,1756.,"printed for J. and R. Tonson, and S. Draper,","London :printed for J. and R. Tonson, and S. Draper,1756.",London :,"Adapted by David Garrick.; With a half-title.; Reproduction of original from the British Library.; English Short Title Catalog, ESTC T28894.; Electronic data. Farmington Hills, Mich. : Thomson Gale, 2003. Page image (PNG). Digitized image of the microfilm version produced in Woodbridge, CT by Research Publications, 1982-2002 (later known as Primary Source Microfilm, an imprint of the Gale Group).",T28894,"","","",CW3313694583,CW113694583,Catharine and Petruchio.,Catharine and Petruchio
K033714.000,ECCO,K033714.000.P4.xml,"Julia: or, the Italian lover. A tragedy. As it is acted at the Theatre-Royal, in Drury-Lane. By Robert Jephson, Esq.","","Jephson, Robert, 1736-1803.",1787,1787.,"printed for Charles Dilly,","London :printed for Charles Dilly,1787.",London :,"With a half-title.; Reproduction of original from the British Library.; English Short Title Catalog, ESTC T29278.; Electronic data. Farmington Hills, Mich. : Thomson Gale, 2003. Page image (PNG). Digitized image of the microfilm version produced in Woodbridge, CT by Research Publications, 1982-2002 (later known as Primary Source Microfilm, an imprint of the Gale Group).",T29278,"","","",CW3313880691,CW113880691,Julia;,Julia
K033787.000,ECCO,K033787.000.P4.xml,"King Arthur: or, the British worthy: A masque. By Mr. Dryden. As it is performed at the Theatre-Royal in Drury-Lane, ... The music by Purcell and Dr. Arne.","","Garrick, David, 1717-1779.",1770,1770.,"printed for W. Strahan, L. Hawes and Co. T. Davies, T. Lownds, T. Becket, and W. Griffin,","London :printed for W. Strahan, L. Hawes and Co. T. Davies, T. Lownds, T. Becket, and W. Griffin,1770.",London :,"An adaptation by David Garrick of Dryden's play.; In this edition, p.9 is unnumbered.; Reproduction of original from the British Library.; English Short Title Catalog, ESTC T29429.; Electronic data. Farmington Hills, Mich. : Thomson Gale, 2003. Page image (PNG). Digitized image of the microfilm version produced in Woodbridge, CT by Research Publications, 1982-2002 (later known as Primary Source Microfilm, an imprint of the Gale Group).",T29429,"","","",CW3312036961,CW112036961,King Arthur:,King Arthur
K033853.000,ECCO,K033853.000.P4.xml,"Braganza: A tragedy. Performed at the Theatre Royal in Drury-Lane. Written by Robert Jephson, Esq.","","Jephson, Robert, 1736-1803.",1775,1775.,"printed for T. Evans; and T. Davies,","London :printed for T. Evans; and T. Davies,1775.",London :,"Press figure 1 on p.50 - Variant; press, figure 3 on p.50.; Reproduction of original from the British Library.; English Short Title Catalog, ESTC T29583.; Electronic data. Farmington Hills, Mich. : Thomson Gale, 2003. Page image (PNG). Digitized image of the microfilm version produced in Woodbridge, CT by Research Publications, 1982-2002 (later known as Primary Source Microfilm, an imprint of the Gale Group).",T29583,"","","",CW3315432875,CW115432875,Braganza.,Braganza
K034200.000,ECCO,K034200.000.P4.xml,"The chapter of accidents: a comedy, in five acts, as it is performed at the Theatre-Royal in the Hay-Market. Written by Miss Lee.","","Lee, Sophia, 1750-1824.",1780,1780.,"printed for T. Cadell,","London :printed for T. Cadell,1780.",London :,"With a half-title and a final advertisement leaf.; Reproduction of original from the British Library.; English Short Title Catalog, ESTC T30410.; Electronic data. Farmington Hills, Mich. : Thomson Gale, 2003. Page image (PNG). Digitized image of the microfilm version produced in Woodbridge, CT by Research Publications, 1982-2002 (later known as Primary Source Microfilm, an imprint of the Gale Group).",T30410,"","","",CW3310375363,CW110375363,The chapter of accidents:,The chapter of accidents
K034336.000,ECCO,K034336.000.P4.xml,The choleric fathers: A comic opera. Performed at the Theatre-Royal in Covent-Garden. By Thomas Holcroft.,"","Holcroft, Thomas, 1745-1809.",1785,1785.,"printed for G.G.J. and J. Robinson,","London :printed for G.G.J. and J. Robinson,1785.",London :,"With a final advertisement leaf.; Reproduction of original from the British Library.; English Short Title Catalog, ESTC T30628.; Electronic data. Farmington Hills, Mich. : Thomson Gale, 2003. Page image (PNG). Digitized image of the microfilm version produced in Woodbridge, CT by Research Publications, 1982-2002 (later known as Primary Source Microfilm, an imprint of the Gale Group).",T30628,"","","",CW3314718513,CW114718513,The choleric fathers.,The choleric fathers
K034431.000,ECCO,K034431.000.P4.xml,"The citizen. A farce: As it is performed at the Theatre Royal in Covent Garden. By Arthur Murphy, Esq;.","","Murphy, Arthur, 1727-1805.",1763,1763.,"printed for G. Kearsly,","London :printed for G. Kearsly,1763.",London :,"Reproduction of original from the British Library.; English Short Title Catalog, ESTC T30776.; Electronic data. Farmington Hills, Mich. : Thomson Gale, 2003. Page image (PNG). Digitized image of the microfilm version produced in Woodbridge, CT by Research Publications, 1982-2002 (later known as Primary Source Microfilm, an imprint of the Gale Group).",T30776,"","","",CW3310072043,CW110072043,The citizen.,The citizen
K034449.000,ECCO,K034449.000.P4.xml,The clandestine marriage: a comedy. As it is acted at the Theatre-Royal in Drury-Lane. By George Colman and David Garrick.,"","Colman, George, 1732-1794.; Garrick, David, 1717-1779.",1766,1766.,"printed for T. Becket and P.A. De Hondt; R. Baldwin; R. Davis; and T. Davies,","London :printed for T. Becket and P.A. De Hondt; R. Baldwin; R. Davis; and T. Davies,1766.",London :,"With a half-title and a final advertisement leaf.; In this edition the title reads: ""Theatre-Royal"".; Reproduction of original from the British Library.; English Short Title Catalog, ESTC T30807.; Electronic data. Farmington Hills, Mich. : Thomson Gale, 2003. Page image (PNG). Digitized image of the microfilm version produced in Woodbridge, CT by Research Publications, 1982-2002 (later known as Primary Source Microfilm, an imprint of the Gale Group).",T30807,"","","",CW3310292853,CW110292853,"The clandestine marriage,",The clandestine marriage
K034471.000,ECCO,K034471.000.P4.xml,"Cleonice, Princess of Bithynia: a tragedy. As it is performed at the Theatre Royal in Covent-Garden. By John Hoole.","","Hoole, John, 1727-1803.",1775,1775.,"printed by W. Spotswood, for the United Company of Booksellers,","Dublin :printed by W. Spotswood, for the United Company of Booksellers,1775.",Dublin :,"The sheets were also issued with a titlepage omitting the printer's name.; With an epilogue.; With a final leaf of advertisements.; Reproduction of original from the British Library.; English Short Title Catalog, ESTC T30840.; Electronic data. Farmington Hills, Mich. : Thomson Gale, 2003. Page image (PNG). Digitized image of the microfilm version produced in Woodbridge, CT by Research Publications, 1982-2002 (later known as Primary Source Microfilm, an imprint of the Gale Group).",T30840,"","","",CW3315254587,CW115254587,"Cleonice,",Cleonice
K035015.000,ECCO,K035015.000.P4.xml,"Constantine: a tragedy. As it is acted at the Theatre-Royal, in Covent-Garden.","","Francis, Philip, 1708?-1773.",1754,1754.,"printed for A. Millar,","London :printed for A. Millar,1754.",London :,"The dedication signed: Philip Francis.; With a half-title.; Reproduction of original from the British Library.; English Short Title Catalog, ESTC T31626.; Electronic data. Farmington Hills, Mich. : Thomson Gale, 2003. Page image (PNG). Digitized image of the microfilm version produced in Woodbridge, CT by Research Publications, 1982-2002 (later known as Primary Source Microfilm, an imprint of the Gale Group).",T31626,"","","",CW3313609852,CW113609852,Constantine:,Constantine
K035508.000,ECCO,K035508.000.P4.xml,"The East Indian: a comedy. In five acts. As performed at the Theatre-Royal, Drury-Lane. By M. G. Lewis, ...","","Lewis, M. G. (Matthew Gregory), 1775-1818.",1800,1800.,"printed by J. Davis; for J. Bell,","London :printed by J. Davis; for J. Bell,1800.",London :,"Based partly on A. F. von Kotzebue's 'Die Indianer in England'.; Reproduction of original from the British Library.; English Short Title Catalog, ESTC T32397.; Electronic data. Farmington Hills, Mich. : Thomson Gale, 2003. Page image (PNG). Digitized image of the microfilm version produced in Woodbridge, CT by Research Publications, 1982-2002 (later known as Primary Source Microfilm, an imprint of the Gale Group).",T32397,"","","",CW3310146806,CW110146806,The east Indian:,The east Indian
K035521.000,ECCO,K035521.000.P4.xml,Edgar and Emmeline: a fairy tale: in a dramatic entertainment of two acts; ...,"","Hawkesworth, John, 1715?-1773.",1761,1761.,"printed for H. Payne and W. Cropley,","London :printed for H. Payne and W. Cropley,1761.",London :,"Anonymous. By John Hawkesworth.; With a half-title.; Reproduction of original from the British Library.; English Short Title Catalog, ESTC T32415.; Electronic data. Farmington Hills, Mich. : Thomson Gale, 2003. Page image (PNG). Digitized image of the microfilm version produced in Woodbridge, CT by Research Publications, 1982-2002 (later known as Primary Source Microfilm, an imprint of the Gale Group).",T32415,"","","",CW3313791854,CW113791854,Edgar and Emmeline;,Edgar and Emmeline
K035642.000,ECCO,K035642.000.P4.xml,"The enchanter: or, love and magic. A musical drama. As it is performed at the Theatre-Royal in Drury-Lane. The music composed by Mr. Smith.","","Garrick, David, 1717-1779.",1760,1760.,"printed for J. and R. Tonson,","London :printed for J. and R. Tonson,1760.",London :,"Anonymous. By David Garrick.; With a half-title.; Reproduction of original from the British Library.; English Short Title Catalog, ESTC T32640.; Electronic data. Farmington Hills, Mich. : Thomson Gale, 2003. Page image (PNG). Digitized image of the microfilm version produced in Woodbridge, CT by Research Publications, 1982-2002 (later known as Primary Source Microfilm, an imprint of the Gale Group).",T32640,"","","",CW3313470048,CW113470048,The enchanter;,The enchanter
K035681.000,ECCO,K035681.000.P4.xml,"English readings; a comic piece, in one act. Inscribed to George Colman, Esq:","","Cobb, James, 1756-1818.",1787,1787.,"printed for C. Dilly,","London :printed for C. Dilly,1787.",London :,"Anonymous. By James Cobb.; Reproduction of original from the British Library.; English Short Title Catalog, ESTC T32706.; Electronic data. Farmington Hills, Mich. : Thomson Gale, 2003. Page image (PNG). Digitized image of the microfilm version produced in Woodbridge, CT by Research Publications, 1982-2002 (later known as Primary Source Microfilm, an imprint of the Gale Group).",T32706,"","","",CW3311587578,CW111587578,English readings;,English readings
K035828.000,ECCO,K035828.000.P4.xml,"Illumination: or, the glaziers' conspiracy. A prelude. As it is performed, with universal applause, at the Theatre-Royal, in Covent-Garden. By F. Pilon:","","Pilon, Frederick, 1750-1788.",1779,1779.,"printed for G. Kearsley,","London :printed for G. Kearsley,1779.",London :,"With a half-title.; Reproduction of original from the British Library.; English Short Title Catalog, ESTC T32923.; Electronic data. Farmington Hills, Mich. : Thomson Gale, 2003. Page image (PNG). Digitized image of the microfilm version produced in Woodbridge, CT by Research Publications, 1982-2002 (later known as Primary Source Microfilm, an imprint of the Gale Group).",T32923,"","","",CW3313787866,CW113787866,Illumination:,Illumination
K035829.000,ECCO,K035829.000.P4.xml,"The invasion: or, a trip to Brighthelmstone. A farce of two acts, as it is performed, with universal applause, at the Theatre-Royal, in Covent-Garden. Written by F. Pilon.","","Pilon, Frederick, 1750-1788.",1778,1778.,"printed for G. Kearsley,","London :printed for G. Kearsley,1778.",London :,"Reproduction of original from the British Library.; English Short Title Catalog, ESTC T32924.; Electronic data. Farmington Hills, Mich. : Thomson Gale, 2003. Page image (PNG). Digitized image of the microfilm version produced in Woodbridge, CT by Research Publications, 1982-2002 (later known as Primary Source Microfilm, an imprint of the Gale Group).",T32924,"","","",CW3313787902,CW113787902,The invasion:,The invasion
K035830.000,ECCO,K035830.000.P4.xml,"Rose and Colin, a comic opera: in one act. As it is performed at the Theatre-Royal in Covent Garden.","","Dibdin, Charles, 1745-1814.",1778,1778.,"printed for G. Kearsly,","London :printed for G. Kearsly,1778.",London :,"The advertisement signed: C. Dibdin.; Based on 'Rose et Colas' by Michel Jean Sedaine.; With a half-title.; Reproduction of original from the British Library.; English Short Title Catalog, ESTC T32925.; Electronic data. Farmington Hills, Mich. : Thomson Gale, 2003. Page image (PNG). Digitized image of the microfilm version produced in Woodbridge, CT by Research Publications, 1982-2002 (later known as Primary Source Microfilm, an imprint of the Gale Group).",T32925,"","","",CW3315415814,CW115415814,"Rose and Colin,",Rose and Colin
K035831.000,ECCO,K035831.000.P4.xml,"The wives revenged: a comic opera, in one act. As it is performed at the Theatre-Royal in Covent-Garden.","","Dibdin, Charles, 1745-1814.",1778,1778.,"Printed for G. Kearsly,","London :Printed for G. Kearsly,1778.",London :,"The advertisement signed: C. Dibdin.; Based on 'Les femmes vengées' by Michel Jean Sedaine.; With a half-title.; Reproduction of original from the British Library.; English Short Title Catalog, ESTC T32926.; Electronic data. Farmington Hills, Mich. : Thomson Gale, 2003. Page image (PNG). Digitized image of the microfilm version produced in Woodbridge, CT by Research Publications, 1982-2002 (later known as Primary Source Microfilm, an imprint of the Gale Group).",T32926,"","","",CW3315194587,CW115194587,The wives revenged;,The wives revenged
K035832.000,ECCO,K035832.000.P4.xml,"The Chelsea pensioner: a comic opera. In two acts. As it is performed at the Theatre-Royal, Covent-Garden.","","Dibdin, Charles, 1745-1814.",1779,1779.,"printed for G. Kearsly,","London :printed for G. Kearsly,1779.",London :,"Anonymous. By Charles Dibdin.; With a half-title.; Reproduction of original from the British Library.; English Short Title Catalog, ESTC T32928.; Electronic data. Farmington Hills, Mich. : Thomson Gale, 2003. Page image (PNG). Digitized image of the microfilm version produced in Woodbridge, CT by Research Publications, 1982-2002 (later known as Primary Source Microfilm, an imprint of the Gale Group).",T32928,"","","",CW3314506931,CW114506931,The chelsea pensioner:,The chelsea pensioner
K035834.000,ECCO,K035834.000.P4.xml,"Abroad and at home: A comic opera, in three acts. Now performing at the Theatre-Royal, Covent-Garden. By J. G. Holman,.","","Holman, J. G. (Joseph George), 1764-1817.",1796,1796.,"printed and published by George Cawthorn,","London :printed and published by George Cawthorn,1796.",London :,"Reproduction of original from the British Library.; English Short Title Catalog, ESTC T32931.; Electronic data. Farmington Hills, Mich. : Thomson Gale, 2003. Page image (PNG). Digitized image of the microfilm version produced in Woodbridge, CT by Research Publications, 1982-2002 (later known as Primary Source Microfilm, an imprint of the Gale Group).",T32931,"","","",CW3314290229,CW114290229,Abroad and at home.,Abroad and at home
K035835.000,ECCO,K035835.000.P4.xml,"Alonzo: A tragedy. In five acts. As it is performed at the Theatre-Royal, Drury-Lane.","","Home, John, 1722-1808.",1773,1773.,"printed for T. Becket,","London :printed for T. Becket,1773.",London :,"Anonymous. By John Home.; With a final leaf of epilogue.; Reproduction of original from the British Library.; English Short Title Catalog, ESTC T32933.; Electronic data. Farmington Hills, Mich. : Thomson Gale, 2003. Page image (PNG). Digitized image of the microfilm version produced in Woodbridge, CT by Research Publications, 1982-2002 (later known as Primary Source Microfilm, an imprint of the Gale Group).",T32933,"","","",CW3310069554,CW110069554,Alonzo.,Alonzo
K036206.000,ECCO,K036206.000.P4.xml,"Eugenia: a tragedy. As it is acted at the Theatre-Royal, in Drury-Lane. By His Majesty's servants:","","Francis, Philip, 1708?-1773.",1752,1752.,"printed for A. Millar,","London :printed for A. Millar,1752.",London :,"The dedication signed: Philip Francis.; Based largely on 'Cénie' by Françoise Paula Huguet de Grafigny.; The verso of the second leaf, containing the dedication, is numbered ""vi"".; At foot of the titlepage is the price; a variant does not have the price.; Reproduction of original from the British Library.; English Short Title Catalog, ESTC T33535.; Electronic data. Farmington Hills, Mich. : Thomson Gale, 2003. Page image (PNG). Digitized image of the microfilm version produced in Woodbridge, CT by Research Publications, 1982-2002 (later known as Primary Source Microfilm, an imprint of the Gale Group).",T33535,"","","",CW3310245698,CW110245698,Eugenia:,Eugenia
K036466.000,ECCO,K036466.000.P4.xml,"The contrivances: or, more ways than one. As it is acted at the Theatre-Royal in Drury-Lane.","","Carey, Henry, 1687?-1743.",1715,1715.,"printed for W. Mears, and J. Brown,","London :printed for W. Mears, and J. Brown,1715.",London :,"Anonymous. By Henry Carey.; Also issued as part of: 'A collection of plays by eminent hands', London, 1719.; Reproduction of original from the British Library.; English Short Title Catalog, ESTC T34046.; Electronic data. Farmington Hills, Mich. : Thomson Gale, 2003. Page image (PNG). Digitized image of the microfilm version produced in Woodbridge, CT by Research Publications, 1982-2002 (later known as Primary Source Microfilm, an imprint of the Gale Group).",T34046,"","","",CW3310074602,CW110074602,The contrivances;,The contrivances
K036550.000,ECCO,K036550.000.P4.xml,"The Count of Narbonne: a tragedy. As it is acted at the Theatre Royal in Covent Garden. By Robert Jephson, Esq;.","","Jephson, Robert, 1736-1803.",1781,1781.,"printed for T. Cadell,","London :printed for T. Cadell,1781.",London :,"Adapted from 'The Castle of Otranto', by Horace Walpole.; With a half-title and an epilogue.; Reproduction of original from the British Library.; English Short Title Catalog, ESTC T34210.; Electronic data. Farmington Hills, Mich. : Thomson Gale, 2003. Page image (PNG). Digitized image of the microfilm version produced in Woodbridge, CT by Research Publications, 1982-2002 (later known as Primary Source Microfilm, an imprint of the Gale Group).",T34210,"","","",CW3306676578,CW106676578,"The count of Narbonne,",The count of Narbonne
K036554.000,ECCO,K036554.000.P4.xml,"The Countess of Salisbury: A tragedy. As it is performed at the Theatre Royal in the Hay-Market. By Hall Hartson, Esqr.","","Hartson, Hall, d. 1773.",1767,1767.,"sold by W. Griffin,","London :sold by W. Griffin,1767.",London :,"Reproduction of original from the British Library.; English Short Title Catalog, ESTC T34218.; Electronic data. Farmington Hills, Mich. : Thomson Gale, 2003. Page image (PNG). Digitized image of the microfilm version produced in Woodbridge, CT by Research Publications, 1982-2002 (later known as Primary Source Microfilm, an imprint of the Gale Group).",T34218,"","","",CW3312016568,CW112016568,The countess of Salisbury.,The countess of Salisbury
K036679.000,ECCO,K036679.000.P4.xml,"Cross purposes: a farce of two acts, as it is performed at the Theatre-Royal in Covent-Garden.","","O'Brien, William, d. 1815.",1772,[1772],"printed for T. Davies; and sold by W. Goldsmith,","London :printed for T. Davies; and sold by W. Goldsmith,[1772]",London :,"Anonymous. By William O'Brien.; An adaptation of J. de Lafont's 'Les trois frères rivaux'.; Reproduction of original from the British Library.; English Short Title Catalog, ESTC T34439.; Electronic data. Farmington Hills, Mich. : Thomson Gale, 2003. Page image (PNG). Digitized image of the microfilm version produced in Woodbridge, CT by Research Publications, 1982-2002 (later known as Primary Source Microfilm, an imprint of the Gale Group).",T34439,"","","",CW3309973935,CW109973935,Cross purposes:,Cross purposes
K036683.000,ECCO,K036683.000.P4.xml,"The cruel gift: a tragedy. As it is acted at the Theatre Royal in Drury-Lane, by His Majesty's servants. By Mrs. Cent Livre.","","Centlivre, Susanna, 1667?-1723.",1717,1717.,"printed for E. Curl, and A. Bettesworth,","London :printed for E. Curl, and A. Bettesworth,1717.",London :,"Reproduction of original from the British Library.; English Short Title Catalog, ESTC T34448.; Electronic data. Farmington Hills, Mich. : Thomson Gale, 2003. Page image (PNG). Digitized image of the microfilm version produced in Woodbridge, CT by Research Publications, 1982-2002 (later known as Primary Source Microfilm, an imprint of the Gale Group).",T34448,"","","",CW3310157923,CW110157923,The cruel gift:,The cruel gift
K036704.000,ECCO,K036704.000.P4.xml,"A cure for the heart-ache: a comedy, in five acts, as performed at the Theatre-Royal, Covent-Garden by Thomas Morton, ...","","Morton, Thomas, 1764-1838.",1797,1797.,"printed by P. Wogan,","Dublin :printed by P. Wogan,1797.",Dublin :,"Reproduction of original from the British Library.; English Short Title Catalog, ESTC T34490.; Electronic data. Farmington Hills, Mich. : Thomson Gale, 2003. Page image (PNG). Digitized image of the microfilm version produced in Woodbridge, CT by Research Publications, 1982-2002 (later known as Primary Source Microfilm, an imprint of the Gale Group).",T34490,"","","",CW3306688338,CW106688338,"A cure for the heart-ache,",A cure for the heart-ache
K036735.000,ECCO,K036735.000.P4.xml,"Cymon: A dramatic romance. As it is performed at the Theatre-Royal, in Drury-Lane.","","Garrick, David, 1717-1779.",1766,1766 [1767?],"printed for the proprietor,","London :printed for the proprietor,1766 [1767?]",London :,"Anonymous. By David Garrick.; Possibly printed in Dublin.; Reproduction of original from the British Library.; English Short Title Catalog, ESTC T34538.; Electronic data. Farmington Hills, Mich. : Thomson Gale, 2003. Page image (PNG). Digitized image of the microfilm version produced in Woodbridge, CT by Research Publications, 1982-2002 (later known as Primary Source Microfilm, an imprint of the Gale Group).",T34538,"","","",CW3313161814,CW113161814,Cymon.,Cymon
K036746.000,ECCO,K036746.000.P4.xml,Cyrus: a tragedy. As it is performed at the Theatre Royal in Covent-Garden. By John Hoole.,"","Hoole, John, 1727-1803.",1768,1768.,"printed for T. Davies,","London :printed for T. Davies,1768.",London :,"With a half-title.; Reproduction of original from the British Library.; English Short Title Catalog, ESTC T34551.; Electronic data. Farmington Hills, Mich. : Thomson Gale, 2003. Page image (PNG). Digitized image of the microfilm version produced in Woodbridge, CT by Research Publications, 1982-2002 (later known as Primary Source Microfilm, an imprint of the Gale Group).",T34551,"","","",CW3312468625,CW112468625,Cyrus:,Cyrus
K036934.000,ECCO,K036934.000.P4.xml,"Double falshood: or, the distrest lovers. A play, as it is acted at the Theatre-Royal in Drury-Lane. Written originally by W. Shakespeare; and now revised and adapted to the stage by Mr. Theobald, ...","","Theobald, Mr. (Lewis), 1688-1744.; Shakespeare, William, 1564-1616.",1728,1728.,"printed by J. Watts,","London :printed by J. Watts,1728.",London :,"Probably written originally by James Shirley.; With a half-title.; A variant has the press figure 4 on p.58.; Reproduction of original from the British Library.; English Short Title Catalog, ESTC T34858.; Electronic data. Farmington Hills, Mich. : Thomson Gale, 2003. Page image (PNG). Digitized image of the microfilm version produced in Woodbridge, CT by Research Publications, 1982-2002 (later known as Primary Source Microfilm, an imprint of the Gale Group).",T34858,"","","",CW3311703747,CW111703747,"Double falshood; or, The distrest lovers.","Double falshood; or, The distrest lovers"
K036942.000,ECCO,K036942.000.P4.xml,Douglas: a tragedy. As it is acted at the Theatre-Royal in Covent-Garden.,"","Home, John, 1722-1808.",1757,1757.,"printed for A. Millar,","London :printed for A. Millar,1757.",London :,"Anonymous. By John Home.; With a half-title and epilogue.; The titlepage ornament is rectangular in shape and has a basket of flowers in a foliage framework.; Reproduction of original from the British Library.; English Short Title Catalog, ESTC T34870.; Electronic data. Farmington Hills, Mich. : Thomson Gale, 2003. Page image (PNG). Digitized image of the microfilm version produced in Woodbridge, CT by Research Publications, 1982-2002 (later known as Primary Source Microfilm, an imprint of the Gale Group).",T34870,"","","",CW3314475162,CW114475162,Douglas:,Douglas
K037020.000,ECCO,K037020.000.P4.xml,"The duellist, a comedy: As it is acted at the Theatre Royal in Covent Garden. Written by W. Kenrick, LL.D.","","Kenrick, W. (William), 1725?-1779.",1773,[1773],"printed for T. Evans,","London :printed for T. Evans,[1773]",London :,"With a half-title.; Reproduction of original from the British Library.; English Short Title Catalog, ESTC T34998.; Electronic data. Farmington Hills, Mich. : Thomson Gale, 2003. Page image (PNG). Digitized image of the microfilm version produced in Woodbridge, CT by Research Publications, 1982-2002 (later known as Primary Source Microfilm, an imprint of the Gale Group).",T34998,"","","",CW3313526280,CW113526280,"The duellist,",The duellist
K037046.000,ECCO,K037046.000.P4.xml,"Duplicity: a comedy. As it is performed at the Theatre-Royal, in Covent-Garden. By Thomas Holcroft.","","Holcroft, Thomas, 1745-1809.",1781,1781.,"printed for G. Robinson,","London :printed for G. Robinson,1781.",London :,"P.viii misnumbered vii.; Reproduction of original from the British Library.; English Short Title Catalog, ESTC T35033.; Electronic data. Farmington Hills, Mich. : Thomson Gale, 2003. Page image (PNG). Digitized image of the microfilm version produced in Woodbridge, CT by Research Publications, 1982-2002 (later known as Primary Source Microfilm, an imprint of the Gale Group).",T35033,"","","",CW3314507302,CW114507302,Duplicity:,Duplicity
K037129.000,ECCO,K037129.000.P4.xml,"The fair American: a comic opera, in three acts; as it is performed, with universal applause, at the Theatre-Royal, Drury-Lane. Written by F. Pilon.:","","Pilon, Frederick, 1750-1788.",1785,1785.,"printed by J. Almon,","London :printed by J. Almon,1785.",London :,"Reproduction of original from the British Library.; Sabin, 62861; English Short Title Catalog, ESTC T35155.; Electronic data. Farmington Hills, Mich. : Thomson Gale, 2003. Page image (PNG). Digitized image of the microfilm version produced in Woodbridge, CT by Research Publications, 1982-2002 (later known as Primary Source Microfilm, an imprint of the Gale Group).",T35155,"","","",CW3306677745,CW106677745,The fair American:,The fair American
K037200.000,ECCO,K037200.000.P4.xml,"False impressions: a comedy in five acts. Performed at the Theatre Royal, Covent Garden. By Richard Cumberland, Esq.","","Cumberland, Richard, 1732-1811.",1797,1797.,"printed for C. Dilly,","London :printed for C. Dilly,1797.",London :,"Reproduction of original from the British Library.; English Short Title Catalog, ESTC T35272.; Electronic data. Farmington Hills, Mich. : Thomson Gale, 2003. Page image (PNG). Digitized image of the microfilm version produced in Woodbridge, CT by Research Publications, 1982-2002 (later known as Primary Source Microfilm, an imprint of the Gale Group).",T35272,"","","",CW3310147067,CW110147067,False impressions:,False impressions
K037211.000,ECCO,K037211.000.P4.xml,"Falstaff's wedding: a comedy: as it is acted at the Theatre Royal in Drury-Lane. Being a sequel to the second part of the play of King Henry the fourth. Written in imitation of Shakespeare, by W. Kenrick.","","Kenrick, W. (William), 1725?-1779.",1766,1766.,"printed for L. Davis and C. Reymers; and J. Payne,","London :printed for L. Davis and C. Reymers; and J. Payne,1766.",London :,"With a half-title and a final advertisement leaf.; Reproduction of original from the British Library.; English Short Title Catalog, ESTC T35288.; Electronic data. Farmington Hills, Mich. : Thomson Gale, 2003. Page image (PNG). Digitized image of the microfilm version produced in Woodbridge, CT by Research Publications, 1982-2002 (later known as Primary Source Microfilm, an imprint of the Gale Group).",T35288,"","","",CW3313846014,CW113846014,"Falstaff's wedding,",Falstaff's wedding
K037293.000,ECCO,K037293.000.P4.xml,"The fatal discovery. A tragedy. As it is performed at the Theatre-Royal, in Drury-Lane:","","Home, John, 1722-1808.",1769,1769.,"printed for T. Becket and P. A. De Hondt,","London :printed for T. Becket and P. A. De Hondt,1769.",London :,"Anonymous. By John Home.- With two final leaves each containing an epilogue.; Reproduction of original from the British Library.; English Short Title Catalog, ESTC T35427.; Electronic data. Farmington Hills, Mich. : Thomson Gale, 2003. Page image (PNG). Digitized image of the microfilm version produced in Woodbridge, CT by Research Publications, 1982-2002 (later known as Primary Source Microfilm, an imprint of the Gale Group).",T35427,"","","",CW3310244920,CW110244920,The fatal discovery.,The fatal discovery
K037297.000,ECCO,K037297.000.P4.xml,"The fatal falsehood: a tragedy: As it is acted at the Theatre-Royal, in Covent-Garden. By the author of Percy.","","More, Hannah, 1745-1833.",1779,1779.,"printed for T. Cadell,","London :printed for T. Cadell,1779.",London :,"The author of Percy = Hannah More, who signs the dedication.; Reproduction of original from the British Library.; English Short Title Catalog, ESTC T35431.; Electronic data. Farmington Hills, Mich. : Thomson Gale, 2003. Page image (PNG). Digitized image of the microfilm version produced in Woodbridge, CT by Research Publications, 1982-2002 (later known as Primary Source Microfilm, an imprint of the Gale Group).",T35431,"","","",CW3313260039,CW113260039,The fatal falsehood:,The fatal falsehood
K037302.000,ECCO,K037302.000.P4.xml,"The fate of Sparta: or, the rival kings. A tragedy. As it is acted at the Theatre-Royal, in Drury-Lane. By Mrs. Cowley.","","Cowley, Mrs. (Hannah), 1743-1809.",1788,1788.,"printed for G. G. J. and J. Robinson,","London :printed for G. G. J. and J. Robinson,1788.",London :,"Reproduction of original from the British Library.; English Short Title Catalog, ESTC T35438.; Electronic data. Farmington Hills, Mich. : Thomson Gale, 2003. Page image (PNG). Digitized image of the microfilm version produced in Woodbridge, CT by Research Publications, 1982-2002 (later known as Primary Source Microfilm, an imprint of the Gale Group).",T35438,"","","",CW3310245178,CW110245178,The fate of Sparta;,The fate of Sparta
K037372.000,ECCO,K037372.000.P4.xml,The first floor; a farce: In two acts. As it is now acting at the Theatre Royal in Drury Lane.,"","Cobb, James, 1756-1818.",1787,1787.,"printed for C. Dilly,","London :printed for C. Dilly,1787.",London :,"The dedication signed: James Cobb.; Reproduction of original from the British Library.; English Short Title Catalog, ESTC T35551.; Electronic data. Farmington Hills, Mich. : Thomson Gale, 2003. Page image (PNG). Digitized image of the microfilm version produced in Woodbridge, CT by Research Publications, 1982-2002 (later known as Primary Source Microfilm, an imprint of the Gale Group).",T35551,"","","",CW3306674457,CW106674457,The first floor;,The first floor
K037447.000,ECCO,K037447.000.P4.xml,"The golden pippin: an English burletta, in three acts. As it is performed at the Theatre-Royal, Covent-Garden. By the author of Midas.","","O'Hara, Kane, 1714?-1782.",1773,1773.,"printed for T. Becket,","London :printed for T. Becket,1773.",London :,"The author of Midas = Kane O'Hara.; At foot of titlepage: Price one shilling and sixpence.; A variant has no price at the foot of the titlepage.; Reproduction of original from the British Library.; English Short Title Catalog, ESTC T35678.; Electronic data. Farmington Hills, Mich. : Thomson Gale, 2003. Page image (PNG). Digitized image of the microfilm version produced in Woodbridge, CT by Research Publications, 1982-2002 (later known as Primary Source Microfilm, an imprint of the Gale Group).",T35678,"","","",CW3313793137,CW113793137,The golden pippin:,The golden pippin
K037647.000,ECCO,K037647.000.P4.xml,"Harvest-home: A comic opera, in two acts. As performed, with universal applause, at the Theatre-Royal, in the Hay-Market. By Mr. Dibdin.","","Dibdin, Charles, 1745-1814.",1787,1787.,"printed for Harrison and Co.,","London :printed for Harrison and Co.,1787.",London :,"Reproduction of original from the British Library.; English Short Title Catalog, ESTC T36030.; Electronic data. Farmington Hills, Mich. : Thomson Gale, 2003. Page image (PNG). Digitized image of the microfilm version produced in Woodbridge, CT by Research Publications, 1982-2002 (later known as Primary Source Microfilm, an imprint of the Gale Group).",T36030,"","","",CW3306676325,CW106676325,Harvest-Home.,Harvest-Home
K037656.000,ECCO,K037656.000.P4.xml,He would be a soldier: A comedy in five acts. ... Written by Frederick Pilon. ...,"","Pilon, Frederick, 1750-1788.",1786,1786.,"printed for G.G.J. and J. Robinson,","London :printed for G.G.J. and J. Robinson,1786.",London :,"Reproduction of original from the British Library.; English Short Title Catalog, ESTC T36051.; Electronic data. Farmington Hills, Mich. : Thomson Gale, 2003. Page image (PNG). Digitized image of the microfilm version produced in Woodbridge, CT by Research Publications, 1982-2002 (later known as Primary Source Microfilm, an imprint of the Gale Group).",T36051,"","","",CW3314025569,CW114025569,He would be a soldier.,He would be a soldier
K037672.000,ECCO,K037672.000.P4.xml,"Hecuba, a tragedy: As it is acted at the Theatre Royal in Drury-Lane.","","Delap, J. (John), 1725-1812.",1762,1762.,"printed for R. and J. Dodsley,","London :printed for R. and J. Dodsley,1762.",London :,"Anonymous. By John Delap.; Press figure on p.29: 4.; A variant has no press figure on p.29.; Reproduction of original from the British Library.; English Short Title Catalog, ESTC T36072.; Electronic data. Farmington Hills, Mich. : Thomson Gale, 2003. Page image (PNG). Digitized image of the microfilm version produced in Woodbridge, CT by Research Publications, 1982-2002 (later known as Primary Source Microfilm, an imprint of the Gale Group).",T36072,"","","",CW3312016647,CW112016647,"Hecuba,",Hecuba
K037679.000,ECCO,K037679.000.P4.xml,The heiress: A comedy in five acts. As performed at the Theatre-Royal Drury-Lane.,"","Burgoyne, John, 1722-1792.",1786,1786.,"printed for J. Debrett,","London :printed for J. Debrett,1786.",London :,"The dedication signed: J. Burgoyne.; With a half-title.; Reproduction of original from the British Library.; English Short Title Catalog, ESTC T36080.; Electronic data. Farmington Hills, Mich. : Thomson Gale, 2003. Page image (PNG). Digitized image of the microfilm version produced in Woodbridge, CT by Research Publications, 1982-2002 (later known as Primary Source Microfilm, an imprint of the Gale Group).",T36080,"","","",CW3315657260,CW115657260,The heiress.,The heiress
K037725.000,ECCO,K037725.000.P4.xml,"He's much to blame: a comedy: in five acts. As performed at the Theatre Royal, Covent Garden.","","Holcroft, Thomas, 1745-1809.",1798,1798.,"printed for G.G. and J. Robinson,","London :printed for G.G. and J. Robinson,1798.",London :,"Anonymous. By Thomas Holcroft. Also attributed to John Fenwick.; Reproduction of original from the British Library.; English Short Title Catalog, ESTC T36173.; Electronic data. Farmington Hills, Mich. : Thomson Gale, 2003. Page image (PNG). Digitized image of the microfilm version produced in Woodbridge, CT by Research Publications, 1982-2002 (later known as Primary Source Microfilm, an imprint of the Gale Group).",T36173,"","","",CW3310072817,CW110072817,"He's much to blame,",He's much to blame
K037803.000,ECCO,K037803.000.P4.xml,"An historical tragedy of the civil wars: in the reign of King Henry VI. (Being a sequel to the Tragedy of Humfrey Duke of Gloucester: and a introduction to the Tragical history of King Richard III.) Alter'd from Shakespear, in the year 1720. By Theo. Cibber.","","Cibber, Theophilus, 1703-1758.",1723,[1723?],"printed for J. Walthoe, Jun.; W. Chetwood; and J. Stagg: and sold by J. Roberts,","London :printed for J. Walthoe, Jun.; W. Chetwood; and J. Stagg: and sold by J. Roberts,[1723?]",London :,"Numbering of pp.55,56 is duplicated, but text and register are continuous.; With a final advertisement leaf.; Reproduction of original from the British Library.; English Short Title Catalog, ESTC T36329.; Electronic data. Farmington Hills, Mich. : Thomson Gale, 2003. Page image (PNG). Digitized image of the microfilm version produced in Woodbridge, CT by Research Publications, 1982-2002 (later known as Primary Source Microfilm, an imprint of the Gale Group).",T36329,"","","",CW3309972882,CW109972882,An historical tragedy of the civil wars,An historical tragedy of the civil wars
K038022.000,ECCO,K038022.000.P4.xml,"The hotel: or, the double valet. A farce, in two acts. As it is performed at the Theatre-Royal in Drury-Lane. By Thomas Vaughan, Esq.","","Vaughan, Thomas, fl. 1772-1820.",1776,1776.,"printed for T. Becket,","London :printed for T. Becket,1776.",London :,"Reproduction of original from the British Library.; English Short Title Catalog, ESTC T36693.; Electronic data. Farmington Hills, Mich. : Thomson Gale, 2003. Page image (PNG). Digitized image of the microfilm version produced in Woodbridge, CT by Research Publications, 1982-2002 (later known as Primary Source Microfilm, an imprint of the Gale Group).",T36693,"","","",CW3312929283,CW112929283,The hotel;,The hotel
K038204.000,ECCO,K038204.000.P4.xml,"I'll tell you what: A comedy, in five acts, as it is performed at the Theatre Royal, Haymarket. By Mrs. Inchbald.","","Inchbald, Mrs., 1753-1821.",1786,1786.,"printed for G. G. J. and J. Robinson,","London :printed for G. G. J. and J. Robinson,1786.",London :,"With a half-title.; Reproduction of original from the British Library.; English Short Title Catalog, ESTC T36987.; Electronic data. Farmington Hills, Mich. : Thomson Gale, 2003. Page image (PNG). Digitized image of the microfilm version produced in Woodbridge, CT by Research Publications, 1982-2002 (later known as Primary Source Microfilm, an imprint of the Gale Group).",T36987,"","","",CW3310147146,CW110147146,I'll tell you what.,I'll tell you what
K038439.000,ECCO,K038439.000.P4.xml,The Irish widow: In two acts. As it is performed at the Theatre Royal in Drury-Lane.,"","Garrick, David, 1717-1779.",1772,1772.,"printed for T. Becket,","London :printed for T. Becket,1772.",London :,"Anonymous. By David Garrick.; Reproduction of original from the British Library.; English Short Title Catalog, ESTC T37396.; Electronic data. Farmington Hills, Mich. : Thomson Gale, 2003. Page image (PNG). Digitized image of the microfilm version produced in Woodbridge, CT by Research Publications, 1982-2002 (later known as Primary Source Microfilm, an imprint of the Gale Group).",T37396,"","","",CW3313610623,CW113610623,The irish widow.,The irish widow
K038447.000,ECCO,K038447.000.P4.xml,"The iron chest: a play; in three acts. Written by George Colman, the younger. With a preface. First represented at the Theatre-Royal, Drury-Lane, on Saturday, 12th March, 1796.","","Colman, George, 1762-1836.",1796,1796.,"printed by Thomas Burnside, for P. Wogan, J. Rice, and G. Folingsby,","Dublin :printed by Thomas Burnside, for P. Wogan, J. Rice, and G. Folingsby,1796.",Dublin :,"Based on William Godwin's novel 'Things as they are, or the adventures of Caleb Williams' with a preface critical of John P. Kemble's performance in the play.; Reproduction of original from the British Library.; English Short Title Catalog, ESTC T37407.; Electronic data. Farmington Hills, Mich. : Thomson Gale, 2003. Page image (PNG). Digitized image of the microfilm version produced in Woodbridge, CT by Research Publications, 1982-2002 (later known as Primary Source Microfilm, an imprint of the Gale Group).",T37407,"","","",CW3310156522,CW110156522,The iron chest:,The iron chest
K038489.000,ECCO,K038489.000.P4.xml,The lady of the manor: a comic opera: as it is performed at the Theatre-Royal in Covent-Garden. Written by Dr. Kenrick. The songs set to music by Mr. Hook.,"","Kenrick, W. (William), 1725?-1779.",1778,1778.,"printed for E. and C. Dilly; J. Wilkie; T. Davies, and J. Walter,","London :printed for E. and C. Dilly; J. Wilkie; T. Davies, and J. Walter,1778.",London :,"Based on 'The country lasses' by Charles Johnson.; With a half-title.; Reproduction of original from the British Library.; English Short Title Catalog, ESTC T37472.; Electronic data. Farmington Hills, Mich. : Thomson Gale, 2003. Page image (PNG). Digitized image of the microfilm version produced in Woodbridge, CT by Research Publications, 1982-2002 (later known as Primary Source Microfilm, an imprint of the Gale Group).",T37472,"","","",CW3313526374,CW113526374,"The lady of the manor,",The lady of the manor
K038498.000,ECCO,K038498.000.P4.xml,"The lady's revenge: or, the rover reclaim'd. A comedy. As it is acted at the Theatre Royal in Covent-Garden:","","Popple, William, 1701-1764.",1734,1734.,"printed for J. Brindley. And sold by A. Dodd; J. Roberts; J. Wilford; and E. Nutt,","London :printed for J. Brindley. And sold by A. Dodd; J. Roberts; J. Wilford; and E. Nutt,1734.",London :,"Dedication signed: W. Popple.; Reproduction of original from the British Library.; English Short Title Catalog, ESTC T37490.; Electronic data. Farmington Hills, Mich. : Thomson Gale, 2003. Page image (PNG). Digitized image of the microfilm version produced in Woodbridge, CT by Research Publications, 1982-2002 (later known as Primary Source Microfilm, an imprint of the Gale Group).",T37490,"","","",CW3306675023,CW106675023,The lady's revenge:,The lady's revenge
K038561.000,ECCO,K038561.000.P4.xml,"The law of Lombardy: a tragedy: as it is performed at the Theatre-Royal in Drury-Lane. Written by Robert Jephson, ...","","Jephson, Robert, 1736-1803.",1779,1779.,"printed for T. Evans,","London :printed for T. Evans,1779.",London :,"The second leaf contains the dedication.; With two final leaves containing prologue, epilogue and advertisements.; Copies consist of mixed sheets; press figures can vary.; Reproduction of original from the British Library.; English Short Title Catalog, ESTC T37612.; Electronic data. Farmington Hills, Mich. : Thomson Gale, 2003. Page image (PNG). Digitized image of the microfilm version produced in Woodbridge, CT by Research Publications, 1982-2002 (later known as Primary Source Microfilm, an imprint of the Gale Group).",T37612,"","","",CW3306676499,CW106676499,The law of Lombardy;,The law of Lombardy
K038609.000,ECCO,K038609.000.P4.xml,"Lethe: A dramatic satire. By David Garrick. As it is performed at the Theatre-Royal in Drury-Lane, by His Majesty's servants.","","Garrick, David, 1717-1779.",1749,1749.,"printed for and sold by Paul Vaillant,","London :printed for and sold by Paul Vaillant,1749.",London :,"With a half-title.; Reproduction of original from the British Library.; English Short Title Catalog, ESTC T37731.; Electronic data. Farmington Hills, Mich. : Thomson Gale, 2003. Page image (PNG). Digitized image of the microfilm version produced in Woodbridge, CT by Research Publications, 1982-2002 (later known as Primary Source Microfilm, an imprint of the Gale Group).",T37731,"","","",CW3309714796,CW109714796,Lethe.,Lethe
K039235.000,ECCO,K039235.000.P4.xml,"Love in the East; or, adventures of twelve hours: a comic opera, in three acts. Written by the author of The strangers at home. As performed at the Theatre-Royal, Drury-Lane.","","Cobb, James, 1756-1818.",1788,1788.,"printed for W. Lowndes,","London :printed for W. Lowndes,1788.",London :,"The dedication signed: J. C. i.e. James Cobb.; Reproduction of original from the British Library.; English Short Title Catalog, ESTC T38657.; Electronic data. Farmington Hills, Mich. : Thomson Gale, 2003. Page image (PNG). Digitized image of the microfilm version produced in Woodbridge, CT by Research Publications, 1982-2002 (later known as Primary Source Microfilm, an imprint of the Gale Group).",T38657,"","","",CW3313131155,CW113131155,Love in the East;,Love in the East
K039296.000,ECCO,K039296.000.P4.xml,"Lucius, the first Christian King of Britain: A tragedy. As it is acted at the Theatre-Royal in Drury-Lane. By His Majesty's servants. By Mrs. Manley.","","Manley, Mrs. (Mary de la Rivière), 1663-1724.",1717,1717.,"printed for John Barber on Lambeth-hill, and sold by Benj. Tooke at the Middle-Temple Gate, Henry Clements in St. Paul's Church-yard, and John Walthoe, jun. over-against the Royal Exchange Cornhill,","London :printed for John Barber on Lambeth-hill, and sold by Benj. Tooke at the Middle-Temple Gate, Henry Clements in St. Paul's Church-yard, and John Walthoe, jun. over-against the Royal Exchange Cornhill,1717.",London :,"With an epilogue.; Reproduction of original from the British Library.; English Short Title Catalog, ESTC T38771.; Electronic data. Farmington Hills, Mich. : Thomson Gale, 2003. Page image (PNG). Digitized image of the microfilm version produced in Woodbridge, CT by Research Publications, 1982-2002 (later known as Primary Source Microfilm, an imprint of the Gale Group).",T38771,"","","",CW3309502964,CW109502964,"Lucius,",Lucius
K039324.000,ECCO,K039324.000.P4.xml,"The lying valet: in two acts. As it is performed gratis, at the theatre in Goodman's-Fields. By D. Garrick.","","Garrick, David, 1717-1779.",1742,1742 [i.e.1741],"printed for and sold by Paul Vaillant; and J. Roberts,","London :printed for and sold by Paul Vaillant; and J. Roberts,1742 [i.e.1741]",London :,"With a half-title.; Reproduction of original from the British Library.; English Short Title Catalog, ESTC T38807.; Electronic data. Farmington Hills, Mich. : Thomson Gale, 2003. Page image (PNG). Digitized image of the microfilm version produced in Woodbridge, CT by Research Publications, 1982-2002 (later known as Primary Source Microfilm, an imprint of the Gale Group).",T38807,"","","",CW3309714744,CW109714744,The lying valet;,The lying valet
K039360.000,ECCO,K039360.000.P4.xml,"The maid of the mill. A comic opera: As it is performed at the Theatre Royal in Covent Garden. The music compiled, and the words written by the author of Love in a village.","","Bickerstaff, Isaac, 1735-1812.",1765,1765.,"printed for J. Newbery; R. Baldwin; T. Caslon; W. Griffin; W. Nicoll; T. Lownds; and T. Becket,","London :printed for J. Newbery; R. Baldwin; T. Caslon; W. Griffin; W. Nicoll; T. Lownds; and T. Becket,1765.",London :,"Author of Love in a village = Isaac Bickerstaffe.; With a half-title.; Based on Samuel Richardson's 'Pamela'.; Reproduction of original from the British Library.; Roscoe, A37 (2); English Short Title Catalog, ESTC T38859.; Electronic data. Farmington Hills, Mich. : Thomson Gale, 2003. Page image (PNG). Digitized image of the microfilm version produced in Woodbridge, CT by Research Publications, 1982-2002 (later known as Primary Source Microfilm, an imprint of the Gale Group).",T38859,"","","",CW3313181018,CW113181018,The maid of the mill.,The maid of the mill
K039366.000,ECCO,K039366.000.P4.xml,"The maid of the oaks: a new dramatic entertainment. As it is performed at the Theatre-Royal, in Drury-Lane.","","Burgoyne, John, 1722-1792.",1774,1774.,"printed for T. Becket,","London :printed for T. Becket,1774.",London :,"Anonymous. By John Burgoyne.; Epilogue written by David Garrick.; Pagination irregular, page numbers 57-64 are repeated.; Reproduction of original from the British Library.; English Short Title Catalog, ESTC T38866.; Electronic data. Farmington Hills, Mich. : Thomson Gale, 2003. Page image (PNG). Digitized image of the microfilm version produced in Woodbridge, CT by Research Publications, 1982-2002 (later known as Primary Source Microfilm, an imprint of the Gale Group).",T38866,"","","",CW3310292505,CW110292505,The maid of the oaks:,The maid of the oaks
K039408.000,ECCO,K039408.000.P4.xml,"The man of the world: A comedy, in five acts. As performed at the Theatres-Royal of Covent-Garden and Smock-Alley ... Written by Charles Macklin, Esq.","","Macklin, Charles, 1697?-1797.",1785,1785.,"printed in the year,","Dublin :printed in the year,1785.",Dublin :,"Reproduction of original from the British Library.; English Short Title Catalog, ESTC T38920.; Electronic data. Farmington Hills, Mich. : Thomson Gale, 2003. Page image (PNG). Digitized image of the microfilm version produced in Woodbridge, CT by Research Publications, 1982-2002 (later known as Primary Source Microfilm, an imprint of the Gale Group).",T38920,"","","",CW3310074956,CW110074956,The man of the world.,The man of the world
K039425.000,ECCO,K039425.000.P4.xml,"The man's bewitch'd: or, the devil to do about her. A comedy, as it is acted at the New-Theatre in the Hay-Market; by Her Majesty's servants. By Susanna Cent-Livre.","","Centlivre, Susanna, 1667?-1723.",1709,[1709],"printed for Bernard Lintott, between the Two [ ] in Fleet-street,","London :printed for Bernard Lintott, between the Two [ ] in Fleet-street,[1709]",London :,"Reproduction of original from the British Library.; English Short Title Catalog, ESTC T38951.; Electronic data. Farmington Hills, Mich. : Thomson Gale, 2003. Page image (PNG). Digitized image of the microfilm version produced in Woodbridge, CT by Research Publications, 1982-2002 (later known as Primary Source Microfilm, an imprint of the Gale Group).",T38951,"","","",CW3310072414,CW110072414,The man's bewitch'd;,The man's bewitch'd
K039442.000,ECCO,K039442.000.P4.xml,Marina: a play of three acts. As it is acted at the Theatre Royal in Convent-Garden. Taken from Pericles Prince of Tyre. By Mr. Lillo:,"","Lillo, George, 1693-1739.",1738,1738.,"printed for John Gray,","London :printed for John Gray,1738.",London :,"Adapted from the play by Shakespeare.; Also issued as part of: 'The works of the late Mr. George Lillo' London, 1740.; Reproduction of original from the British Library.; English Short Title Catalog, ESTC T38978.; Electronic data. Farmington Hills, Mich. : Thomson Gale, 2003. Page image (PNG). Digitized image of the microfilm version produced in Woodbridge, CT by Research Publications, 1982-2002 (later known as Primary Source Microfilm, an imprint of the Gale Group).",T38978,"","","",CW3309728362,CW109728362,Marina:,Marina
K039474.000,ECCO,K039474.000.P4.xml,Matilda: a tragedy. As it is performed at the Theatre-Royal in Drury-Lane. By the author of The Earl of Warwick.,"","Francklin, Thomas, 1721-1784.",1775,1775.,"printed for T. Cadell,","London :printed for T. Cadell,1775.",London :,"Author of The Earl of Warwick = Thomas Francklin.; Verse.; Dedication with some stop-press corrections, i.e. roman type replaced with italic (not differentiated).; Reproduction of original from the British Library.; English Short Title Catalog, ESTC T39044.; Electronic data. Farmington Hills, Mich. : Thomson Gale, 2003. Page image (PNG). Digitized image of the microfilm version produced in Woodbridge, CT by Research Publications, 1982-2002 (later known as Primary Source Microfilm, an imprint of the Gale Group).",T39044,"","","",CW3310940383,CW110940383,Matilda:,Matilda
K039488.000,ECCO,K039488.000.P4.xml,"May-day: or, the little gipsy: A musical farce, of one act. To which is added The theatrical candidates. A musical prelude. As they are both performed at the Theatre-Royal, in Drury-Lane.","","Garrick, David, 1717-1779.",1775,1775.,"printed for T. Becket,","London :printed for T. Becket,1775.",London :,"Anonymous. By David Garrick - With a half-title - Pp.1 and 2 unnumbered, p.8 mispaginated 2 - The sheets of sigg. B-D apparently reused in the edition of 1776.; A variant has p.8 unnumbered.; Reproduction of original from the British Library.; English Short Title Catalog, ESTC T39062.; Electronic data. Farmington Hills, Mich. : Thomson Gale, 2003. Page image (PNG). Digitized image of the microfilm version produced in Woodbridge, CT by Research Publications, 1982-2002 (later known as Primary Source Microfilm, an imprint of the Gale Group).",T39062,"","","",CW3313283483,CW113283483,"May-Day: or, the little gipsy.","May-Day: or, the little gipsy"
K039927.000,ECCO,K039927.000.P4.xml,"Neck or nothing, a farce: In two acts. As it is performed at the Theatre Royal in Drury-Lane.","","Garrick, David, 1717-1779.",1766,1766.,"printed for T. Becket and Co.,","London :printed for T. Becket and Co.,1766.",London :,"A translation and adaptation by David Garrick of A. R. Le Sage's 'Crispin, rival de son maı̂tre'.; Reproduction of original from the British Library.; English Short Title Catalog, ESTC T39738.; Electronic data. Farmington Hills, Mich. : Thomson Gale, 2003. Page image (PNG). Digitized image of the microfilm version produced in Woodbridge, CT by Research Publications, 1982-2002 (later known as Primary Source Microfilm, an imprint of the Gale Group).",T39738,"","","",CW3310257618,CW110257618,"Neck or nothing,",Neck or nothing
K039979.000,ECCO,K039979.000.P4.xml,"A new dramatic entertainment, called a Christmas tale: In five parts. As it is performed at the Theatre-Royal in Drury-Lane. Embellished with an etching by Mr. Loutherbourg.",Christmas tale,"Garrick, David, 1717-1779.",1774,1774.,"printed for T. Becket,","London :printed for T. Becket,1774.",London :,"Anonymous. By David Garrick.; Adapted from Charles Simon Favart's 'La feé Urgele, ou, ce qui plait aux dames'.; Reproduction of original from the British Library.; English Short Title Catalog, ESTC T39827.; Electronic data. Farmington Hills, Mich. : Thomson Gale, 2003. Page image (PNG). Digitized image of the microfilm version produced in Woodbridge, CT by Research Publications, 1982-2002 (later known as Primary Source Microfilm, an imprint of the Gale Group).",T39827,"","","",CW3315369150,CW115369150,"A new dramatic entertainment,",A new dramatic entertainment
K040557.000,ECCO,K040557.000.P4.xml,Liberty asserted: A tragedy. As it is acted at the New Theatre in Little Lincoln's-Inn-Fields. Written by Mr. Dennis.,"","Dennis, John, 1657-1734.",1704,1704.,"printed for George Strahan; and Bernard Lintott,","London :printed for George Strahan; and Bernard Lintott,1704.",London :,"With a half-title.; Reproduction of original from the British Library.; English Short Title Catalog, ESTC T40872.; Electronic data. Farmington Hills, Mich. : Thomson Gale, 2003. Page image (PNG). Digitized image of the microfilm version produced in Woodbridge, CT by Research Publications, 1982-2002 (later known as Primary Source Microfilm, an imprint of the Gale Group).",T40872,"","","",CW3313261691,CW113261691,Liberty asserted.,Liberty asserted
K040638.000,ECCO,K040638.000.P4.xml,Lionel and Clarissa: A comic opera. As it is performed at the Theatre-Royal in Covent-Garden.,"","Bickerstaff, Isaac, 1735-1812.",1768,1768.,"printed for W. Griffin,","London :printed for W. Griffin,1768.",London :,"Anonymous. By Isaac Bickerstaffe.; Variant; in some copies the imprint date is misprinted: MDCCXLVIII.; Reproduction of original from the British Library.; English Short Title Catalog, ESTC T41007.; Electronic data. Farmington Hills, Mich. : Thomson Gale, 2003. Page image (PNG). Digitized image of the microfilm version produced in Woodbridge, CT by Research Publications, 1982-2002 (later known as Primary Source Microfilm, an imprint of the Gale Group).",T41007,"","","",CW3312016809,CW112016809,Lionel and Clarissa.,Lionel and Clarissa
K040676.000,ECCO,K040676.000.P4.xml,"The Liverpool prize: a farce: in two acts. As it is performed at the Theatre-Royal, in Covent-Garden, with universal applause. Written by F. Pilon.","","Pilon, Frederick, 1750-1788.",1779,1779.,"printed for T. Evans,","London :printed for T. Evans,1779.",London :,"Reproduction of original from the British Library.; English Short Title Catalog, ESTC T41107.; Electronic data. Farmington Hills, Mich. : Thomson Gale, 2003. Page image (PNG). Digitized image of the microfilm version produced in Woodbridge, CT by Research Publications, 1982-2002 (later known as Primary Source Microfilm, an imprint of the Gale Group).",T41107,"","","",CW3313646833,CW113646833,The Liverpool Prize;,The Liverpool Prize
K040756.000,ECCO,K040756.000.P4.xml,"The lord of the manor, a comic opera: as it is performed at the Theatre Royal Drury-Lane, with a preface by the author.","","Burgoyne, John, 1722-1792.",1781,1781.,"printed for T. Evans,","London :printed for T. Evans,1781.",London :,"Anonymous. By John Burgoyne.; Reproduction of original from the British Library.; English Short Title Catalog, ESTC T41234.; Electronic data. Farmington Hills, Mich. : Thomson Gale, 2003. Page image (PNG). Digitized image of the microfilm version produced in Woodbridge, CT by Research Publications, 1982-2002 (later known as Primary Source Microfilm, an imprint of the Gale Group).",T41234,"","","",CW3310293016,CW110293016,"The lord of the manor,",The lord of the manor
K041852.000,ECCO,K041852.000.P4.xml,"No one's enemy but his own: A comedy in three acts, as it is performed at the Theatre-Royal in Covent-Garden.","","Murphy, Arthur, 1727-1805.",1764,1764.,"printed for P. Vaillant,","London :printed for P. Vaillant,1764.",London :,"Anonymous. By Arthur Murphy.; With a half-title.; Reproduction of original from the British Library.; English Short Title Catalog, ESTC T43118.; Electronic data. Farmington Hills, Mich. : Thomson Gale, 2003. Page image (PNG). Digitized image of the microfilm version produced in Woodbridge, CT by Research Publications, 1982-2002 (later known as Primary Source Microfilm, an imprint of the Gale Group).",T43118,"","","",CW3310073525,CW110073525,No one's enemy but his own.,No one's enemy but his own
K042020.000,ECCO,K042020.000.P4.xml,"Oroonoko: or the royal slave. A tragedy. Altered from Southerne, by Francis Gentleman. ...","","Gentleman, Francis, 1728-1784.",1760,1760.,"printed by Robert and Andrew Foulis,","Glasgow :printed by Robert and Andrew Foulis,1760.",Glasgow :,"With a half-title.; Reproduction of original from the British Library.; Gaskell, 386; English Short Title Catalog, ESTC T43462.; Electronic data. Farmington Hills, Mich. : Thomson Gale, 2003. Page image (PNG). Digitized image of the microfilm version produced in Woodbridge, CT by Research Publications, 1982-2002 (later known as Primary Source Microfilm, an imprint of the Gale Group).",T43462,"","","",CW3317082667,CW117082667,Oroonoko:,Oroonoko
K042231.000,ECCO,K042231.000.P4.xml,"A peep behind the curtain: or, the new rehearsal. As it is now performed at the Theatre Royal in Drury-Lane.","","Garrick, David, 1717-1779.",1767,1767.,"printed for T. Becket and P.A. de Hondt,","London :printed for T. Becket and P.A. de Hondt,1767.",London :,"Anonymous. By David Garrick.; Reproduction of original from the British Library.; English Short Title Catalog, ESTC T43821.; Electronic data. Farmington Hills, Mich. : Thomson Gale, 2003. Page image (PNG). Digitized image of the microfilm version produced in Woodbridge, CT by Research Publications, 1982-2002 (later known as Primary Source Microfilm, an imprint of the Gale Group).",T43821,"","","",CW3313258922,CW113258922,A peep behind the curtain;,A peep behind the curtain
K042270.000,ECCO,K042270.000.P4.xml,The perplexities: a comedy. As it is performed at the Theatre Royal in Covent-Garden:,"","Hull, Thomas, 1728-1808.",1767,1767.,"printed for W. Griffin; and G. Kearsly,","London :printed for W. Griffin; and G. Kearsly,1767.",London :,"Anonymous. By Thomas Hull.; Founded on 'The adventures of five hours.' by Sir Samuel Tuke.; The final leaf contains the epilogue.; Reproduction of original from the British Library.; English Short Title Catalog, ESTC T43878.; Electronic data. Farmington Hills, Mich. : Thomson Gale, 2003. Page image (PNG). Digitized image of the microfilm version produced in Woodbridge, CT by Research Publications, 1982-2002 (later known as Primary Source Microfilm, an imprint of the Gale Group).",T43878,"","","",CW3312016723,CW112016723,The perplexities: a comedy. As it is performed at the Theatre Royal in Covent-Garden.,The perplexities: a comedy. As it is performed at the Theatre Royal in Covent-Garden
K042710.000,ECCO,K042710.000.P4.xml,"The prodigal. A dramatic piece. As performed at the Theatre-Royal, in the Hay-Market, December 2, 1793:","","Waldron, F. G. (Francis Godolphin), 1744-1818.",1794,1794.,"printed for T. Arrowsmith; and sold by B. Crosby,","London :printed for T. Arrowsmith; and sold by B. Crosby,1794.",London :,"Dedication signed: Francis Godolphin Waldron.; Altered from 'The fatal extravagance,' a play written by Aaron Hill for the benefit of Joseph Mitchell under whose name it was first published.; Reproduction of original from the British Library.; English Short Title Catalog, ESTC T44546.; Electronic data. Farmington Hills, Mich. : Thomson Gale, 2003. Page image (PNG). Digitized image of the microfilm version produced in Woodbridge, CT by Research Publications, 1982-2002 (later known as Primary Source Microfilm, an imprint of the Gale Group).",T44546,"","","",CW3313788839,CW113788839,"The prodigal. A dramatic piece. As performed at the Theatre-Royal, in the Hay-Market, December 2, 1793.","The prodigal. A dramatic piece. As performed at the Theatre-Royal, in the Hay-Market, December 2, 1793"
K043015.000,ECCO,K043015.000.P4.xml,The rivals: a comedy. As it is acted at the Theatre-Royal in Covent-Garden.,"","Sheridan, Richard Brinsley, 1751-1816.",1775,1775.,"printed for John Wilkie,","London :printed for John Wilkie,1775.",London :,"Anonymous. By Richard B. B. Sheridan.; With a half-title.; Catchword on p.100: epi-; variant: no catchword on p.100.; Reproduction of original from the British Library.; English Short Title Catalog, ESTC T45136.; Electronic data. Farmington Hills, Mich. : Thomson Gale, 2003. Page image (PNG). Digitized image of the microfilm version produced in Woodbridge, CT by Research Publications, 1982-2002 (later known as Primary Source Microfilm, an imprint of the Gale Group).",T45136,"","","",CW3306675291,CW106675291,"The rivals,",The rivals
K043021.000,ECCO,K043021.000.P4.xml,Robin Hood: A new musical entertainment. As it is perform'd at the Theatre-Royal in Drury-Lane. The musick compos'd by the Society of the Temple of Apollo.,"","Mendez, Moses, d. 1758.",1751,1751.,"printed: and sold at the Theatre, and by M. Cooper,","London :printed: and sold at the Theatre, and by M. Cooper,1751.",London :,"Anonymous. By Moses Mendez.; The music was in fact by Charles Burney.; Reproduction of original from the British Library.; English Short Title Catalog, ESTC T45161.; Electronic data. Farmington Hills, Mich. : Thomson Gale, 2003. Page image (PNG). Digitized image of the microfilm version produced in Woodbridge, CT by Research Publications, 1982-2002 (later known as Primary Source Microfilm, an imprint of the Gale Group).",T45161,"","","",CW3314443267,CW114443267,Robin Hood.,Robin Hood
K043092.000,ECCO,K043092.000.P4.xml,"The royal garland, a new occasional interlude, in honour of his Danish Majesty: Set to music by Mr. Arnold, and performed at the Theatre Royal, Covent-Garden.","","Bickerstaff, Isaac, 1735-1812.",1768,1768.,"printed for T. Becket and P. A. de Hondt,","London :printed for T. Becket and P. A. de Hondt,1768.",London :,"Anonymous. By Isaac Bickerstaffe.; With a half-title.; Reproduction of original from the British Library.; English Short Title Catalog, ESTC T45281.; Electronic data. Farmington Hills, Mich. : Thomson Gale, 2003. Page image (PNG). Digitized image of the microfilm version produced in Woodbridge, CT by Research Publications, 1982-2002 (later known as Primary Source Microfilm, an imprint of the Gale Group).",T45281,"","","",CW3306438863,CW106438863,"The royal garland, a new occasional interlude, in honour of his Danish Majesty.","The royal garland, a new occasional interlude, in honour of his Danish Majesty"
K043154.000,ECCO,K043154.000.P4.xml,"Barataria: or, Sancho turn'd governor, a farce, in two acts. As it is performed at the Theatre-Royal, Covent-Garden. By Frederick Pilon.","","Pilon, Frederick, 1750-1788.",1785,1785.,"printed by J. Almon,","London :printed by J. Almon,1785.",London :,"Reproduction of original from the British Library.; English Short Title Catalog, ESTC T45397.; Electronic data. Farmington Hills, Mich. : Thomson Gale, 2003. Page image (PNG). Digitized image of the microfilm version produced in Woodbridge, CT by Research Publications, 1982-2002 (later known as Primary Source Microfilm, an imprint of the Gale Group).",T45397,"","","",CW3310070950,CW110070950,Barataria:,Barataria
K043155.000,ECCO,K043155.000.P4.xml,The humours of an election: A farce. As it is performed at the Theatre-Royal in Covent-Garden. Written by F. Pilon.,"","Pilon, Frederick, 1750-1788.",1780,1780.,"printed for G. Kearsly,","London :printed for G. Kearsly,1780.",London :,"Reproduction of original from the British Library.; English Short Title Catalog, ESTC T45398.; Electronic data. Farmington Hills, Mich. : Thomson Gale, 2003. Page image (PNG). Digitized image of the microfilm version produced in Woodbridge, CT by Research Publications, 1982-2002 (later known as Primary Source Microfilm, an imprint of the Gale Group).",T45398,"","","",CW3313434608,CW113434608,The humours of an election.,The humours of an election
K043166.000,ECCO,K043166.000.P4.xml,"Know your own mind: a comedy, performed at the Theatre-Royal, in Covent-Garden.","","Murphy, Arthur, 1727-1805.",1778,1778.,"printed for T. Becket,","London :printed for T. Becket,1778.",London :,"Anonymous. By Arthur Murphy.; With a half-title and a final epilogue leaf.; Reproduction of original from the British Library.; English Short Title Catalog, ESTC T45411.; Electronic data. Farmington Hills, Mich. : Thomson Gale, 2003. Page image (PNG). Digitized image of the microfilm version produced in Woodbridge, CT by Research Publications, 1982-2002 (later known as Primary Source Microfilm, an imprint of the Gale Group).",T45411,"","","",CW3306672839,CW106672839,Know your own mind:,Know your own mind
K043175.000,ECCO,K043175.000.P4.xml,"The orphan of China: a tragedy, as it is perform'd at the Theatre-Royal, in Drury-Lane.","","Murphy, Arthur, 1727-1805.",1759,1759.,"printed for P. Vaillant,","London :printed for P. Vaillant,1759.",London :,"The dedication signed: Arthur Murphy.; Pp.[89]-96 contain: ""To M. De Voltaire"".; Reproduction of original from the British Library.; English Short Title Catalog, ESTC T45420.; Electronic data. Farmington Hills, Mich. : Thomson Gale, 2003. Page image (PNG). Digitized image of the microfilm version produced in Woodbridge, CT by Research Publications, 1982-2002 (later known as Primary Source Microfilm, an imprint of the Gale Group).",T45420,"","","",CW3314019855,CW114019855,"The orphan of China,",The orphan of China
K043181.000,ECCO,K043181.000.P4.xml,"The travellers in Switzerland: A comic opera, in three acts: as performed at the Theatre Royal, Covent Garden. By Mr. Bate Dudley.","","Dudley, H. Bate, Sir (Henry Bate), 1745-1824.",1794,1794.,"printed for J. Debrett,","London :printed for J. Debrett,1794.",London :,"Pp.81-88 misnumbered 73-80.; Libretto only.; With two final advertisement leaves.; Pages 69, 73, 74, 76, 79, 80 misnumbered 6, 79, 80, 74, 73, 74 respectively; a variant has pages 73, 74, 79, 80 correctly numbered.; Reproduction of original from the British Library.; English Short Title Catalog, ESTC T45426.; Electronic data. Farmington Hills, Mich. : Thomson Gale, 2003. Page image (PNG). Digitized image of the microfilm version produced in Woodbridge, CT by Research Publications, 1982-2002 (later known as Primary Source Microfilm, an imprint of the Gale Group).",T45426,"","","",CW3306675407,CW106675407,The travellers in Switzerland.,The travellers in Switzerland
K043186.000,ECCO,K043186.000.P4.xml,"The wedding day: a comedy; in two acts. As performed at the Theatre Royal, Drury Lane. By Mrs. Inchbald.","","Inchbald, Mrs., 1753-1821.",1794,1794.,"printed for G. G. and J. Robinson,","London :printed for G. G. and J. Robinson,1794.",London :,"Reproduction of original from the British Library.; English Short Title Catalog, ESTC T45433.; Electronic data. Farmington Hills, Mich. : Thomson Gale, 2003. Page image (PNG). Digitized image of the microfilm version produced in Woodbridge, CT by Research Publications, 1982-2002 (later known as Primary Source Microfilm, an imprint of the Gale Group).",T45433,"","","",CW3306675577,CW106675577,"The wedding day,",The wedding day
K043195.000,ECCO,K043195.000.P4.xml,"The Red-Cross Knights: A play, in five acts. As performed at the Theatre-Royal, Hay-Market. Founded on The robbers of Schiller. By J. G. Holman.","","Holman, J. G. (Joseph George), 1764-1817.",1799,1799.,"printed and published by Geo. Cawthorn; sold also by Messrs. Richardson; H. D. Symonds, J. Wallis, and W. West; and J. Wright,","London :printed and published by Geo. Cawthorn; sold also by Messrs. Richardson; H. D. Symonds, J. Wallis, and W. West; and J. Wright,1799.",London :,"The advertisement numbered [i]-iv is inserted between pp.2 and 3.; Variant: at foot of 'Dramatis personae' is added an erratum on Perez.; Reproduction of original from the British Library.; English Short Title Catalog, ESTC T45445.; Electronic data. Farmington Hills, Mich. : Thomson Gale, 2003. Page image (PNG). Digitized image of the microfilm version produced in Woodbridge, CT by Research Publications, 1982-2002 (later known as Primary Source Microfilm, an imprint of the Gale Group).",T45445,"","","",CW3306677968,CW106677968,The red-Cross Knights.,The red-Cross Knights
K043199.000,ECCO,K043199.000.P4.xml,"Knave, or not?: A comedy: in five acts. As performed at the Theatre Royal, Drury-Lane. By Thomas Holcroft.","","Holcroft, Thomas, 1745-1809.",1798,1798.,"printed for G.G. and J. Robinson,","London :printed for G.G. and J. Robinson,1798.",London :,"Reproduction of original from the British Library.; English Short Title Catalog, ESTC T45450.; Electronic data. Farmington Hills, Mich. : Thomson Gale, 2003. Page image (PNG). Digitized image of the microfilm version produced in Woodbridge, CT by Research Publications, 1982-2002 (later known as Primary Source Microfilm, an imprint of the Gale Group).",T45450,"","","",CW3314722421,CW114722421,"Knave, or not?","Knave, or not?"
K043204.000,ECCO,K043204.000.P4.xml,"Love's frailties: a comedy in five acts, as performed at the Theatre Royal, Covent-Garden. By Thomas Holcroft.","","Holcroft, Thomas, 1745-1809.",1794,1794.,"printed for Shepperson and Reynolds,","London :printed for Shepperson and Reynolds,1794.",London :,"Page 75 misnumbered 7; a variant has page 75 correctly numbered.; Reproduction of original from the British Library.; English Short Title Catalog, ESTC T45456.; Electronic data. Farmington Hills, Mich. : Thomson Gale, 2003. Page image (PNG). Digitized image of the microfilm version produced in Woodbridge, CT by Research Publications, 1982-2002 (later known as Primary Source Microfilm, an imprint of the Gale Group).",T45456,"","","",CW3306675491,CW106675491,Love's frailties:,Love's frailties
K043689.000,ECCO,K043689.000.P4.xml,"Ramah Droog: a comic opera, in three acts. As performed with universal applause at the Theatre-Royal, Covent-Garden. By James Cobb, Esq.","","Cobb, James, 1756-1818.",1800,1800.,"printed by A. Strahan for T. N. Longman and O. Rees,","London :printed by A. Strahan for T. N. Longman and O. Rees,1800.",London :,"The libretto only.; With two final advertisement leaves.; Reproduction of original from the British Library.; English Short Title Catalog, ESTC T46273.; Electronic data. Farmington Hills, Mich. : Thomson Gale, 2003. Page image (PNG). Digitized image of the microfilm version produced in Woodbridge, CT by Research Publications, 1982-2002 (later known as Primary Source Microfilm, an imprint of the Gale Group).",T46273,"","","",CW3313131388,CW113131388,Ramah Droog:,Ramah Droog
K043952.000,ECCO,K043952.000.P4.xml,"The rehearsal: or, bays in petticoats: A comedy in two acts. As it is performed at the Theatre Royal in Drury-Lane. Written by Mrs. Clive. The music composed by Dr. Boyce.","","Clive, Mrs. (Catherine), 1711-1785.",1753,1753.,"printed for J. Exshaw, and M. Williamson,","Dublin :printed for J. Exshaw, and M. Williamson,1753.",Dublin :,"With a half-title.; Reproduction of original from the British Library.; English Short Title Catalog, ESTC T46678.; Electronic data. Farmington Hills, Mich. : Thomson Gale, 2003. Page image (PNG). Digitized image of the microfilm version produced in Woodbridge, CT by Research Publications, 1982-2002 (later known as Primary Source Microfilm, an imprint of the Gale Group).",T46678,"","","",CW3313914596,CW113914596,"The rehearsal: or, bays in petticoats.","The rehearsal: or, bays in petticoats"
K044143.000,ECCO,K044143.000.P4.xml,"The runaway, a comedy: as it is acted at the Theatre-Royal in Drury-Lane.","","Cowley, Mrs. (Hannah), 1743-1809.",1776,1776.,"printed for the author; and sold by Mr. Dodsley; Mr. Becket, and Mr. Cadell; Mr. Langman; and Carnan and Newbery,","London :printed for the author; and sold by Mr. Dodsley; Mr. Becket, and Mr. Cadell; Mr. Langman; and Carnan and Newbery,1776.",London :,"Anonymous. By Hannah Cowley.; Epilogue written by D. Garrick.; The statement 'The dotted lines in the play are omitted at the Theatre.' is placed after the prologue.; Reproduction of original from the British Library.; Roscoe, A100 (1); English Short Title Catalog, ESTC T46976.; Electronic data. Farmington Hills, Mich. : Thomson Gale, 2003. Page image (PNG). Digitized image of the microfilm version produced in Woodbridge, CT by Research Publications, 1982-2002 (later known as Primary Source Microfilm, an imprint of the Gale Group).",T46976,"","","",CW3312791086,CW112791086,"The runaway, a comedy:","The runaway, a comedy"
K044267.000,ECCO,K044267.000.P4.xml,A school for fathers: A comic opera. As it is performed at the Theatre-Royal in Drury-Lane.,"","Bickerstaff, Isaac, 1735-1812.",1773,1773.,"printed for W. Griffin,","London :printed for W. Griffin,1773.",London :,"The Advertisement signed ""J. B"" i.e. Isaac Bickerstaffe.; Reproduction of original from the British Library.; English Short Title Catalog, ESTC T47162.; Electronic data. Farmington Hills, Mich. : Thomson Gale, 2003. Page image (PNG). Digitized image of the microfilm version produced in Woodbridge, CT by Research Publications, 1982-2002 (later known as Primary Source Microfilm, an imprint of the Gale Group).",T47162,"","","",CW3311983619,CW111983619,A school for fathers.,A school for fathers
K044268.000,ECCO,K044268.000.P4.xml,"A school for greybeards: or, the mourning bride: a comedy, in five acts. As performed at the Theatre Royal, Drury-Lane. By Mrs. Cowley.","","Cowley, Mrs. (Hannah), 1743-1809.",1786,1786.,"printed for G. G.J. and J. Robinson,","London :printed for G. G.J. and J. Robinson,1786.",London :,"Final leaf contains epilogue.; Prologue and epilogue by Mr. Cobb.; Reproduction of original from the British Library.; English Short Title Catalog, ESTC T47165.; Electronic data. Farmington Hills, Mich. : Thomson Gale, 2003. Page image (PNG). Digitized image of the microfilm version produced in Woodbridge, CT by Research Publications, 1982-2002 (later known as Primary Source Microfilm, an imprint of the Gale Group).",T47165,"","","",CW3312642434,CW112642434,A school for greybeards;,A school for greybeards
K044271.000,ECCO,K044271.000.P4.xml,"The school for lovers: a comedy. As it is acted at the Theatre Royal in Drury-Lane. By William Whitehead, ...","","Whitehead, William, 1715-1785.",1762,1762.,"printed for R. and J. Dodsley; and sold by J. Hinxman,","London :printed for R. and J. Dodsley; and sold by J. Hinxman,1762.",London :,"Based on Fontenelle's 'Le testament'.; The final leaf contains the epilogue.; Reproduction of original from the British Library.; English Short Title Catalog, ESTC T47169.; Electronic data. Farmington Hills, Mich. : Thomson Gale, 2003. Page image (PNG). Digitized image of the microfilm version produced in Woodbridge, CT by Research Publications, 1982-2002 (later known as Primary Source Microfilm, an imprint of the Gale Group).",T47169,"","","",CW3310606328,CW110606328,"The school for lovers,",The school for lovers
K044278.000,ECCO,K044278.000.P4.xml,The school for wives: A comedy. As it is performed at the Theatre-Royal in Drury-Lane.,"","Kelly, Hugh, 1739-1777.",1774,1774.,"printed for T. Becket,","London :printed for T. Becket,1774.",London :,"Anonymous. By Hugh Kelly.; Reproduction of original from the British Library.; Sabin, 77818; English Short Title Catalog, ESTC T47176.; Electronic data. Farmington Hills, Mich. : Thomson Gale, 2003. Page image (PNG). Digitized image of the microfilm version produced in Woodbridge, CT by Research Publications, 1982-2002 (later known as Primary Source Microfilm, an imprint of the Gale Group).",T47176,"","","",CW3310136274,CW110136274,The school for wives.,The school for wives
K044434.000,ECCO,K044434.000.P4.xml,Seduction: a comedy: As it is performed at the Theatre-Royal in Drury-Lane. By Thomas Holcroft.,"","Holcroft, Thomas, 1745-1809.",1787,1787.,"printed for G.G.J. and J. Robinson,","London :printed for G.G.J. and J. Robinson,1787.",London :,"Reproduction of original from the British Library.; English Short Title Catalog, ESTC T47416.; Electronic data. Farmington Hills, Mich. : Thomson Gale, 2003. Page image (PNG). Digitized image of the microfilm version produced in Woodbridge, CT by Research Publications, 1982-2002 (later known as Primary Source Microfilm, an imprint of the Gale Group).",T47416,"","","",CW3314790215,CW114790215,Seduction: a comedy.,Seduction: a comedy
K044879.000,ECCO,K044879.000.P4.xml,Sethona: A tragedy. As it is performed at the Theatre-Royal in Drury-Lane.,"","Dow, Alexander, d. 1779.",1774,1774.,"printed for T. Becket,","London :printed for T. Becket,1774.",London :,"The advertisement gives the author's name as Colonel Dow.; Reproduction of original from the British Library.; English Short Title Catalog, ESTC T47972.; Electronic data. Farmington Hills, Mich. : Thomson Gale, 2003. Page image (PNG). Digitized image of the microfilm version produced in Woodbridge, CT by Research Publications, 1982-2002 (later known as Primary Source Microfilm, an imprint of the Gale Group).",T47972,"","","",CW3310245093,CW110245093,Sethona.,Sethona
K045058.000,ECCO,K045058.000.P4.xml,"Silvia; or, the country burial. An opera: As it is performed at the Theatre-Royal in Lincoln's-Inn Fields. With the musick prefix'd to each song.","","Lillo, George, 1693-1739.",1731,1731 [1730],"printed for J. Watts,","London :printed for J. Watts,1731 [1730]",London :,"Anonymous. By George Lillo.; The three final pages contain advertisements.; Apparently a reissue of the sheets of the first impression with the titlepage reset to include the price, and an extra leaf with advertisements dated: November 10, 1730, and a corrected scene in Act 3.; At bottom centre of titlepage: [Price One Shilling and Six Pence.].; A variant has ""[Price 1s. 6d.]"" at bottom right of titlepage.; Also issued as part of: 'The works of the late Mr. George Lillo', London, 1740.; Reproduction of original from the British Library.; English Short Title Catalog, ESTC T48277.; Electronic data. Farmington Hills, Mich. : Thomson Gale, 2003. Page image (PNG). Digitized image of the microfilm version produced in Woodbridge, CT by Research Publications, 1982-2002 (later known as Primary Source Microfilm, an imprint of the Gale Group).",T48277,"","","",CW3314796942,CW114796942,"Silvia; or, the country burial.","Silvia; or, the country burial"
K045211.000,ECCO,K045211.000.P4.xml,"St. Patrick's day; or, the scheming lieutenant: A comic opera: as it is acted at the Theatre-Royal, Smoke-Alley.","","Sheridan, Richard Brinsley, 1751-1816.",1788,1788.,"Printed for the booksellers,","[Dublin] :Printed for the booksellers,1788.",[Dublin] :,"Anonymous. By Richard B. Sheridan.; Reproduction of original from the Harvard University Houghton Library.; English Short Title Catalog, ESTC T48537.; Electronic data. Farmington Hills, Mich. : Thomson Gale, 2003. Page image (PNG). Digitized image of the microfilm version produced in Woodbridge, CT by Research Publications, 1982-2002 (later known as Primary Source Microfilm, an imprint of the Gale Group).",T48537,"","","",CW3311383058,CW111383058,"St. Patrick's day; or, the scheming lieutenant.","St. Patrick's day; or, the scheming lieutenant"
K045300.000,ECCO,K045300.000.P4.xml,"The strangers at home: a comic opera, in three acts: as performed at the Theatre Royal in Drury Lane.","","Cobb, James, 1756-1818.",1786,1786.,"printed for Harrison & Co.,","London :printed for Harrison & Co.,1786.",London :,"The dedication signed: James Cobb.; The titlepage is engraved.; Reproduction of original from the British Library.; English Short Title Catalog, ESTC T48729.; Electronic data. Farmington Hills, Mich. : Thomson Gale, 2003. Page image (PNG). Digitized image of the microfilm version produced in Woodbridge, CT by Research Publications, 1982-2002 (later known as Primary Source Microfilm, an imprint of the Gale Group).",T48729,"","","",CW3306675624,CW106675624,The strangers at home;,The strangers at home
K045351.000,ECCO,K045351.000.P4.xml,"Such things are: a play, in five acts. As performed at the Theatre Royal, Covent Garden. By Mrs. Inchbald.","","Inchbald, Mrs., 1753-1821.",1788,1788.,"printed for G. G. J. and J. Robinson,","London :printed for G. G. J. and J. Robinson,1788.",London :,"The prologue written by Thomas Vaughan, Esq.; the epilogue by Miles-Peter Andrews, Esq.; The final leaf contains the epilogue.; Reproduction of original from the British Library.; English Short Title Catalog, ESTC T48811.; Electronic data. Farmington Hills, Mich. : Thomson Gale, 2003. Page image (PNG). Digitized image of the microfilm version produced in Woodbridge, CT by Research Publications, 1982-2002 (later known as Primary Source Microfilm, an imprint of the Gale Group).",T48811,"","","",CW3310606245,CW110606245,Such things are;,Such things are
K045363.000,ECCO,K045363.000.P4.xml,"The sultan, or a peep into the seraglio: A farce, in two acts. By Isaac Bickerstaffe. Acted at the Theatres Royal in Drury-Lane and Covent-Garden.","","Bickerstaff, Isaac, 1735-1812.",1787,1787.,"Printed for C. Dilly,","[London] :Printed for C. Dilly,1787.",[London] :,"Based on 'Solyman le Second' from the 'Contes moraux' by J. F. Marmontel.; The final page is blank; a variant has an advertisement 'Lately published by C. Dilly. ..' on the final page.; Reproduction of original from the British Library.; English Short Title Catalog, ESTC T48828.; Electronic data. Farmington Hills, Mich. : Thomson Gale, 2003. Page image (PNG). Digitized image of the microfilm version produced in Woodbridge, CT by Research Publications, 1982-2002 (later known as Primary Source Microfilm, an imprint of the Gale Group).",T48828,"","","",CW3306674415,CW106674415,"The sultan, or a peep into the seraglio.","The sultan, or a peep into the seraglio"
K046052.000,ECCO,K046052.000.P4.xml,"Tancred and Sigismunda. A tragedy: As it is acted at the Theatre-Royal in Drury-Lane, by His Majesty's servants. By James Thomson.","","Thomson, James, 1700-1748.",1745,1745.,"printed for A. Millar,","London :printed for A. Millar,1745.",London :,"Line 1 on p. iv ends: by; without the price on the titlepage.; Variant 1: line 1 on p. iv ends: by; with the price on the titlepage.; Variant 2: a different setting of pp. [iii], iv; line 1 on p. iv ends: ex-; with the price on the titlepage.; The ornaments are those used by Henry Woodfall.; Reproduction of original from the British Library.; English Short Title Catalog, ESTC T49863.; Electronic data. Farmington Hills, Mich. : Thomson Gale, 2003. Page image (PNG). Digitized image of the microfilm version produced in Woodbridge, CT by Research Publications, 1982-2002 (later known as Primary Source Microfilm, an imprint of the Gale Group).",T49863,"","","",CW3306677155,CW106677155,Tancred and Sigismunda. A tragedy.,Tancred and Sigismunda. A tragedy
K046085.000,ECCO,K046085.000.P4.xml,"The tempest. An opera: Taken from Shakespear. As it is performed at the Theatre-Royal in Drury-Lane. The songs from Shakespeare, Dryden, &c. The music composed by Mr. Smith.","","Garrick, David, 1717-1779.; Shakespeare, William, 1564-1616.",1756,1756.,"printed for J. and R. Tonson,","London :printed for J. and R. Tonson,1756.",London :,"The adaptation probably by David Garrick.; With a half-title.; Reproduction of original from the British Library.; English Short Title Catalog, ESTC T49920.; Electronic data. Farmington Hills, Mich. : Thomson Gale, 2003. Page image (PNG). Digitized image of the microfilm version produced in Woodbridge, CT by Research Publications, 1982-2002 (later known as Primary Source Microfilm, an imprint of the Gale Group).",T49920,"","","",CW3315644981,CW115644981,The tempest. An opera.,The tempest. An opera
K046340.000,ECCO,K046340.000.P4.xml,"Timon of Athens: altered from Shakespear, a tragedy. As it is acted at the Theatre-Royal in Drury-Lane.","","Cumberland, Richard, 1732-1811.; Shakespeare, William, 1564-1616.",1772,1772.,"printed for J. Exshaw, H. Saunders, W. Sleater, D. Chamberlane, J. Potts [and 10 others in Dublin],","Dublin :printed for J. Exshaw, H. Saunders, W. Sleater, D. Chamberlane, J. Potts [and 10 others in Dublin],1772.",Dublin :,"Altered by Richard Cumberland.; Reproduction of original from the British Library.; English Short Title Catalog, ESTC T50342.; Electronic data. Farmington Hills, Mich. : Thomson Gale, 2003. Page image (PNG). Digitized image of the microfilm version produced in Woodbridge, CT by Research Publications, 1982-2002 (later known as Primary Source Microfilm, an imprint of the Gale Group).",T50342,"","","",CW3315887366,CW115887366,"Timon of Athens,",Timon of Athens
K046628.000,ECCO,K046628.000.P4.xml,"The virgin queen, a drama in five acts; attempted as a sequel to Shakespeare's Tempest:","","Waldron, F. G. (Francis Godolphin), 1744-1818.",1797,1797.,"printed for the author,","London :printed for the author,1797.",London :,"Dedication signed: Francis Godolphin Waldron.; Reproduction of original from the British Library.; English Short Title Catalog, ESTC T50920.; Electronic data. Farmington Hills, Mich. : Thomson Gale, 2003. Page image (PNG). Digitized image of the microfilm version produced in Woodbridge, CT by Research Publications, 1982-2002 (later known as Primary Source Microfilm, an imprint of the Gale Group).",T50920,"","","",CW3316957905,CW116957905,"The virgin queen, a drama in five acts; attempted as a sequel to Shakespeare's Tempest. ","The virgin queen, a drama in five acts; attempted as a sequel to Shakespeare's Tempest. "
K046841.000,ECCO,K046841.000.P4.xml,"The town before you, a comedy: as acted at the Theatre-Royal, Covent-Garden. By Mrs. Cowley.","","Cowley, Mrs. (Hannah), 1743-1809.",1795,1795.,"printed by G. Woodfall, for T. N. Longman,","London :printed by G. Woodfall, for T. N. Longman,1795.",London :,"With a half-title.; Reproduction of original from the British Library.; English Short Title Catalog, ESTC T51491.; Electronic data. Farmington Hills, Mich. : Thomson Gale, 2003. Page image (PNG). Digitized image of the microfilm version produced in Woodbridge, CT by Research Publications, 1982-2002 (later known as Primary Source Microfilm, an imprint of the Gale Group).",T51491,"","","",CW3312671524,CW112671524,"The town before you, a comedy,","The town before you, a comedy"
K046880.000,ECCO,K046880.000.P4.xml,The tragedy of the Lady Jane Gray: As it is acted at the Theatre-Royal in Drury-Lane. By N. Rowe Esq;.,"","Rowe, Nicholas, 1674-1718.",1715,1715.,"printed for Bernard Lintott,","London :printed for Bernard Lintott,1715.",London :,"Reproduction of original from the British Library.; English Short Title Catalog, ESTC T51546.; Electronic data. Farmington Hills, Mich. : Thomson Gale, 2003. Page image (PNG). Digitized image of the microfilm version produced in Woodbridge, CT by Research Publications, 1982-2002 (later known as Primary Source Microfilm, an imprint of the Gale Group).",T51546,"","","",CW3312882512,CW112882512,The tragedy of the Lady Jane Gray.,The tragedy of the Lady Jane Gray
K047269.000,ECCO,K047269.000.P4.xml,"Two strings to your bow: a farce, in two acts, as now performed at the Theatre-Royal, Covent-Garden, with distinguished applause. By Robert Jephson, Esq.","","Jephson, Robert, 1736-1803.",1791,1791.,"printed for C. and G. Kearsley,","London :printed for C. and G. Kearsley,1791.",London :,"Reproduction of original from the British Library.; English Short Title Catalog, ESTC T52152.; Electronic data. Farmington Hills, Mich. : Thomson Gale, 2003. Page image (PNG). Digitized image of the microfilm version produced in Woodbridge, CT by Research Publications, 1982-2002 (later known as Primary Source Microfilm, an imprint of the Gale Group).",T52152,"","","",CW3307392464,CW107392464,"Two strings to your bow,",Two strings to your bow
K047355.000,ECCO,K047355.000.P4.xml,The wedding ring: a comic opera. In two acts. As it is performed at the Theatre Royal in Drury-Lane.,"","Dibdin, Charles, 1745-1814.",1773,1773.,"printed for T. Becket,","London :printed for T. Becket,1773.",London :,"The preliminary address, 'To the publick', is signed: C. Dibdin.; Based in part on Carlo Goldoni's libretto for 'Il filosopho di Campagna'.; In this issue text is continuous despite the pagination and p. 23 is misnumbered 22.; Reproduction of original from the British Library.; English Short Title Catalog, ESTC T52313.; Electronic data. Farmington Hills, Mich. : Thomson Gale, 2003. Page image (PNG). Digitized image of the microfilm version produced in Woodbridge, CT by Research Publications, 1982-2002 (later known as Primary Source Microfilm, an imprint of the Gale Group).",T52313,"","","",CW3313793001,CW113793001,"The wedding ring,",The wedding ring
K047375.000,ECCO,K047375.000.P4.xml,"What a blunder!: A comic opera, in three acts: first performed at the Theatre Royal, Haymarket, August 14, 1800. By Joseph George Holman, ...","","Holman, J. G. (Joseph George), 1764-1817.",1800,1800.,"printed for W. Miller [by S. Gosnell],","London :printed for W. Miller [by S. Gosnell],1800.",London :,"Printer from the verso of the title-leaf.; Reproduction of original from the British Library.; English Short Title Catalog, ESTC T52354.; Electronic data. Farmington Hills, Mich. : Thomson Gale, 2003. Page image (PNG). Digitized image of the microfilm version produced in Woodbridge, CT by Research Publications, 1982-2002 (later known as Primary Source Microfilm, an imprint of the Gale Group).",T52354,"","","",CW3306674544,CW106674544,What a blunder!,What a blunder!
K047382.000,ECCO,K047382.000.P4.xml,"What we must all come to: A comedy in two acts, as it was intended to be acted at the Theatre-Royal in Covent-Garden.","","Murphy, Arthur, 1727-1805.",1764,1764.,"printed for P. Vaillant,","London :printed for P. Vaillant,1764.",London :,"Anonymous. By Arthur Murphy.; Subsequently published as 'Three weeks after marriage'.; Reproduction of original from the British Library.; English Short Title Catalog, ESTC T52363.; Electronic data. Farmington Hills, Mich. : Thomson Gale, 2003. Page image (PNG). Digitized image of the microfilm version produced in Woodbridge, CT by Research Publications, 1982-2002 (later known as Primary Source Microfilm, an imprint of the Gale Group).",T52363,"","","",CW3310143414,CW110143414,What we must all come to.,What we must all come to
K047394.000,ECCO,K047394.000.P4.xml,"Which is the man?: A comedy, as acted at the Theatre-Royal in Covent Garden. By Mrs Cowley.","","Cowley, Mrs. (Hannah), 1743-1809.",1783,1783.,"printed for C. Dilly,","London :printed for C. Dilly,1783.",London :,"With a final leaf of advertisements.; Reproduction of original from the British Library.; English Short Title Catalog, ESTC T52415.; Electronic data. Farmington Hills, Mich. : Thomson Gale, 2003. Page image (PNG). Digitized image of the microfilm version produced in Woodbridge, CT by Research Publications, 1982-2002 (later known as Primary Source Microfilm, an imprint of the Gale Group).",T52415,"","","",CW3316473257,CW116473257,Which is the man?,Which is the man?
K047433.000,ECCO,K047433.000.P4.xml,The widow'd wife. A comedy: as it is acted at the Theatre Royal in Drury Lane. By His Majesty's servants. By W. Kenrick.,"","Kenrick, W. (William), 1725?-1779.",1767,1767.,"printed for T. Davies; T. Beckett, and P.A. De Hondt; G. Kearsley; J. Fletcher; and W. Flexney,","London :printed for T. Davies; T. Beckett, and P.A. De Hondt; G. Kearsley; J. Fletcher; and W. Flexney,1767.",London :,"The final leaf contains the epilogue.; P. 90 misnumbered 82; press figure 3 on p. 50. Variant 1: p. 90 correctly numbered; without the press figure on p.50; variant 2: p. 90 correctly numbered; with press figure 3 on p. 50.; Reproduction of original from the British Library.; English Short Title Catalog, ESTC T52489.; Electronic data. Farmington Hills, Mich. : Thomson Gale, 2003. Page image (PNG). Digitized image of the microfilm version produced in Woodbridge, CT by Research Publications, 1982-2002 (later known as Primary Source Microfilm, an imprint of the Gale Group).",T52489,"","","",CW3311430504,CW111430504,The widow'd wife. A comedy:,The widow'd wife. A comedy
K047435.000,ECCO,K047435.000.P4.xml,"The widow's vow: A farce, in two acts, as it is acted at the Theatre Royal, Hay-market.","","Inchbald, Mrs., 1753-1821.",1786,1786.,"printed for G. G. J. and J. Robinson,","London :printed for G. G. J. and J. Robinson,1786.",London :,"Anonymous. By Elizabeth Inchbald.; With a half-title.; Reproduction of original from the British Library.; English Short Title Catalog, ESTC T52491.; Electronic data. Farmington Hills, Mich. : Thomson Gale, 2003. Page image (PNG). Digitized image of the microfilm version produced in Woodbridge, CT by Research Publications, 1982-2002 (later known as Primary Source Microfilm, an imprint of the Gale Group).",T52491,"","","",CW3313637458,CW113637458,The widow's vow.,The widow's vow
K047491.000,ECCO,K047491.000.P4.xml,"Wit's last stake. A farce: As it is performed at the Theatre Royal, Drury Lane.","","King, Thomas, 1730-1805.",1769,1769.,"printed for T. Becket and P. A. De Hondt,","London :printed for T. Becket and P. A. De Hondt,1769.",London :,"Dedication signed: Thomas King.; Based on Jean François Regnard's 'Le légataire universel'.; Reproduction of original from the British Library.; English Short Title Catalog, ESTC T52618.; Electronic data. Farmington Hills, Mich. : Thomson Gale, 2003. Page image (PNG). Digitized image of the microfilm version produced in Woodbridge, CT by Research Publications, 1982-2002 (later known as Primary Source Microfilm, an imprint of the Gale Group).",T52618,"","","",CW3316545935,CW116545935,Wit's last stake. A farce.,Wit's last stake. A farce
K047546.000,ECCO,K047546.000.P4.xml,"A word to the wise: a comedy. As it was performed at the Theatre Royal, in Drury-Lane. Written by Hugh Kelly, ...","","Kelly, Hugh, 1739-1777.",1770,1770.,"printed for the author, and sold by J. Dodsley; J. and E. Dilly; G. Kearsly; and T. Cadell,","London :printed for the author, and sold by J. Dodsley; J. and E. Dilly; G. Kearsly; and T. Cadell,1770.",London :,"With a list of subscribers and an epilogue.; Microopaque copy is a variant (""J."" lacking before Dodsley in imprint).; Reproduction of original from the British Library.; English Short Title Catalog, ESTC T52723.; Electronic data. Farmington Hills, Mich. : Thomson Gale, 2003. Page image (PNG). Digitized image of the microfilm version produced in Woodbridge, CT by Research Publications, 1982-2002 (later known as Primary Source Microfilm, an imprint of the Gale Group).",T52723,"","","",CW3313793340,CW113793340,"A word to the wise,",A word to the wise
K047676.000,ECCO,K047676.000.P4.xml,Zenobia: a tragedy: As it is performed at the Theatre Royal in Drury-Lane. By the author of The orphan of China.,"","Murphy, Arthur, 1727-1805.",1768,1768.,"printed for W. Griffin,","London :printed for W. Griffin,1768.",London :,"The author of 'The orphan of China' = Arthur Murphy.; With a half-title.; Reproduction of original from the British Library.; English Short Title Catalog, ESTC T52924.; Electronic data. Farmington Hills, Mich. : Thomson Gale, 2003. Page image (PNG). Digitized image of the microfilm version produced in Woodbridge, CT by Research Publications, 1982-2002 (later known as Primary Source Microfilm, an imprint of the Gale Group).",T52924,"","","",CW3313646996,CW113646996,Zenobia: a tragedy.,Zenobia: a tragedy
K047686.000,ECCO,K047686.000.P4.xml,Zingis. A tragedy: As it is performed at the Theatre-Royal in Drury-Lane. By Alexander Dow.,"","Dow, Alexander, d. 1779.",1769,1769.,"printed for T. Becket and P.A. De Hondt,","London :printed for T. Becket and P.A. De Hondt,1769.",London :,"With a half-title and a final epilogue leaf.; Reproduction of original from the British Library.; English Short Title Catalog, ESTC T52934.; Electronic data. Farmington Hills, Mich. : Thomson Gale, 2003. Page image (PNG). Digitized image of the microfilm version produced in Woodbridge, CT by Research Publications, 1982-2002 (later known as Primary Source Microfilm, an imprint of the Gale Group).",T52934,"","","",CW3310244999,CW110244999,Zingis.,Zingis
K048123.000,ECCO,K048123.000.P4.xml,The Quaker; a comic opera: As performed at the Theare-Royal [sic] in Drury-Lane.,"","Dibdin, Charles, 1745-1814.",1777,1777.,"printed for John Bell,","London :printed for John Bell,1777.",London :,"Anonymous. By Charles Dibdin the Elder.; Reproduction of original from the British Library.; English Short Title Catalog, ESTC T53497.; Electronic data. Farmington Hills, Mich. : Thomson Gale, 2003. Page image (PNG). Digitized image of the microfilm version produced in Woodbridge, CT by Research Publications, 1982-2002 (later known as Primary Source Microfilm, an imprint of the Gale Group).",T53497,"","","",CW3309731821,CW109731821,The Quaker; a comic opera.,The Quaker; a comic opera
K048128.000,ECCO,K048128.000.P4.xml,"The young Quaker; a comedy: As it is performed at the Theatre Royal in Smoke Alley, with great applause.","","O'Keeffe, John, 1747-1833.",1784,1784.,"printed for the booksellers,","Dublin :printed for the booksellers,1784.",Dublin :,"Anonymous. By John O'Keeffe.; Reproduction of original from the British Library.; English Short Title Catalog, ESTC T53502.; Electronic data. Farmington Hills, Mich. : Thomson Gale, 2003. Page image (PNG). Digitized image of the microfilm version produced in Woodbridge, CT by Research Publications, 1982-2002 (later known as Primary Source Microfilm, an imprint of the Gale Group).",T53502,"","","",CW3311522109,CW111522109,The young Quaker;,The young Quaker
K048130.000,ECCO,K048130.000.P4.xml,"Sprigs of laurel: a comic opera. In two acts. As performed, with universal applause, at the Theatre-Royal, Covent-Garden. Written by John O'Keeffee [sic], ...","","O'Keeffe, John, 1747-1833.",1793,1793.,"printed by H. S. Woodfall, for T. N. Longman,","London :printed by H. S. Woodfall, for T. N. Longman,1793.",London :,"With a half-title.; Reproduction of original from the British Library.; English Short Title Catalog, ESTC T53504.; Electronic data. Farmington Hills, Mich. : Thomson Gale, 2003. Page image (PNG). Digitized image of the microfilm version produced in Woodbridge, CT by Research Publications, 1982-2002 (later known as Primary Source Microfilm, an imprint of the Gale Group).",T53504,"","","",CW3310142392,CW110142392,Sprigs of laurel:,Sprigs of laurel
K048133.000,ECCO,K048133.000.P4.xml,"Lie of a day: a comedy, in three acts. As performed at the Theatre-Royal, Covent-Garden. By John O'Keeffe, Esq:","","O'Keeffe, John, 1747-1833.",1800,1800.,"printed by A. Strahan; for T. N. Longman and O. Rees,","London :printed by A. Strahan; for T. N. Longman and O. Rees,1800.",London :,"With a final advertisement leaf.; Reproduction of original from the British Library.; English Short Title Catalog, ESTC T53507.; Electronic data. Farmington Hills, Mich. : Thomson Gale, 2003. Page image (PNG). Digitized image of the microfilm version produced in Woodbridge, CT by Research Publications, 1982-2002 (later known as Primary Source Microfilm, an imprint of the Gale Group).",T53507,"","","",CW3310073626,CW110073626,"Lie of a day: a comedy, in three acts. As performed at the Theatre-Royal, Covent-Garden. By John O'Keeffe, Esq.","Lie of a day: a comedy, in three acts. As performed at the Theatre-Royal, Covent-Garden. By John O'Keeffe, Esq"
K048137.000,ECCO,K048137.000.P4.xml,"The dead alive: a comic opera: In two acts. As it is performed at the theatres in London and Dublin. By John O'Keeffe, Esq.","","O'Keeffe, John, 1747-1833.",1783,1783.,"sold by the booksellers,","Dublin :sold by the booksellers,1783.",Dublin :,"Reproduction of original from the British Library.; English Short Title Catalog, ESTC T53511.; Electronic data. Farmington Hills, Mich. : Thomson Gale, 2003. Page image (PNG). Digitized image of the microfilm version produced in Woodbridge, CT by Research Publications, 1982-2002 (later known as Primary Source Microfilm, an imprint of the Gale Group).",T53511,"","","",CW3310152297,CW110152297,The dead alive:,The dead alive
K048139.000,ECCO,K048139.000.P4.xml,"Wild oats: or, the strolling gentlemen. A comedy, in five acts, as performed at the Theatre Royal, Covent-Garden. By John O'Keefe, Esq.","","O'Keeffe, John, 1747-1833.",1791,1791.,"printed for the booksellers,","Dublin :printed for the booksellers,1791.",Dublin :,"Reproduction of original from the British Library.; English Short Title Catalog, ESTC T53513.; Electronic data. Farmington Hills, Mich. : Thomson Gale, 2003. Page image (PNG). Digitized image of the microfilm version produced in Woodbridge, CT by Research Publications, 1982-2002 (later known as Primary Source Microfilm, an imprint of the Gale Group).",T53513,"","","",CW3309748624,CW109748624,Wild oats:,Wild oats
K048216.000,ECCO,K048216.000.P4.xml,"A day in Turkey: or, the Russian slaves. A comedy, as acted at the Theatre Royal, in Covent Garden. By Mrs. Cowley.","","Cowley, Mrs. (Hannah), 1743-1809.",1792,1792.,"printed for G. G. J. and J. Robinson,","London :printed for G. G. J. and J. Robinson,1792.",London :,"With a final leaf containing ""Instructions for the sopha"" and advertisements.; Reproduction of original from the British Library.; English Short Title Catalog, ESTC T53650.; Electronic data. Farmington Hills, Mich. : Thomson Gale, 2003. Page image (PNG). Digitized image of the microfilm version produced in Woodbridge, CT by Research Publications, 1982-2002 (later known as Primary Source Microfilm, an imprint of the Gale Group).",T53650,"","","",CW3310152459,CW110152459,A day in Turkey;,A day in Turkey
K048220.000,ECCO,K048220.000.P4.xml,"The little hunch-back: or, a frolic in Bagdad. A farce. In two acts. As it is performed at the Theatre Royal, Covent-Garden, with universal applause. Written by John O'Keeffe. ...","","O'Keeffe, John, 1747-1833.",1789,1789.,"printed for J. Debrett,","London :printed for J. Debrett,1789.",London :,"Reproduction of original from the British Library.; English Short Title Catalog, ESTC T53654.; Electronic data. Farmington Hills, Mich. : Thomson Gale, 2003. Page image (PNG). Digitized image of the microfilm version produced in Woodbridge, CT by Research Publications, 1982-2002 (later known as Primary Source Microfilm, an imprint of the Gale Group).",T53654,"","","",CW3310068312,CW110068312,The little hunch-back;,The little hunch-back
K048221.000,ECCO,K048221.000.P4.xml,"Tony Lumpkin in town: a farce. As performed at the Theatre-Royal in the Hay-Market. By J. Keeffe, ...","","O'Keeffe, John, 1747-1833.",1780,1780.,"printed for T. Cadell,","London :printed for T. Cadell,1780.",London :,"With a half-title and a final leaf of advertisements.; Reproduction of original from the British Library.; English Short Title Catalog, ESTC T53655.; Electronic data. Farmington Hills, Mich. : Thomson Gale, 2003. Page image (PNG). Digitized image of the microfilm version produced in Woodbridge, CT by Research Publications, 1982-2002 (later known as Primary Source Microfilm, an imprint of the Gale Group).",T53655,"","","",CW3310068268,CW110068268,Tony Lumpkin in town:,Tony Lumpkin in town
K048222.000,ECCO,K048222.000.P4.xml,"The birth-day: or, the Prince of Arragon. A dramatick piece, with songs. In two acts. As performed at the Theatre-Royal, Hay-Market. Written by J. O'Keeffe.","","O'Keeffe, John, 1747-1833.",1783,1783.,"printed for T. Cadell,","London :printed for T. Cadell,1783.",London :,"With a half-title.; Reproduction of original from the British Library.; English Short Title Catalog, ESTC T53656.; Electronic data. Farmington Hills, Mich. : Thomson Gale, 2003. Page image (PNG). Digitized image of the microfilm version produced in Woodbridge, CT by Research Publications, 1982-2002 (later known as Primary Source Microfilm, an imprint of the Gale Group).",T53656,"","","",CW3309733447,CW109733447,The birth-Day;,The birth-Day
K048229.000,ECCO,K048229.000.P4.xml,"The waterman: or, the first of August: a ballad opera, in two acts. As it is performed at the Theatre-Royal, Hay-Market.","","Dibdin, Charles, 1745-1814.",1774,1774.,"printed for T. Becket,","London :printed for T. Becket,1774.",London :,"Anonymous. By Charles Dibdin.; In this issue, the only preliminary pages actually numbered are ""vi"" and ""vii"". The ""Dramatis personæ"" precedes ""To the public"" without linking catchwords in most copies.; Reproduction of original from the British Library.; English Short Title Catalog, ESTC T53663.; Electronic data. Farmington Hills, Mich. : Thomson Gale, 2003. Page image (PNG). Digitized image of the microfilm version produced in Woodbridge, CT by Research Publications, 1982-2002 (later known as Primary Source Microfilm, an imprint of the Gale Group).",T53663,"","","",CW3309973091,CW109973091,The waterman;,The waterman
K048291.000,ECCO,K048291.000.P4.xml,"The woodman: a comic opera, in three acts; as performed at the Theatre-Royal, Covent-Garden, with universal applause. By Mr. Bate Dudley.","","Dudley, H. Bate, Sir (Henry Bate), 1745-1824.",1791,1791.,"printed by T. Rickaby, for T. Cadell,","London :printed by T. Rickaby, for T. Cadell,1791.",London :,"With an additional titlepage, engraved.; Reproduction of original from the British Library.; English Short Title Catalog, ESTC T53732.; Electronic data. Farmington Hills, Mich. : Thomson Gale, 2003. Page image (PNG). Digitized image of the microfilm version produced in Woodbridge, CT by Research Publications, 1982-2002 (later known as Primary Source Microfilm, an imprint of the Gale Group).",T53732,"","","",CW3314860110,CW114860110,"The woodman,",The woodman
K048292.000,ECCO,K048292.000.P4.xml,The flitch of bacon; a comic opera: in two acts: as it is performed at the Theatre-Royal in the Hay-Market. By the Rev. Hen. Bate.,"","Dudley, H. Bate, Sir (Henry Bate), 1745-1824.",1779,1779.,"printed for T. Evans,","London :printed for T. Evans,1779.",London :,"With a half-title and a final advertisement leaf.; The publisher's address is misspelled ""Stradn""; variant: publisher's address corrected to read ""Strand"".; Reproduction of original from the British Library.; English Short Title Catalog, ESTC T53733.; Electronic data. Farmington Hills, Mich. : Thomson Gale, 2003. Page image (PNG). Digitized image of the microfilm version produced in Woodbridge, CT by Research Publications, 1982-2002 (later known as Primary Source Microfilm, an imprint of the Gale Group).",T53733,"","","",CW3315950570,CW115950570,The flitch of bacon;,The flitch of bacon
K048293.000,ECCO,K048293.000.P4.xml,The rival candidates: a comic opera in two acts; as it is now performing at the Theatre Royal in Drury-Lane. By the Rev. Henry Bate.,"","Dudley, H. Bate, Sir (Henry Bate), 1745-1824.",1775,1775.,"printed: sold by T. Becket; and by W. Griffin,","London :printed: sold by T. Becket; and by W. Griffin,1775.",London :,"With a half-title.; Reproduction of original from the British Library.; English Short Title Catalog, ESTC T53734.; Electronic data. Farmington Hills, Mich. : Thomson Gale, 2003. Page image (PNG). Digitized image of the microfilm version produced in Woodbridge, CT by Research Publications, 1982-2002 (later known as Primary Source Microfilm, an imprint of the Gale Group).",T53734,"","","",CW3315017346,CW115017346,The rival candidates:,The rival candidates
K048296.000,ECCO,K048296.000.P4.xml,"Life's vagaries, a comedy: in five acts. As performed at the Theatre-Royal, Covent-Garden. Written by John O'Keffe, ...","","O'Keeffe, John, 1747-1833.",1795,1795.,"printed by G. Woodfall, for T.N. Longman,","London :printed by G. Woodfall, for T.N. Longman,1795.",London :,"Reproduction of original from the British Library.; English Short Title Catalog, ESTC T53737.; Electronic data. Farmington Hills, Mich. : Thomson Gale, 2003. Page image (PNG). Digitized image of the microfilm version produced in Woodbridge, CT by Research Publications, 1982-2002 (later known as Primary Source Microfilm, an imprint of the Gale Group).",T53737,"","","",CW3312642521,CW112642521,"Life's vagaries, a comedy,","Life's vagaries, a comedy"
K048297.000,ECCO,K048297.000.P4.xml,"The prisoner at large: a comedy. In two acts. As performed at the Theatre Royal in the Hay-Market, with universal applause. Written by John O'Keeffe, ...","","O'Keeffe, John, 1747-1833.",1788,1788.,"printed for G. G. J and J. Robinson,","London :printed for G. G. J and J. Robinson,1788.",London :,"Reproduction of original from the British Library.; English Short Title Catalog, ESTC T53738.; Electronic data. Farmington Hills, Mich. : Thomson Gale, 2003. Page image (PNG). Digitized image of the microfilm version produced in Woodbridge, CT by Research Publications, 1982-2002 (later known as Primary Source Microfilm, an imprint of the Gale Group).",T53738,"","","",CW3314233288,CW114233288,The prisoner at large:,The prisoner at large
K048303.000,ECCO,K048303.000.P4.xml,"Midas: an English burletta. As it is performed, at the Theatre-Royal, in Covent-Garden.","","O'Hara, Kane, 1714?-1782.",1764,1764.,"printed, for G. Kearsly, W. Griffin, J. Coote, T. Lownds, and W. Nicoll,","London :printed, for G. Kearsly, W. Griffin, J. Coote, T. Lownds, and W. Nicoll,1764.",London :,"Anonymous. By Kane O'Hara.; With a half-title bearing the price.; Reproduction of original from the British Library.; English Short Title Catalog, ESTC T53744.; Electronic data. Farmington Hills, Mich. : Thomson Gale, 2003. Page image (PNG). Digitized image of the microfilm version produced in Woodbridge, CT by Research Publications, 1982-2002 (later known as Primary Source Microfilm, an imprint of the Gale Group).",T53744,"","","",CW3314233131,CW114233131,Midas;,Midas
K048829.000,ECCO,K048829.000.P4.xml,"Annette and Lubin: a comic opera, in one act. As it is performed at the Theatre-Royal in Covent Garden:","","Dibdin, Charles, 1745-1814.",1778,1778.,"printed for G. Kearsly,","London :printed for G. Kearsly,1778.",London :,"The advertisement signed: C. Dibdin.; Based on 'Annette et Lubin' by M.J.B. Favart and C.H. Fusée de Voisenon.; With a half-title.; Reproduction of original from the British Library.; English Short Title Catalog, ESTC T54523.; Electronic data. Farmington Hills, Mich. : Thomson Gale, 2003. Page image (PNG). Digitized image of the microfilm version produced in Woodbridge, CT by Research Publications, 1982-2002 (later known as Primary Source Microfilm, an imprint of the Gale Group).",T54523,"","","",CW3310152553,CW110152553,Annette and Lubin:,Annette and Lubin
K048831.000,ECCO,K048831.000.P4.xml,"Albina, Countess Raimond: a tragedy, by Mrs. Cowley: as it is performed at the Theatre-Royal in the Hay-Market.","","Cowley, Mrs. (Hannah), 1743-1809.",1779,1779.,"printed by T. Spilsbury; for J. Dodsley; R. Faulder; L. Davis; T. Becket [and 7 others in London],","London :printed by T. Spilsbury; for J. Dodsley; R. Faulder; L. Davis; T. Becket [and 7 others in London],1779.",London :,"Reproduction of original from the British Library.; English Short Title Catalog, ESTC T54527.; Electronic data. Farmington Hills, Mich. : Thomson Gale, 2003. Page image (PNG). Digitized image of the microfilm version produced in Woodbridge, CT by Research Publications, 1982-2002 (later known as Primary Source Microfilm, an imprint of the Gale Group).",T54527,"","","",CW3316282400,CW116282400,"Albina,",Albina
K049013.000,ECCO,K049013.000.P4.xml,"Joanna of Montfaucon: a dramatic romance of the fourteenth century: as performed at the Theatre-Royal, Covent-Garden. Formed upon the plan of the German drama of Kotzebue: and adapted to the English stage by Richard Cumberland.","","Cumberland, Richard, 1732-1811.",1800,1800.,"printed by Luke Hansard, for Lackington, Allen, & Co.,","London :printed by Luke Hansard, for Lackington, Allen, & Co.,1800.",London :,"Based on Kotzebue's 'Johanna von Montfaucon'.; Reproduction of original from the British Library.; English Short Title Catalog, ESTC T54929.; Electronic data. Farmington Hills, Mich. : Thomson Gale, 2003. Page image (PNG). Digitized image of the microfilm version produced in Woodbridge, CT by Research Publications, 1982-2002 (later known as Primary Source Microfilm, an imprint of the Gale Group).",T54929,"","","",CW3314157741,CW114157741,Joanna of Montfaucon;,Joanna of Montfaucon
K049027.000,ECCO,K049027.000.P4.xml,"The haunted tower: a comic opera in three acts. As performed at the Theatre-Royal, Drury-Lane. Written by Mr. Cobb.","","Cobb, James, 1756-1818.",1790,[1790?],"printed for P. Burne; and J. Jones,","Dublin :printed for P. Burne; and J. Jones,[1790?]",Dublin :,"Turned chain lines.; Reproduction of original from the British Library.; English Short Title Catalog, ESTC T54947.; Electronic data. Farmington Hills, Mich. : Thomson Gale, 2003. Page image (PNG). Digitized image of the microfilm version produced in Woodbridge, CT by Research Publications, 1982-2002 (later known as Primary Source Microfilm, an imprint of the Gale Group).",T54947,"","","",CW3311060644,CW111060644,"The haunted tower,",The haunted tower
K049452.000,ECCO,K049452.000.P4.xml,"Try again: a farce, in two acts. As performed at the Theatre Royal in the Hay-Market.","","Holcroft, Thomas, 1745-1809.",1790,1790.,"printed for G.G.J. and J. Robinson,","London :printed for G.G.J. and J. Robinson,1790.",London :,"Anonymous. By Thomas Holcroft.; Stated in the Advertisement to be based on 'Les précautions inutiles' in E. Gherardi's 'Theâtre italien', but in fact based on N. de Fatouville's 'La précaution inutile'.; Reproduction of original from the British Library.; English Short Title Catalog, ESTC T55504.; Electronic data. Farmington Hills, Mich. : Thomson Gale, 2003. Page image (PNG). Digitized image of the microfilm version produced in Woodbridge, CT by Research Publications, 1982-2002 (later known as Primary Source Microfilm, an imprint of the Gale Group).",T55504,"","","",CW3313590360,CW113590360,Try again:,Try again
K049483.000,ECCO,K049483.000.P4.xml,"Ulysses: a tragedy. As it is acted at the Queen's Theatre in the Hay-Market. By Her Majesty's sworn servants. Written by N. Rowe, Esq;.","","Rowe, Nicholas, 1674-1718.",1706,1706.,"printed for Jacob Tonson,","London :printed for Jacob Tonson,1706.",London :,"With a half-title.; Variant:""Ulysses:"" on the titlepage reads ""Ulysses."" in some copies.; Reproduction of original from the British Library.; English Short Title Catalog, ESTC T55545.; Electronic data. Farmington Hills, Mich. : Thomson Gale, 2003. Page image (PNG). Digitized image of the microfilm version produced in Woodbridge, CT by Research Publications, 1982-2002 (later known as Primary Source Microfilm, an imprint of the Gale Group).",T55545,"","","",CW3313307330,CW113307330,Ulysses:,Ulysses
K049485.000,ECCO,K049485.000.P4.xml,"The ambitious step-mother: A tragedy. As 'twas acted at the New Theatre in Little-Lincolns-Inn-Fields. By His Majesty's servants. By N. Rowe, Esq;.","","Rowe, Nicholas, 1674-1718.",1701,1701.,"printed for Peter Buck,","London :printed for Peter Buck,1701.",London :,"Reproduction of original from the British Library.; English Short Title Catalog, ESTC T55547.; Electronic data. Farmington Hills, Mich. : Thomson Gale, 2003. Page image (PNG). Digitized image of the microfilm version produced in Woodbridge, CT by Research Publications, 1982-2002 (later known as Primary Source Microfilm, an imprint of the Gale Group).",T55547,"","","",CW3316499846,CW116499846,The ambitious step-mother.,The ambitious step-mother
K049942.000,ECCO,K049942.000.P4.xml,"Tamerlane. A tragedy: As it is acted at the New Theater in Little Lincolns-Inn-Fields. By Her Majesty's servants. Written by N. Rowe, Esq;.","","Rowe, Nicholas, 1674-1718.",1703,1703.,"printed for Jacob Tonson: and sold by William Davis,","London :printed for Jacob Tonson: and sold by William Davis,1703.",London :,"With a half-title.; Reproduction of original from the British Library.; English Short Title Catalog, ESTC T56247.; Electronic data. Farmington Hills, Mich. : Thomson Gale, 2003. Page image (PNG). Digitized image of the microfilm version produced in Woodbridge, CT by Research Publications, 1982-2002 (later known as Primary Source Microfilm, an imprint of the Gale Group).",T56247,"","","",CW3316485379,CW116485379,Tamerlane.,Tamerlane
K050119.000,ECCO,K050119.000.P4.xml,"The way to get married: a comedy, in five acts, as performed at the Theatre-Royal, Covent-Garden. By Thomas Morton, ...","","Morton, Thomas, 1764-1838.",1796,1796.,"printed for T. N. Longman,","London :printed for T. N. Longman,1796.",London :,"Press figure 9 on p.77; variant has press figure 8.; Reproduction of original from the British Library.; English Short Title Catalog, ESTC T56640.; Electronic data. Farmington Hills, Mich. : Thomson Gale, 2003. Page image (PNG). Digitized image of the microfilm version produced in Woodbridge, CT by Research Publications, 1982-2002 (later known as Primary Source Microfilm, an imprint of the Gale Group).",T56640,"","","",CW3310073231,CW110073231,The way to get married;,The way to get married
K050122.000,ECCO,K050122.000.P4.xml,"Zorinski: a play, in three acts: as performed at the Theatre Royal, Hay-Market. By Thomas Morton, ...","","Morton, Thomas, 1764-1838.",1795,1795.,"printed by G. Woodfall, for T. N. Longman,","London :printed by G. Woodfall, for T. N. Longman,1795.",London :,"With a final advertisement leaf.; Reproduction of original from the British Library.; English Short Title Catalog, ESTC T56643.; Electronic data. Farmington Hills, Mich. : Thomson Gale, 2003. Page image (PNG). Digitized image of the microfilm version produced in Woodbridge, CT by Research Publications, 1982-2002 (later known as Primary Source Microfilm, an imprint of the Gale Group).",T56643,"","","",CW3310070692,CW110070692,Zorinski:,Zorinski
K050218.000,ECCO,K050218.000.P4.xml,"The farce of the Modern antiques, or the merry mourners. In two acts. As performed at the Theatre-Royal, Smoke-Alley:",Modern antiques,"O'Keeffe, John, 1747-1833.",1792,1792.,"M,DCC,XCII. Printed for the booksellers,","[Dublin] :M,DCC,XCII. Printed for the booksellers,1792.",[Dublin] :,"Anonymous. By J. O'Keeffe.- In: 'A volume of farces' [Dublin], 1792.; Reproduction of original from the British Library.; English Short Title Catalog, ESTC T56758.; Electronic data. Farmington Hills, Mich. : Thomson Gale, 2003. Page image (PNG). Digitized image of the microfilm version produced in Woodbridge, CT by Research Publications, 1982-2002 (later known as Primary Source Microfilm, an imprint of the Gale Group).",T56758,"","","",CW3310242768,CW110242768,"The farce of the Modern antiques,",The farce of the Modern antiques
K050370.000,ECCO,K050370.000.P4.xml,"The spoil'd child: in two acts. As performed at the Theatre-Royal, Smoke-Alley.","","Bickerstaff, Isaac, 1735-1812.",1792,1792.,"printed for the booksellers,","Dublin :printed for the booksellers,1792.",Dublin :,"Attributed to Isaac Bickerstaffe.; Reproduction of original from the British Library.; English Short Title Catalog, ESTC T57003.; Electronic data. Farmington Hills, Mich. : Thomson Gale, 2003. Page image (PNG). Digitized image of the microfilm version produced in Woodbridge, CT by Research Publications, 1982-2002 (later known as Primary Source Microfilm, an imprint of the Gale Group).",T57003,"","","",CW3309503804,CW109503804,The spoil'd child;,The spoil'd child
K050373.000,ECCO,K050373.000.P4.xml,"The magic picture, a play: Altered from Massinger. By the Rev. H. Bate.","","Dudley, H. Bate, Sir (Henry Bate), 1745-1824.",1783,1783.,"printed for T. and J. Egerton; T. Davies; Kearsley; E. Macklew; and R. Baldwin,","London :printed for T. and J. Egerton; T. Davies; Kearsley; E. Macklew; and R. Baldwin,1783.",London :,"Altered from 'The picture'.; P.95 misnumbered 94.; ""Altered from Massinger."" is within square brackets on the titlepage.; Reproduction of original from the British Library.; English Short Title Catalog, ESTC T57007.; Electronic data. Farmington Hills, Mich. : Thomson Gale, 2003. Page image (PNG). Digitized image of the microfilm version produced in Woodbridge, CT by Research Publications, 1982-2002 (later known as Primary Source Microfilm, an imprint of the Gale Group).",T57007,"","","",CW3316990966,CW116990966,"The magic picture,",The magic picture
K050375.000,ECCO,K050375.000.P4.xml,"Animal magnetism, a farce: in three acts, as performed at the Theatre Royal, Covent-garden,.","","Inchbald, Mrs., 1753-1821.",1789,[1789?],"printed for P. Byron,","Dublin :printed for P. Byron,[1789?]",Dublin :,"Anonymous. By Elizabeth Inchbald.; Reproduction of original from the British Library.; English Short Title Catalog, ESTC T57009.; Electronic data. Farmington Hills, Mich. : Thomson Gale, 2003. Page image (PNG). Digitized image of the microfilm version produced in Woodbridge, CT by Research Publications, 1982-2002 (later known as Primary Source Microfilm, an imprint of the Gale Group).",T57009,"","","",CW3310067868,CW110067868,"Animal magnetism,",Animal magnetism
K050786.000,ECCO,K050786.000.P4.xml,The Briton: A tragedy. As it is acted at the Theatre-Royal in Drury-Lane by His Majesty's servants. By Mr. Philips.,"","Philips, Ambrose, 1674-1749.",1722,1722.,"printed for B. Lintot,","London :printed for B. Lintot,1722.",London :,"With a half-title.; Reproduction of original from the British Library.; English Short Title Catalog, ESTC T57685.; Electronic data. Farmington Hills, Mich. : Thomson Gale, 2003. Page image (PNG). Digitized image of the microfilm version produced in Woodbridge, CT by Research Publications, 1982-2002 (later known as Primary Source Microfilm, an imprint of the Gale Group).",T57685,"","","",CW3309502314,CW109502314,The briton.,The briton
K051001.000,ECCO,K051001.000.P4.xml,"The dragon of Wantley: A burlesque opera. The musick by Mr. John Frederick Lampe, and performed at the Theatre-Royal in Covent-Garden. Moderniz'd from the old ballad after the Italian manner, by Sig. Carini.","","Carey, Henry, 1687?-1743.",1737,1737.,"printed for J. Shuckburgh,","London :printed for J. Shuckburgh,1737.",London :,"Sig. Carini = Henry Carey.; The text only.; With a half-title.; Reproduction of original from the British Library.; English Short Title Catalog, ESTC T57982.; Electronic data. Farmington Hills, Mich. : Thomson Gale, 2003. Page image (PNG). Digitized image of the microfilm version produced in Woodbridge, CT by Research Publications, 1982-2002 (later known as Primary Source Microfilm, an imprint of the Gale Group).",T57982,"","","",CW3311547950,CW111547950,The dragon of Wantley.,The dragon of Wantley
K051003.000,ECCO,K051003.000.P4.xml,"Margery: or, a worse plague than the dragon: a burlesque opera. As it is perform'd at the Theatre-Royal in Covent-Garden. Altered from the original Italian of Signor Carini. Set to musick by Mr. John-Frederick Lampe.","","Carey, Henry, 1687?-1743.",1738,1738.,"printed for J. Shuckburgh,","London :printed for J. Shuckburgh,1738.",London :,"With a half-title.; Signor Carini = Henry Carey.; The text only.; A sequel to Carey's 'The dragon of Wantley'.; Reproduction of original from the British Library.; English Short Title Catalog, ESTC T57984.; Electronic data. Farmington Hills, Mich. : Thomson Gale, 2003. Page image (PNG). Digitized image of the microfilm version produced in Woodbridge, CT by Research Publications, 1982-2002 (later known as Primary Source Microfilm, an imprint of the Gale Group).",T57984,"","","",CW3309713285,CW109713285,Margery;,Margery
K051011.000,ECCO,K051011.000.P4.xml,"The tragedy of Chrononhotonthologos: being the most tragical tragedy, that ever was tragediz'd by any company of tragedians. Written by Benjamin Bounce, Esq;.",Chrononhotonthologos,"Carey, Henry, 1687?-1743.",1734,[1734],"printed for J. Shuckburgh, and L. Gilliver, J. Jackson; and sold by A. Dodd, and E. Nutt,","London :printed for J. Shuckburgh, and L. Gilliver, J. Jackson; and sold by A. Dodd, and E. Nutt,[1734]",London :,"Benjamin Bounce = Henry Carey.; With a final leaf of epilogue.; Reproduction of original from the British Library.; English Short Title Catalog, ESTC T57992.; Electronic data. Farmington Hills, Mich. : Thomson Gale, 2003. Page image (PNG). Digitized image of the microfilm version produced in Woodbridge, CT by Research Publications, 1982-2002 (later known as Primary Source Microfilm, an imprint of the Gale Group).",T57992,"","","",CW3315811076,CW115811076,The tragedy of Chrononhotonthologos:,The tragedy of Chrononhotonthologos
K051111.000,ECCO,K051111.000.P4.xml,"The fair Circassian. A tragedy: As performed at the Theatre-Royal, Drury-Lane, by the author of Sympathy, a poem.","","Pratt, Mr. (Samuel Jackson), 1749-1814.",1781,1781.,"printed for R. Baldwin,","London :printed for R. Baldwin,1781.",London :,"Anonymous. By Samuel J. Pratt.; Based on J. Hawkesworth's 'Almoran and Hamet'.; With a half-title and a final epilogue leaf.; Reproduction of original from the British Library.; English Short Title Catalog, ESTC T58099.; Electronic data. Farmington Hills, Mich. : Thomson Gale, 2003. Page image (PNG). Digitized image of the microfilm version produced in Woodbridge, CT by Research Publications, 1982-2002 (later known as Primary Source Microfilm, an imprint of the Gale Group).",T58099,"","","",CW3306677881,CW106677881,The fair Circassian.,The fair Circassian
K051765.000,ECCO,K051765.000.P4.xml,"The double disappointment: or, the fortune hunters. A comedy in two acts written by a gentleman.","","Mendez, Moses, d. 1758.",1755,1755.,"Printed in the year,","[London] :Printed in the year,1755.",[London] :,"A gentleman = Moses Mendez.; Reproduction of original from the British Library.; English Short Title Catalog, ESTC T59166.; Electronic data. Farmington Hills, Mich. : Thomson Gale, 2003. Page image (PNG). Digitized image of the microfilm version produced in Woodbridge, CT by Research Publications, 1982-2002 (later known as Primary Source Microfilm, an imprint of the Gale Group).",T59166,"","","",CW3309504011,CW109504011,The double disappointment:,The double disappointment
K051776.000,ECCO,K051776.000.P4.xml,"April-day, a burletta, in three acts. Written by the author of Midas. As it is performed at the Theatre Royal in the Hay-Market. The music composed by Dr. Arnold:","","O'Hara, Kane, 1714?-1782.",1777,1777.,"printed for G. Kearsly,","London :printed for G. Kearsly,1777.",London :,"The author of 'Midas' = Kane O'Hara.; With a half-title.; Reproduction of original from the British Library.; English Short Title Catalog, ESTC T59183.; Electronic data. Farmington Hills, Mich. : Thomson Gale, 2003. Page image (PNG). Digitized image of the microfilm version produced in Woodbridge, CT by Research Publications, 1982-2002 (later known as Primary Source Microfilm, an imprint of the Gale Group).",T59183,"","","",CW3306677547,CW106677547,"April-Day,",April-Day
K051781.000,ECCO,K051781.000.P4.xml,"The duenna: a comic opera. In three acts. As performed at the Theatre Royal, Covent Garden: with universal applause. By R. B. Sheridan, Esq:","","Sheridan, Richard Brinsley, 1751-1816.",1794,1794.,"Messrs. G. Burnet, P. Wogan, P. Byrne, W. Jones, and J. Milliken,","Dublin :Messrs. G. Burnet, P. Wogan, P. Byrne, W. Jones, and J. Milliken,1794.",Dublin :,"With a half-title.; Reproduction of original from the British Library.; English Short Title Catalog, ESTC T59192.; Electronic data. Farmington Hills, Mich. : Thomson Gale, 2003. Page image (PNG). Digitized image of the microfilm version produced in Woodbridge, CT by Research Publications, 1982-2002 (later known as Primary Source Microfilm, an imprint of the Gale Group).",T59192,"","","",CW3311060758,CW111060758,The duenna:,The duenna
K052119.000,ECCO,K052119.000.P4.xml,"The she gallant: or, square-toes outwitted: A new comedy of two acts. As now performing, with great applause, at the Theatre in Smock-Alley, Dublin.","","O'Keeffe, John, 1747-1833.",1767,1767.,"printed for T. Lowndes, and J. Williams,","London :printed for T. Lowndes, and J. Williams,1767.",London :,"Anonymous. By John O'Keeffe.; Reproduction of original from the British Library.; English Short Title Catalog, ESTC T59600.; Electronic data. Farmington Hills, Mich. : Thomson Gale, 2003. Page image (PNG). Digitized image of the microfilm version produced in Woodbridge, CT by Research Publications, 1982-2002 (later known as Primary Source Microfilm, an imprint of the Gale Group).",T59600,"","","",CW3310071658,CW110071658,The she gallant:,The she gallant
K053723.000,ECCO,K053723.000.P4.xml,"Richard Coeur de Lion: A comic opera, as performed at the Theatre Royal Covent Garden. Taken from a French comedy of the same name, written by Monsieur Sedaine; by Leonard Macnally, Esq.","","MacNally, Leonard, 1752-1820.; Sedaine, 1719-1797.",1786,1786.,"printed for T. Cadell,","London :printed for T. Cadell,1786.",London :,"In part a translation of 'Richard Coeur de Lion' by Michel Jean Sedaine.; The text and register are continuous.; With a half-title.; Reproduction of original from the British Library.; English Short Title Catalog, ESTC T61846.; Electronic data. Farmington Hills, Mich. : Thomson Gale, 2003. Page image (PNG). Digitized image of the microfilm version produced in Woodbridge, CT by Research Publications, 1982-2002 (later known as Primary Source Microfilm, an imprint of the Gale Group).",T61846,"","","",CW3309733885,CW109733885,Richard Coeur de Lion.,Richard Coeur de Lion
K055107.000,ECCO,K055107.000.P4.xml,Doctor Last in his chariot: a comedy: as it is performed at the Theatre Royal in the Hay-Market.,"","Bickerstaff, Isaac, 1735-1812.",1769,1769.,"printed for W. Griffin,","London :printed for W. Griffin,1769.",London :,"An adaptation of Molière's 'Le malade imaginaire' by Isaac Bickerstaffe.; Act 1, scene 12 was written by Samuel Foote.; Variant: the date in the imprint is misprinted MDCCXVIX.; Reproduction of original from the British Library.; English Short Title Catalog, ESTC T63743.; Electronic data. Farmington Hills, Mich. : Thomson Gale, 2003. Page image (PNG). Digitized image of the microfilm version produced in Woodbridge, CT by Research Publications, 1982-2002 (later known as Primary Source Microfilm, an imprint of the Gale Group).",T63743,"","","",CW3310148609,CW110148609,Doctor Last in his chariot:,Doctor Last in his chariot
K055580.000,ECCO,K055580.000.P4.xml,The captive: a comic opera; as it is perform'd at the Theatre-Royal in the Hay-Market.,"","Bickerstaff, Isaac, 1735-1812.",1769,1769.,"printed for W. Griffin,","London :printed for W. Griffin,1769.",London :,"Anonymous. By Isaac Bickerstaffe.; Based on scenes from Dryden's 'Don Sebastian'.; With a half-title.; Reproduction of original from the British Library.; English Short Title Catalog, ESTC T64438.; Electronic data. Farmington Hills, Mich. : Thomson Gale, 2003. Page image (PNG). Digitized image of the microfilm version produced in Woodbridge, CT by Research Publications, 1982-2002 (later known as Primary Source Microfilm, an imprint of the Gale Group).",T64438,"","","",CW3312252143,CW112252143,"The captive,",The captive
K056299.000,ECCO,K056299.000.P4.xml,The chaplet: A musical entertainment. As it is perform'd by His Majesty's company of comedians at the Theatre-Royal in Drury-Lane. The music compos'd by Dr. Boyce.,"","Mendez, Moses, d. 1758.",1753,1753.,"printed: and sold by M. Cooper, and J. Clark,","London :printed: and sold by M. Cooper, and J. Clark,1753.",London :,"Anonymous. By Moses Mendez.; Reproduction of original from the British Library.; English Short Title Catalog, ESTC T65459.; Electronic data. Farmington Hills, Mich. : Thomson Gale, 2003. Page image (PNG). Digitized image of the microfilm version produced in Woodbridge, CT by Research Publications, 1982-2002 (later known as Primary Source Microfilm, an imprint of the Gale Group).",T65459,"","","",CW3314475777,CW114475777,The chaplet.,The chaplet
K056360.000,ECCO,K056360.000.P4.xml,"The Earl of Warwick, a tragedy: as it is perform'd at the Theatre Royal in Drury-Lane.","","Francklin, Thomas, 1721-1784.; La Harpe, Jean-François de, 1739-1803.",1766,1766.,"printed for T. Davies; R. Baldwin; and W. Griffin,","London :printed for T. Davies; R. Baldwin; and W. Griffin,1766.",London :,"Altered from 'Le comte de Warwick' by Jean François de La Harpe by Thomas Francklin.; Reproduction of original from the British Library.; English Short Title Catalog, ESTC T65526.; Electronic data. Farmington Hills, Mich. : Thomson Gale, 2003. Page image (PNG). Digitized image of the microfilm version produced in Woodbridge, CT by Research Publications, 1982-2002 (later known as Primary Source Microfilm, an imprint of the Gale Group).",T65526,"","","",CW3310376085,CW110376085,"The earl of Warwick,",The earl of Warwick
K056709.000,ECCO,K056709.000.P4.xml,The shepherds lottery. A musical entertainment: As it is perform'd by His Majesty's Company of comedians at the Theatre-Royal in Drury-Lane. The music compos'd by Dr. Boyce.,"","Mendez, Moses, d. 1758.",1751,1751.,"printed: and sold by M. Cowper,","London :printed: and sold by M. Cowper,1751.",London :,"The libretto only, by Moses Mendez.; Reproduction of original from the British Library.; English Short Title Catalog, ESTC T65975.; Electronic data. Farmington Hills, Mich. : Thomson Gale, 2003. Page image (PNG). Digitized image of the microfilm version produced in Woodbridge, CT by Research Publications, 1982-2002 (later known as Primary Source Microfilm, an imprint of the Gale Group).",T65975,"","","",CW3309732898,CW109732898,The shepherds lottery. A musical entertainment.,The shepherds lottery. A musical entertainment
K056731.000,ECCO,K056731.000.P4.xml,"The Highland reel: a comic opera. In three acts. As it is performed at the Theatres-Royal in London and Dublin. By John O'Keeffe, Esq.","","O'Keeffe, John, 1747-1833.",1790,1790.,"sold by the booksellers,","Dublin :sold by the booksellers,1790.",Dublin :,"Reproduction of original from the British Library.; English Short Title Catalog, ESTC T65998.; Electronic data. Farmington Hills, Mich. : Thomson Gale, 2003. Page image (PNG). Digitized image of the microfilm version produced in Woodbridge, CT by Research Publications, 1982-2002 (later known as Primary Source Microfilm, an imprint of the Gale Group).",T65998,"","","",CW3313574818,CW113574818,"The highland reel,",The highland reel
K056734.000,ECCO,K056734.000.P4.xml,"The poor soldier: a comic opera. In two acts. With all the original songs. Written by John O'Keefe, Esq; ... As acted at the Theatre-Royal, Covent Garden.","","O'Keeffe, John, 1747-1833.",1784,1784.,"printed by M. Doyle,","Dublin :printed by M. Doyle,1784.",Dublin :,"With a half-title.; Reproduction of original from the British Library.; English Short Title Catalog, ESTC T66001.; Electronic data. Farmington Hills, Mich. : Thomson Gale, 2003. Page image (PNG). Digitized image of the microfilm version produced in Woodbridge, CT by Research Publications, 1982-2002 (later known as Primary Source Microfilm, an imprint of the Gale Group).",T66001,"","","",CW3311827649,CW111827649,"The poor soldier,",The poor soldier
K057422.000,ECCO,K057422.000.P4.xml,"Fashionable levities, a comedy: In five acts. By Leonard Macnally, Esq.","","MacNally, Leonard, 1752-1820.",1785,1785.,"printed for G. G. J. and J. Robinson,","London :printed for G. G. J. and J. Robinson,1785.",London :,"With a half-title and an epilogue.; Reproduction of original from the British Library.; English Short Title Catalog, ESTC T66837.; Electronic data. Farmington Hills, Mich. : Thomson Gale, 2003. Page image (PNG). Digitized image of the microfilm version produced in Woodbridge, CT by Research Publications, 1982-2002 (later known as Primary Source Microfilm, an imprint of the Gale Group).",T66837,"","","",CW3310072913,CW110072913,"Fashionable levities, a comedy.","Fashionable levities, a comedy"
K057720.000,ECCO,K057720.000.P4.xml,"A bold stroke for a husband: a comedy, as acted at the Theatre Royal, in Covent Garden. By Mrs. Cowley.","","Cowley, Mrs. (Hannah), 1743-1809.",1784,1784.,"printed by M. Scott, for T. Evans,","London :printed by M. Scott, for T. Evans,1784.",London :,"Horizontal chain-lines.; With a half-title.; Reproduction of original from the British Library.; English Short Title Catalog, ESTC T67189.; Electronic data. Farmington Hills, Mich. : Thomson Gale, 2003. Page image (PNG). Digitized image of the microfilm version produced in Woodbridge, CT by Research Publications, 1982-2002 (later known as Primary Source Microfilm, an imprint of the Gale Group).",T67189,"","","",CW3314852710,CW114852710,"A bold stroke for a husband,",A bold stroke for a husband
K057721.000,ECCO,K057721.000.P4.xml,"More ways than one: a comedy, as acted at the Theatre Royal in Covent Garden. By Mrs. Cowley.","","Cowley, Mrs. (Hannah), 1743-1809.",1784,1784.,"printed by J. Davies, for T. Evans,","London :printed by J. Davies, for T. Evans,1784.",London :,"With a half-title.; Reproduction of original from the British Library.; English Short Title Catalog, ESTC T67190.; Electronic data. Farmington Hills, Mich. : Thomson Gale, 2003. Page image (PNG). Digitized image of the microfilm version produced in Woodbridge, CT by Research Publications, 1982-2002 (later known as Primary Source Microfilm, an imprint of the Gale Group).",T67190,"","","",CW3313310689,CW113310689,"More ways than one,",More ways than one
K057725.000,ECCO,K057725.000.P4.xml,"Tristram Shandy: a sentimental, Shandean bagatelle, in two acts. By the author of Retaliation.","","MacNally, Leonard, 1752-1820.",1783,1783.,"printed for S. Bladon,","London :printed for S. Bladon,1783.",London :,"The dedication signed: Leonard Mac Nally.; Reproduction of original from the British Library.; English Short Title Catalog, ESTC T67195.; Electronic data. Farmington Hills, Mich. : Thomson Gale, 2003. Page image (PNG). Digitized image of the microfilm version produced in Woodbridge, CT by Research Publications, 1982-2002 (later known as Primary Source Microfilm, an imprint of the Gale Group).",T67195,"","","",CW3313806144,CW113806144,"Tristram Shandy,",Tristram Shandy
K057726.000,ECCO,K057726.000.P4.xml,"Robin Hood; or, Sherwood Forest: a comic opera: As it is performed at the Theatre-Royal, in Covent-Garden. By Leonard Mac Nally, Esq.","","MacNally, Leonard, 1752-1820.",1784,1784.,"printed by J. Almon,","London :printed by J. Almon,1784.",London :,"With a half-title.; Reproduction of original from the British Library.; English Short Title Catalog, ESTC T67196.; Electronic data. Farmington Hills, Mich. : Thomson Gale, 2003. Page image (PNG). Digitized image of the microfilm version produced in Woodbridge, CT by Research Publications, 1982-2002 (later known as Primary Source Microfilm, an imprint of the Gale Group).",T67196,"","","",CW3313310615,CW113310615,"Robin Hood; or, Sherwood Forest: a comic opera.","Robin Hood; or, Sherwood Forest: a comic opera"
K058226.000,ECCO,K058226.000.P4.xml,"Cupid's revenge: an Arcadian pastoral: As it is performed at the Theatre-Royal, Hay-Market. The music by Mr. Hook.","","Gentleman, Francis, 1728-1784.",1772,1772.,"printed for J. Bell,","London :printed for J. Bell,1772.",London :,"Anonymous. By Francis Gentleman.; With a half-title.; Reproduction of original from the British Library.; English Short Title Catalog, ESTC T67996.; Electronic data. Farmington Hills, Mich. : Thomson Gale, 2003. Page image (PNG). Digitized image of the microfilm version produced in Woodbridge, CT by Research Publications, 1982-2002 (later known as Primary Source Microfilm, an imprint of the Gale Group).",T67996,"","","",CW3313952997,CW113952997,Cupid's revenge: an Arcadian pastoral.,Cupid's revenge: an Arcadian pastoral
K058227.000,ECCO,K058227.000.P4.xml,The macaroni. A comedy: As it is performed at the Theatre-Royal in York.,"","Hitchcock, Robert, d. 1809.",1773,M.DCC.LXXIII. [1773],"printed by A. Ward, in Coney-street,","York :printed by A. Ward, in Coney-street,M.DCC.LXXIII. [1773]",York :,"Anonymous. By Robert Hitchcock.; With a list of subscribers.; With a half-title.; Reproduction of original from the British Library.; English Short Title Catalog, ESTC T67997.; Electronic data. Farmington Hills, Mich. : Thomson Gale, 2003. Page image (PNG). Digitized image of the microfilm version produced in Woodbridge, CT by Research Publications, 1982-2002 (later known as Primary Source Microfilm, an imprint of the Gale Group).",T67997,"","","",CW3311727257,CW111727257,The macaroni. A comedy.,The macaroni. A comedy
K058248.000,ECCO,K058248.000.P4.xml,"The court of Alexander: An opera, in two acts. As it is performed at the Theatre Royal in Covent-Garden.","","Stevens, George Alexander, 1710-1784.",1770,[1770],"printed for T. Waller,","London :printed for T. Waller,[1770]",London :,"Anonymous. By George A. Stevens.; A burlesque of Nathaniel Lee's 'The rival queens'.; With a half-title.; Reproduction of original from the British Library.; English Short Title Catalog, ESTC T68023.; Electronic data. Farmington Hills, Mich. : Thomson Gale, 2003. Page image (PNG). Digitized image of the microfilm version produced in Woodbridge, CT by Research Publications, 1982-2002 (later known as Primary Source Microfilm, an imprint of the Gale Group).",T68023,"","","",CW3313589448,CW113589448,The court of Alexander.,The court of Alexander
K058249.000,ECCO,K058249.000.P4.xml,"The French flogged, or, the British sailors in America, a farce of two acts, as it was performed at the Theatre Royal, Covent-Garden:","","Stevens, George Alexander, 1710-1784.",1767,1767.,"printed for J. Williams,","London :printed for J. Williams,1767.",London :,"Anonymous. By George A. Stevens.; A variant has ""flogg'd"" instead of ""flogged"" in the title.; Reproduction of original from the British Library.; Sabin, 25884; English Short Title Catalog, ESTC T68024.; Electronic data. Farmington Hills, Mich. : Thomson Gale, 2003. Page image (PNG). Digitized image of the microfilm version produced in Woodbridge, CT by Research Publications, 1982-2002 (later known as Primary Source Microfilm, an imprint of the Gale Group).",T68024,"","","",CW3313905247,CW113905247,"The french flogged, or, the British sailors in America, a farce of two acts, as it was performed at the Theatre Royal, Covent-Garden.","The french flogged, or, the British sailors in America, a farce of two acts, as it was performed at the Theatre Royal, Covent-Garden"
K058981.000,ECCO,K058981.000.P4.xml,"The coquette; or, the mistakes of the heart: a comedy. As performed at the Theatres-Royal in York and Hull:","","Hitchcock, Robert, d. 1809.",1777,1777.,"printed by R. Cruttwell,","Bath :printed by R. Cruttwell,1777.",Bath :,"Anonymous. By Robert Hitchcock.; Based on Eliza Haywood's 'The history of Miss Betsy Thoughtless'.; With a half-title and a list of subscribers.; Reproduction of original from the British Library.; English Short Title Catalog, ESTC T69031.; Electronic data. Farmington Hills, Mich. : Thomson Gale, 2003. Page image (PNG). Digitized image of the microfilm version produced in Woodbridge, CT by Research Publications, 1982-2002 (later known as Primary Source Microfilm, an imprint of the Gale Group).",T69031,"","","",CW3313280939,CW113280939,"The coquette; or, the mistakes of the heart: a comedy. As performed at the Theatres-Royal in York and Hull.","The coquette; or, the mistakes of the heart: a comedy. As performed at the Theatres-Royal in York and Hull"
K058986.000,ECCO,K058986.000.P4.xml,"The desert island: a dramatic poem, in three acts. As it is acted at the Theatre-Royal in Drury-Lane.","","Murphy, Arthur, 1727-1805.; Metastasio, Pietro, 1698-1782.",1760,1760.,"printed for Paul Vaillant,","London :printed for Paul Vaillant,1760.",London :,"Adapted from Metastasio's 'L'isola disabitata' by Arthur Murphy.; Reproduction of original from the British Library.; English Short Title Catalog, ESTC T69038.; Electronic data. Farmington Hills, Mich. : Thomson Gale, 2003. Page image (PNG). Digitized image of the microfilm version produced in Woodbridge, CT by Research Publications, 1982-2002 (later known as Primary Source Microfilm, an imprint of the Gale Group).",T69038,"","","",CW3309733325,CW109733325,"The desert island,",The desert island
K059195.000,ECCO,K059195.000.P4.xml,"The modish wife, a comedy: performed with uninfluenced applause at the Theatre-Royal, Haymarket. To which is prefixed a summary view of the stage, as it has been, is, and ought to be. With biographical anecdotes of Messrs. Mossop, Dexter, Derrick, and the author, ...","","Gentleman, Francis, 1728-1784.",1775,[1775],"sold by T. Evans; and J. Bell,","London :sold by T. Evans; and J. Bell,[1775]",London :,"Anonymous. By Francis Gentleman.; The dedication is dated: Jan. 1775.; With a half-title.; Reproduction of original from the British Library.; English Short Title Catalog, ESTC T69418.; Electronic data. Farmington Hills, Mich. : Thomson Gale, 2003. Page image (PNG). Digitized image of the microfilm version produced in Woodbridge, CT by Research Publications, 1982-2002 (later known as Primary Source Microfilm, an imprint of the Gale Group).",T69418,"","","",CW3313780959,CW113780959,"The modish wife, a comedy,","The modish wife, a comedy"
K060679.000,ECCO,K060679.000.P4.xml,The fairy favour. A masque:,"","Hull, Thomas, 1728-1808.",1766,1766.,"printed by Joseph Cooper,","London :printed by Joseph Cooper,1766.",London :,"Anonymous. By Thomas Hull.; Verse.; Reproduction of original from the British Library.; English Short Title Catalog, ESTC T71570.; Electronic data. Farmington Hills, Mich. : Thomson Gale, 2003. Page image (PNG). Digitized image of the microfilm version produced in Woodbridge, CT by Research Publications, 1982-2002 (later known as Primary Source Microfilm, an imprint of the Gale Group).",T71570,"","","",CW3313751848,CW113751848,The fairy favour. A masque.,The fairy favour. A masque
K060857.000,ECCO,K060857.000.P4.xml,"The harlot's progress; or, the ridotto al'fresco: a grotesque pantomime entertainment. As it is perform'd by his Majesty's Company of comedians at the Theatre-Royal in Drury-Lane. Compos'd by Mr. Theophilus Cibber, ... The songs made (to old ballad tunes) by a friend.","","Cibber, Theophilus, 1703-1758.",1733,1733.,"printed for the benefit of Richard Cross the prompter; and sold at the theatre,","[London] :printed for the benefit of Richard Cross the prompter; and sold at the theatre,1733.",[London] :,"Reproduction of original from the British Library.; English Short Title Catalog, ESTC T71789.; Electronic data. Farmington Hills, Mich. : Thomson Gale, 2003. Page image (PNG). Digitized image of the microfilm version produced in Woodbridge, CT by Research Publications, 1982-2002 (later known as Primary Source Microfilm, an imprint of the Gale Group).",T71789,"","","",CW3310272572,CW110272572,"The harlot's progress; or, the ridotto al'fresco:","The harlot's progress; or, the ridotto al'fresco"
K061103.000,ECCO,K061103.000.P4.xml,"Every one has his fault: a comedy, in five acts, as it is performed at the Theatre Royal, Covent-Garden. By Mrs. Inchbald.","","Inchbald, Mrs., 1753-1821.",1793,1793.,"printed for G. G. J. and J. Robinson,","London :printed for G. G. J. and J. Robinson,1793.",London :,"Reproduction of original from the British Library.; English Short Title Catalog, ESTC T72067.; Electronic data. Farmington Hills, Mich. : Thomson Gale, 2003. Page image (PNG). Digitized image of the microfilm version produced in Woodbridge, CT by Research Publications, 1982-2002 (later known as Primary Source Microfilm, an imprint of the Gale Group).",T72067,"","","",CW3313540684,CW113540684,Every one has his fault:,Every one has his fault
K061112.000,ECCO,K061112.000.P4.xml,"The London hermit: or rambles in Dorsetshire, a comedy, in three acts, as performed with universal applause at the Theatre Royal, Haymarket, written by John O'Keeffe, ...","","O'Keeffe, John, 1747-1833.",1793,1793.,"printed for J. Debrett,","London :printed for J. Debrett,1793.",London :,"With a half-title.; Reproduction of original from the British Library.; English Short Title Catalog, ESTC T72077.; Electronic data. Farmington Hills, Mich. : Thomson Gale, 2003. Page image (PNG). Digitized image of the microfilm version produced in Woodbridge, CT by Research Publications, 1982-2002 (later known as Primary Source Microfilm, an imprint of the Gale Group).",T72077,"","","",CW3313540475,CW113540475,"The london hermit,",The london hermit
K061113.000,ECCO,K061113.000.P4.xml,"The Irish mimic: or blunders at Brighton: a musical entertainment in two acts. As performed at the Theatre-Royal, Covent-Garden. With universal applause. Written by John O'Keeffe.","","O'Keeffe, John, 1747-1833.",1795,1795.,"printed for T. N. Longman,","London :printed for T. N. Longman,1795.",London :,"Without the music.; Drop-head title on p.[1]: 'A lounge at Brighton'.; A variant has p. 54 misnumbered 45.; Reproduction of original from the British Library.; English Short Title Catalog, ESTC T72078.; Electronic data. Farmington Hills, Mich. : Thomson Gale, 2003. Page image (PNG). Digitized image of the microfilm version produced in Woodbridge, CT by Research Publications, 1982-2002 (later known as Primary Source Microfilm, an imprint of the Gale Group).",T72078,"","","",CW3310142444,CW110142444,The irish mimic;,The irish mimic
K061116.000,ECCO,K061116.000.P4.xml,"Patie and Peggy: or, the fair foundling. A Scotch ballad opera. As it is acted at the Theatre-Royal in Drury-Lane. By His Majesty's servants. With the musick prefix'd to each song.","","Cibber, Theophilus, 1703-1758.; Ramsay, Allan, 1686-1758.",1730,1730.,"printed for J. Watts,","London :printed for J. Watts,1730.",London :,"An adaptation of Allan Ramsay's 'The gentle shepherd'.; The adaptor's preface signed: T. C., i.e. Theophilus Cibber.; With an epilogue.; Reproduction of original from the Huntington Library.; English Short Title Catalog, ESTC T72081.; Electronic data. Farmington Hills, Mich. : Thomson Gale, 2003. Page image (PNG). Digitized image of the microfilm version produced in Woodbridge, CT by Research Publications, 1982-2002 (later known as Primary Source Microfilm, an imprint of the Gale Group).",T72081,"","","",CW3314902021,CW114902021,Patie and Peggy:,Patie and Peggy
K061403.000,ECCO,K061403.000.P4.xml,"The world in a village: a comedy, in five acts, as performed with universal applause at the Theatre Royal, Covent-Garden. Written by John O'Keefe, ...","","O'Keeffe, John, 1747-1833.",1793,[1793],"printed for J. Debrett,","London :printed for J. Debrett,[1793]",London :,"Reproduction of original from the British Library.; English Short Title Catalog, ESTC T72417.; Electronic data. Farmington Hills, Mich. : Thomson Gale, 2003. Page image (PNG). Digitized image of the microfilm version produced in Woodbridge, CT by Research Publications, 1982-2002 (later known as Primary Source Microfilm, an imprint of the Gale Group).",T72417,"","","",CW3311537874,CW111537874,The world in a village;,The world in a village
K063039.000,ECCO,K063039.000.P4.xml,"Henry and Emma, a new poetical interlude: altered from Prior's Nut brown maid, with additions and a new air and chorus, (the music by Dr. Arne.) As performed on ... April 13, 1774, at the Theatre-Royal in Covent-Garden ...","","Dudley, H. Bate, Sir (Henry Bate), 1745-1824.",1774,1774.,"sold by T. Davies,","London :sold by T. Davies,1774.",London :,"An alteration by Henry Bate Dudley.; Reproduction of original from the British Library.; English Short Title Catalog, ESTC T75035.; Electronic data. Farmington Hills, Mich. : Thomson Gale, 2003. Page image (PNG). Digitized image of the microfilm version produced in Woodbridge, CT by Research Publications, 1982-2002 (later known as Primary Source Microfilm, an imprint of the Gale Group).",T75035,"","","",CW3309733763,CW109733763,"Henry and Emma, a new poetical interlude,","Henry and Emma, a new poetical interlude"
K063043.000,ECCO,K063043.000.P4.xml,"The maid of Kent. A comedy: acted at the Theatre-Royal, in Drury-Lane:","","Waldron, F. G. (Francis Godolphin), 1744-1818.",1778,1778.,"printed for G. Robinson; and P. Norbury, Brentford,","London :printed for G. Robinson; and P. Norbury, Brentford,1778.",London :,"Anonymous. By Francis G. Waldron.; With a half-title.; Reproduction of original from the British Library.; English Short Title Catalog, ESTC T75040.; Electronic data. Farmington Hills, Mich. : Thomson Gale, 2003. Page image (PNG). Digitized image of the microfilm version produced in Woodbridge, CT by Research Publications, 1982-2002 (later known as Primary Source Microfilm, an imprint of the Gale Group).",T75040,"","","",CW3313027646,CW113027646,The maid of Kent.,The maid of Kent
K064720.000,ECCO,K064720.000.P4.xml,"Madrigal and Trulletta. A mock-tragedy: Acted (under the direction of Mr. Cibber) at the Theatre-Royal in Covent-Garden. With notes by the author, and Dr. Humbug, ... By J. Reed.","","Reed, Joseph, 1723-1787.",1758,1758.,"printed for W. Reeve,","London :printed for W. Reeve,1758.",London :,"Reproduction of original from the British Library.; English Short Title Catalog, ESTC T77871.; Electronic data. Farmington Hills, Mich. : Thomson Gale, 2003. Page image (PNG). Digitized image of the microfilm version produced in Woodbridge, CT by Research Publications, 1982-2002 (later known as Primary Source Microfilm, an imprint of the Gale Group).",T77871,"","","",CW3306677809,CW106677809,Madrigal and Trulletta. A mock-tragedy.,Madrigal and Trulletta. A mock-tragedy
K064728.000,ECCO,K064728.000.P4.xml,"The apprentice: A farce, in two acts, as it is perform'd at the Theatre-Royal, in Drury-Lane. By Mr. Murphy.","","Murphy, Arthur, 1727-1805.",1756,1756.,"printed for Paul Vaillant,","London :printed for Paul Vaillant,1756.",London :,"With a final leaf of epilogue.; Reproduction of original from the British Library.; English Short Title Catalog, ESTC T77884.; Electronic data. Farmington Hills, Mich. : Thomson Gale, 2003. Page image (PNG). Digitized image of the microfilm version produced in Woodbridge, CT by Research Publications, 1982-2002 (later known as Primary Source Microfilm, an imprint of the Gale Group).",T77884,"","","",CW3310068156,CW110068156,The apprentice.,The apprentice
K068278.000,ECCO,K068278.000.P4.xml,"The cobler: or, a wife of ten thousand. A ballad opera. In two acts. As it is performed at the Theatre-Royal, Drury-Lane.","","Dibdin, Charles, 1745-1814.",1774,1774.,"printed for T. Becket,","London :printed for T. Becket,1774.",London :,"The advertisement signed: C. Dibdin.; An adaptation of 'Blaise le savetier' by M.J. Sedaine.; Reproduction of original from the British Library.; English Short Title Catalog, ESTC T83743.; Electronic data. Farmington Hills, Mich. : Thomson Gale, 2003. Page image (PNG). Digitized image of the microfilm version produced in Woodbridge, CT by Research Publications, 1982-2002 (later known as Primary Source Microfilm, an imprint of the Gale Group).",T83743,"","","",CW3315469194,CW115469194,The cobler:,The cobler
K068460.000,ECCO,K068460.000.P4.xml,"The old women weatherwise, an interlude: as performed at the Theatre Royal in Drury-Lane.","","Carey, George Saville, 1743-1807.",1770,1770.,"printed for S. Bladon,","London :printed for S. Bladon,1770.",London :,"Anonymous. By George Saville Carey.; With a half-title.; Reproduction of original from the British Library.; English Short Title Catalog, ESTC T83949.; Electronic data. Farmington Hills, Mich. : Thomson Gale, 2003. Page image (PNG). Digitized image of the microfilm version produced in Woodbridge, CT by Research Publications, 1982-2002 (later known as Primary Source Microfilm, an imprint of the Gale Group).",T83949,"","","",CW3310148032,CW110148032,"The old women weatherwise, an interlude;","The old women weatherwise, an interlude"
K068719.000,ECCO,K068719.000.P4.xml,"The gipsies. A comick opera, in two acts. As it is performed at the Theatre-Royal in the Haymarket:","","Dibdin, Charles, 1745-1814.",1778,1778.,"printed by T. Sherlock, for T. Cadell,","London :printed by T. Sherlock, for T. Cadell,1778.",London :,"Anonymous. By Charles Dibdin.; With a final advertisement leaf.; Reproduction of original from the British Library.; English Short Title Catalog, ESTC T84272.; Electronic data. Farmington Hills, Mich. : Thomson Gale, 2003. Page image (PNG). Digitized image of the microfilm version produced in Woodbridge, CT by Research Publications, 1982-2002 (later known as Primary Source Microfilm, an imprint of the Gale Group).",T84272,"","","",CW3313266646,CW113266646,"The gipsies. A comick opera, in two acts. As it is performed at the Theatre-Royal in the Haymarket.","The gipsies. A comick opera, in two acts. As it is performed at the Theatre-Royal in the Haymarket"
K068720.000,ECCO,K068720.000.P4.xml,"The metamorphoses. A comic opera. In two acts. As it is performed at the Theatre-Royal, in the Hay-Market. The music by Mr. Dibdin:","","Dibdin, Charles, 1745-1814.",1776,1776.,"sold by T. Lowndes,","London :sold by T. Lowndes,1776.",London :,"The text by Charles Dibdin, who signs the advertisement.; Based in part on Molière's 'George Dandin' and 'Le Sicilien'.; Reproduction of original from the British Library.; English Short Title Catalog, ESTC T84273.; Electronic data. Farmington Hills, Mich. : Thomson Gale, 2003. Page image (PNG). Digitized image of the microfilm version produced in Woodbridge, CT by Research Publications, 1982-2002 (later known as Primary Source Microfilm, an imprint of the Gale Group).",T84273,"","","",CW3313295562,CW113295562,"The metamorphoses. A comic opera. In two acts. As it is performed at the Theatre-Royal, in the Hay-Market. The music by Mr. Dibdin.","The metamorphoses. A comic opera. In two acts. As it is performed at the Theatre-Royal, in the Hay-Market. The music by Mr. Dibdin"
K069107.000,ECCO,K069107.000.P4.xml,"Airs, ballads, &c. in The blackamoor wash'd white. A new comic opera. As it will be performed this evening at the Theatre-Royal, Drury-Lane:",Blackamoor wash'd white.,"Dudley, H. Bate, Sir (Henry Bate), 1745-1824.",1776,1776.,"Printed by Cox and Bigg, in the Savoy; and sold by J. Corral, Catherine-Street, Strand,","[London] :Printed by Cox and Bigg, in the Savoy; and sold by J. Corral, Catherine-Street, Strand,1776.",[London] :,"Anonymous. By Sir Henry Bate Dudley.; With a half-title.; Reproduction of original from the British Library.; English Short Title Catalog, ESTC T84741.; Electronic data. Farmington Hills, Mich. : Thomson Gale, 2003. Page image (PNG). Digitized image of the microfilm version produced in Woodbridge, CT by Research Publications, 1982-2002 (later known as Primary Source Microfilm, an imprint of the Gale Group).",T84741,"","","",CW3310138212,CW110138212,"Airs, ballads, &c. in The blackamoor wash'd white. A new comic opera. As it will be performed this evening at the Theatre-Royal, Drury-Lane.","Airs, ballads, &c. in The blackamoor wash'd white. A new comic opera. As it will be performed this evening at the Theatre-Royal, Drury-Lane"
K072976.000,ECCO,K072976.000.P4.xml,"Don Quixote in England: A comedy. As it is acted at the New Theatre in the Hay-Market. By Henry Fielding, Esq;.","","Fielding, Henry, 1707-1754.",1734,1734.,"printed for J. Watts,","London :printed for J. Watts,1734.",London :,"Reproduction of original from the British Library.; English Short Title Catalog, ESTC T89867.; Electronic data. Farmington Hills, Mich. : Thomson Gale, 2003. Page image (PNG). Digitized image of the microfilm version produced in Woodbridge, CT by Research Publications, 1982-2002 (later known as Primary Source Microfilm, an imprint of the Gale Group).",T89867,"","","",CW3310560609,CW110560609,Don Quixote in England.,Don Quixote in England
K077957.000,ECCO,K077957.000.P4.xml,"The amorous widow: or, the wanton wife. A comedy. As it is perform'd by Her Majesty's servants. Written by the late famous Mr. Thomas Betterton. Now first printed from the original copy.","","Betterton, Thomas, 1635?-1710.",1710,1710.,"printed in the year,","London :printed in the year,1710.",London :,"In: 'The life of Mr. Thomas Betterton' by Charles Gildon, London, 1710.; An adaptation of Moliere's 'George Dandin'.; Reproduction of original from the British Library.; English Short Title Catalog, ESTC T96816.; Electronic data. Farmington Hills, Mich. : Thomson Gale, 2003. Page image (PNG). Digitized image of the microfilm version produced in Woodbridge, CT by Research Publications, 1982-2002 (later known as Primary Source Microfilm, an imprint of the Gale Group).",T96816,"","","",CW3314860630,CW114860630,The amorous widow:,The amorous widow
K080528.000,ECCO,K080528.000.P4.xml,Coriolanus: A tragedy. As it is acted at the Theatre-Royal in Covent-Garden. By the late James Thomson.,"","Thomson, James, 1700-1748.",1749,1749.,"printed for A. Millar,","London :printed for A. Millar,1749.",London :,"With a half-title and a final epilogue leaf.; Catchword on p.58: of.; The ornaments are those used by William Bowyer.; Reproduction of original from the British Library.; English Short Title Catalog, ESTC T100060.; Electronic data. Farmington Hills, Mich. : Thomson Gale, 2003. Page image (PNG). Digitized image of the microfilm version produced in Woodbridge, CT by Research Publications, 1982-2002 (later known as Primary Source Microfilm, an imprint of the Gale Group).",T100060,"","","",CW3314143458,CW114143458,Coriolanus.,Coriolanus
K080847.000,ECCO,K080847.000.P4.xml,"Secrets worth knowing: a comedy, in five acts. As performed at the Theatre Royal, Covent Garden. By Thomas Morton, ...","","Morton, Thomas, 1764-1838.",1798,1798.,"printed for T. N. Longman,","London :printed for T. N. Longman,1798.",London :,"With an epilogue beginning on the recto of F4, and four final pages of advertisements.; Reproduction of original from the British Library.; English Short Title Catalog, ESTC T100458.; Electronic data. Farmington Hills, Mich. : Thomson Gale, 2003. Page image (PNG). Digitized image of the microfilm version produced in Woodbridge, CT by Research Publications, 1982-2002 (later known as Primary Source Microfilm, an imprint of the Gale Group).",T100458,"","","",CW3309731743,CW109731743,Secrets worth knowing;,Secrets worth knowing
K080858.000,ECCO,K080858.000.P4.xml,The siege of Aquileia: A tragedy. As it is acted at the Theatre-Royal in Drury-Lane.,"","Home, John, 1722-1808.",1760,1760.,"printed for G. and A. Ewing,","Dublin :printed for G. and A. Ewing,1760.",Dublin :,"Anonymous. By John Home.; Reproduction of original from the British Library.; English Short Title Catalog, ESTC T100471.; Electronic data. Farmington Hills, Mich. : Thomson Gale, 2003. Page image (PNG). Digitized image of the microfilm version produced in Woodbridge, CT by Research Publications, 1982-2002 (later known as Primary Source Microfilm, an imprint of the Gale Group).",T100471,"","","",CW3311519675,CW111519675,The siege of Aquileia.,The siege of Aquileia
K081022.000,ECCO,K081022.000.P4.xml,The Earl of Essex: A tragedy. As it is acted at the Theatre Royal in Covent-Garden. Written by Mr. Henry Jones.,"","Jones, Henry, 1721-1770.",1753,1753.,"printed for R. Dodsley,","London :printed for R. Dodsley,1753.",London :,"P.60 misnumbered 56.; The catchword of the dedication leaf is: 'encourage'.; Reproduction of original from the British Library.; English Short Title Catalog, ESTC T100668.; Electronic data. Farmington Hills, Mich. : Thomson Gale, 2003. Page image (PNG). Digitized image of the microfilm version produced in Woodbridge, CT by Research Publications, 1982-2002 (later known as Primary Source Microfilm, an imprint of the Gale Group).",T100668,"","","",CW3314931288,CW114931288,The earl of Essex.,The earl of Essex
K081319.000,ECCO,K081319.000.P4.xml,"The two connoisseurs; a comedy, in rhyme. Written for a private theatre, by William Hayley, Esq:","","Hayley, William, 1745-1820.",1785,1785.,"printed [by Joseph Cooper] in the year,","Calcutta :printed [by Joseph Cooper] in the year,1785.",Calcutta :,"With a printers device on the titlepage containing the initials J.C., i.e. Joseph Cooper.; Reproduction of original from the British Library.; Shaw, 58; English Short Title Catalog, ESTC T101049.; Electronic data. Farmington Hills, Mich. : Thomson Gale, 2003. Page image (PNG). Digitized image of the microfilm version produced in Woodbridge, CT by Research Publications, 1982-2002 (later known as Primary Source Microfilm, an imprint of the Gale Group).",T101049,"","","",CW3309730274,CW109730274,"The two connoisseurs; a comedy, in rhyme. Written for a private theatre, by William Hayley, Esq.","The two connoisseurs; a comedy, in rhyme. Written for a private theatre, by William Hayley, Esq"
K085913.000,ECCO,K085913.000.P4.xml,"The seraglio: a comic opera, in two acts: as performed at the Theatre-Royal in Covent-Garden.","","Dibdin, Charles, 1745-1814.",1776,1776.,"printed for T. Evans,","London :printed for T. Evans,1776.",London :,"The libretto only, by Charles Dibdin the Elder.; With a half-title.; Reproduction of original from the British Library.; English Short Title Catalog, ESTC T107003.; Electronic data. Farmington Hills, Mich. : Thomson Gale, 2003. Page image (PNG). Digitized image of the microfilm version produced in Woodbridge, CT by Research Publications, 1982-2002 (later known as Primary Source Microfilm, an imprint of the Gale Group).",T107003,"","","",CW3313944331,CW113944331,The seraglio;,The seraglio
K085919.000,ECCO,K085919.000.P4.xml,The Pantheonites. A dramatic entertainment. As performed at the Theatre-Royal in the Hay-Market:,"","Gentleman, Francis, 1728-1784.",1773,1773.,"printed for J. Bell; and C. Etherington, at York,","London :printed for J. Bell; and C. Etherington, at York,1773.",London :,"Anonymous. By Francis Gentleman.; With a half-title.; Reproduction of original from the British Library.; English Short Title Catalog, ESTC T107011.; Electronic data. Farmington Hills, Mich. : Thomson Gale, 2003. Page image (PNG). Digitized image of the microfilm version produced in Woodbridge, CT by Research Publications, 1982-2002 (later known as Primary Source Microfilm, an imprint of the Gale Group).",T107011,"","","",CW3314919423,CW114919423,The pantheonites. A dramatic entertainment. As performed at the Theatre-Royal in the Hay-Market.,The pantheonites. A dramatic entertainment. As performed at the Theatre-Royal in the Hay-Market
K086231.000,ECCO,K086231.000.P4.xml,"The insolvent: or, filial piety. A tragedy. Acted at the Theatre in the Hay-market, (by authority) under the direction of Mr. Cibber. Written by the late Aaron Hill, ...","","Hill, Aaron, 1685-1750.",1758,1758.,"printed and sold by W. Reeve,","London :printed and sold by W. Reeve,1758.",London :,"Reproduction of original from the British Library.; English Short Title Catalog, ESTC T107409.; Electronic data. Farmington Hills, Mich. : Thomson Gale, 2003. Page image (PNG). Digitized image of the microfilm version produced in Woodbridge, CT by Research Publications, 1982-2002 (later known as Primary Source Microfilm, an imprint of the Gale Group).",T107409,"","","",CW3309719892,CW109719892,The insolvent:,The insolvent
K086593.000,ECCO,K086593.000.P4.xml,"Marian: a comic opera, in two acts. Performed at the Theatre-Royal, Covent-Garden. By Mrs. Brookes.","","Brooke, Frances, 1724?-1789.",1800,1800.,"printed by A. Strahan; for T. N. Longman and O. Rees,","London :printed by A. Strahan; for T. N. Longman and O. Rees,1800.",London :,"Reproduction of original from the British Library.; English Short Title Catalog, ESTC T107850.; Electronic data. Farmington Hills, Mich. : Thomson Gale, 2003. Page image (PNG). Digitized image of the microfilm version produced in Woodbridge, CT by Research Publications, 1982-2002 (later known as Primary Source Microfilm, an imprint of the Gale Group).",T107850,"","","",CW3310292953,CW110292953,Marian:,Marian
K086734.000,ECCO,K086734.000.P4.xml,"Thomas and Sally: or, the sailor's return: A musical entertainment. As it is performed at the Theatre Royal in Covent-Garden. The music composed by Doctor Arne.","","Bickerstaff, Isaac, 1735-1812.",1761,1761.,"printed for G. Kearsly; and J. Coote,","London :printed for G. Kearsly; and J. Coote,1761.",London :,"The libretto only, by Isaac Bickerstaffe.; With a half-title.; Pages vii and viii contain the postscript to preface.; Reproduction of original from the British Library.; English Short Title Catalog, ESTC T108042.; Electronic data. Farmington Hills, Mich. : Thomson Gale, 2003. Page image (PNG). Digitized image of the microfilm version produced in Woodbridge, CT by Research Publications, 1982-2002 (later known as Primary Source Microfilm, an imprint of the Gale Group).",T108042,"","","",CW3310388257,CW110388257,"Thomas and Sally: or, the sailor's return.","Thomas and Sally: or, the sailor's return"
K087716.000,ECCO,K087716.000.P4.xml,"The siege of Berwick: a tragedy, by Mr. Jerningham: as performed at the Theatre-Royal, Covent-Garden.","","Jerningham, Mr. (Edward), 1737?-1812.",1794,1794.,"printed for J. Robson,","London :printed for J. Robson,1794.",London :,"Reproduction of original from the British Library.; English Short Title Catalog, ESTC T109238.; Electronic data. Farmington Hills, Mich. : Thomson Gale, 2003. Page image (PNG). Digitized image of the microfilm version produced in Woodbridge, CT by Research Publications, 1982-2002 (later known as Primary Source Microfilm, an imprint of the Gale Group).",T109238,"","","",CW3306676670,CW106676670,"The siege of Berwick,",The siege of Berwick
K089925.000,ECCO,K089925.000.P4.xml,"A trip to Scarborough: A comedy. As performed at the Theatre Royal in Drury Lane. Altered from Vanbrugh's Relapse; or, virtue in danger. By Richard Brinsley Sheridan, Esq.","","Sheridan, Richard Brinsley, 1751-1816.",1781,1781.,"printed for G. Wilkie,","London :printed for G. Wilkie,1781.",London :,"A number of press variants have been noted.; With a half-title.; Reproduction of original from the British Library.; English Short Title Catalog, ESTC T112299.; Electronic data. Farmington Hills, Mich. : Thomson Gale, 2003. Page image (PNG). Digitized image of the microfilm version produced in Woodbridge, CT by Research Publications, 1982-2002 (later known as Primary Source Microfilm, an imprint of the Gale Group).",T112299,"","","",CW3313789083,CW113789083,A trip to Scarborough.,A trip to Scarborough
K091416.000,ECCO,K091416.000.P4.xml,The road to ruin: a comedy. As acted at the London and Dublin theatres.,"","Holcroft, Thomas, 1745-1809.",1792,1792.,"printed for J. Bragg,","Dublin :printed for J. Bragg,1792.",Dublin :,"Anonymous. By Thomas Holcroft.; Reproduction of original from the British Library.; English Short Title Catalog, ESTC T114203.; Electronic data. Farmington Hills, Mich. : Thomson Gale, 2003. Page image (PNG). Digitized image of the microfilm version produced in Woodbridge, CT by Research Publications, 1982-2002 (later known as Primary Source Microfilm, an imprint of the Gale Group).",T114203,"","","",CW3314210156,CW114210156,The road to ruin:,The road to ruin
K091879.000,ECCO,K091879.000.P4.xml,"Rosina: a comic opera, in two acts. Performed at the Theatre-Royal in Covent-Garden.","","Brooke, Frances, 1724?-1789.",1783,1783.,"printed by B. Smith, for the company of booksellers,","Dublin :printed by B. Smith, for the company of booksellers,1783.",Dublin :,"Anonymous. By Frances Brooke.; Reproduction of original from the British Library.; English Short Title Catalog, ESTC T114792.; Electronic data. Farmington Hills, Mich. : Thomson Gale, 2003. Page image (PNG). Digitized image of the microfilm version produced in Woodbridge, CT by Research Publications, 1982-2002 (later known as Primary Source Microfilm, an imprint of the Gale Group).",T114792,"","","",CW3314634635,CW114634635,"Rosina,",Rosina
K092930.000,ECCO,K092930.000.P4.xml,"The tobacconist, a comedy: of two acts altered from Ben Johnson. Acted at the Theatres Royal in the Hay-market and Edinburgh. (With universal applause).","","Gentleman, Francis, 1728-1784.; Jonson, Ben, 1573?-1637.",1771,1771.,"printed for J. Bell, and C. Etherington, at York,","London :printed for J. Bell, and C. Etherington, at York,1771.",London :,"Adapted by Francis Gentleman from Johnson's 'The Alchemist'.; With a half-title and a final advertisement leaf.; Reproduction of original from the British Library.; English Short Title Catalog, ESTC T116074.; Electronic data. Farmington Hills, Mich. : Thomson Gale, 2003. Page image (PNG). Digitized image of the microfilm version produced in Woodbridge, CT by Research Publications, 1982-2002 (later known as Primary Source Microfilm, an imprint of the Gale Group).",T116074,"","","",CW3315149321,CW115149321,"The tobacconist, a comedy","The tobacconist, a comedy"
K094698.000,ECCO,K094698.000.P4.xml,"The mogul tale: or, the descent of the balloon. A farce. As it is acted at the Theatre-Royal, Smoke-Alley.","","Inchbald, Mrs., 1753-1821.",1788,1788.,"Printed for the booksellers,","[Dublin] :Printed for the booksellers,1788.",[Dublin] :,"Anonymous. By Elizabeth Inchbald.; Reproduction of original from the British Library.; English Short Title Catalog, ESTC T118164.; Electronic data. Farmington Hills, Mich. : Thomson Gale, 2003. Page image (PNG). Digitized image of the microfilm version produced in Woodbridge, CT by Research Publications, 1982-2002 (later known as Primary Source Microfilm, an imprint of the Gale Group).",T118164,"","","",CW3314670849,CW114670849,The mogul tale;,The mogul tale
K094982.000,ECCO,K094982.000.P4.xml,"The castle of Andalusia: a comic opera. In three acts. As it is performed at the theatres in London and Dublin. By John O'Keefe, Esqr.",Banditti.,"O'Keeffe, John, 1747-1833.",1783,1783.,"Sold by the booksellers,","[Dublin?] :Sold by the booksellers,1783.",[Dublin?] :,"An adaptation of 'The banditti, or love's labyrinth'.; Reproduction of original from the British Library.; English Short Title Catalog, ESTC T118485.; Electronic data. Farmington Hills, Mich. : Thomson Gale, 2003. Page image (PNG). Digitized image of the microfilm version produced in Woodbridge, CT by Research Publications, 1982-2002 (later known as Primary Source Microfilm, an imprint of the Gale Group).",T118485,"","","",CW3313574730,CW113574730,"The castle of Andalusia,",The castle of Andalusia
K095003.000,ECCO,K095003.000.P4.xml,"The miniature picture: a comedy, in three acts : performed at the Theatre-Royal, Drury-Lane.","","Craven, Elizabeth Craven, Baroness, 1750-1828.",1781,1781.,"printed for G. Riley, at the City Circulating Library,","London :printed for G. Riley, at the City Circulating Library,1781.",London :,"Anonymous. By Elizabeth, Margravine of Brandenburg-Anspach and Bayreuth.; With a half-title.; Reproduction of original from the British Library.; English Short Title Catalog, ESTC T118509.; Electronic data. Farmington Hills, Mich. : Thomson Gale, 2003. Page image (PNG). Digitized image of the microfilm version produced in Woodbridge, CT by Research Publications, 1982-2002 (later known as Primary Source Microfilm, an imprint of the Gale Group).",T118509,"","","",CW3309743332,CW109743332,The miniature picture;,The miniature picture
K095991.000,ECCO,K095991.000.P4.xml,A new comedy. Love a-al-a-mode [sic] in two acts:,"","Macklin, Charles, 1697?-1797.",1779,1779.,"printed in the year,","London :printed in the year,1779.",London :,"Anonymous. By Charles Macklin.; The words ""Love .. mode"" are woodcut.; Drop-head title: 'Love a-la-mode: a comedy'.; With a half-title.; Reproduction of original from the British Library.; English Short Title Catalog, ESTC T119854.; Electronic data. Farmington Hills, Mich. : Thomson Gale, 2003. Page image (PNG). Digitized image of the microfilm version produced in Woodbridge, CT by Research Publications, 1982-2002 (later known as Primary Source Microfilm, an imprint of the Gale Group).",T119854,"","","",CW3314523504,CW114523504,A new comedy. Love a-al-a-mode [sic] in two acts.,A new comedy. Love a-al-a-mode [sic] in two acts
K096840.000,ECCO,K096840.000.P4.xml,"High life below stairs: A farce. Written by David Garrick, Esq. Taken from the manager's book at the Theatre Royal Drury-Lane.","","Townley, James, 1714-1778.; Garrick, David, 1717-1779.",1780,[1780?],"printed by R. Butters ; and sold by all the booksellers in town and country,","London :printed by R. Butters ; and sold by all the booksellers in town and country,[1780?]",London :,"In fact written by James Townley.; Reproduction of original from the British Library.; English Short Title Catalog, ESTC T121065.; Electronic data. Farmington Hills, Mich. : Thomson Gale, 2003. Page image (PNG). Digitized image of the microfilm version produced in Woodbridge, CT by Research Publications, 1982-2002 (later known as Primary Source Microfilm, an imprint of the Gale Group).",T121065,"","","",CW3314517806,CW114517806,High life below stairs.,High life below stairs
K100292.000,ECCO,K100292.000.P4.xml,"Pamela: a comedy. As it is perform'd gratis, at the late theatre in Goodman's-Fields.","","Giffard, Henry, 1699-1772.; Richardson, Samuel, 1689-1761.",1741,1741.,"printed for H. Hubbard,","London :printed for H. Hubbard,1741.",London :,"Attributed to Henry Giffard; formerly attributed to James Love.; A dramatisation of Samuel Richardson's work.; Reproduction of original from the British Library.; English Short Title Catalog, ESTC T125708.; Electronic data. Farmington Hills, Mich. : Thomson Gale, 2003. Page image (PNG). Digitized image of the microfilm version produced in Woodbridge, CT by Research Publications, 1982-2002 (later known as Primary Source Microfilm, an imprint of the Gale Group).",T125708,"","","",CW3310075697,CW110075697,"Pamela,",Pamela
K100402.000,ECCO,K100402.000.P4.xml,"The tragedy of Sir Thomas Overbury: as it is acted at the Theatre-Royal in Drury-Lane, ... Written by Richard Savage, ...","","Savage, Richard, d. 1743.",1724,1724.,"printed for Samuel Chapman,","London :printed for Samuel Chapman,1724.",London :,"With a half-title.; Reproduction of original from the British Library.; English Short Title Catalog, ESTC T125844.; Electronic data. Farmington Hills, Mich. : Thomson Gale, 2003. Page image (PNG). Digitized image of the microfilm version produced in Woodbridge, CT by Research Publications, 1982-2002 (later known as Primary Source Microfilm, an imprint of the Gale Group).",T125844,"","","",CW3314792807,CW114792807,The tragedy of Sir Thomas Overbury:,The tragedy of Sir Thomas Overbury
K100537.000,ECCO,K100537.000.P4.xml,"Virginia a tragedy: with odes, pastorals, and translations. By Mrs. Brooke.","","Brooke, Frances, 1724?-1789.",1756,1756.,"printed for the author, and sold by A. Millar,","London :printed for the author, and sold by A. Millar,1756.",London :,"Verse.; With a half-title.; Reproduction of original from the British Library.; English Short Title Catalog, ESTC T126016.; Electronic data. Farmington Hills, Mich. : Thomson Gale, 2003. Page image (PNG). Digitized image of the microfilm version produced in Woodbridge, CT by Research Publications, 1982-2002 (later known as Primary Source Microfilm, an imprint of the Gale Group).",T126016,"","","",CW3314435918,CW114435918,"Virginia a tragedy,",Virginia a tragedy
K100539.000,ECCO,K100539.000.P4.xml,"Clementina: a tragedy, as it is perform'd with universal applause at the Theatre-Royal in Covent-Garden.","","Kelly, Hugh, 1739-1777.",1771,1771.,"printed for Edward and Charles Dilly, and T. Cadell,","London :printed for Edward and Charles Dilly, and T. Cadell,1771.",London :,"Anonymous. By Hugh Kelly.; With a half-title.; Reproduction of original from the British Library.; English Short Title Catalog, ESTC T126018.; Electronic data. Farmington Hills, Mich. : Thomson Gale, 2003. Page image (PNG). Digitized image of the microfilm version produced in Woodbridge, CT by Research Publications, 1982-2002 (later known as Primary Source Microfilm, an imprint of the Gale Group).",T126018,"","","",CW3313789316,CW113789316,"Clementina,",Clementina
K100796.000,ECCO,K100796.000.P4.xml,A wife in the right: a comedy. By Mrs. Griffith.,"","Griffith, Mrs. (Elizabeth), 1720?-1793.",1772,1772.,"printed for the author, and sold by Mess. E. and C. Dilly, J. Robson, and J. Walter,","London :printed for the author, and sold by Mess. E. and C. Dilly, J. Robson, and J. Walter,1772.",London :,"With a half-title.; With a list of subscribers and an epilogue.; Reproduction of original from the British Library.; English Short Title Catalog, ESTC T126392.; Electronic data. Farmington Hills, Mich. : Thomson Gale, 2003. Page image (PNG). Digitized image of the microfilm version produced in Woodbridge, CT by Research Publications, 1982-2002 (later known as Primary Source Microfilm, an imprint of the Gale Group).",T126392,"","","",CW3310136528,CW110136528,A wife in the right:,A wife in the right
K101007.000,ECCO,K101007.000.P4.xml,Fire and water!: A comic opera: in two acts. Performed at the Theatre-Royal in the Hay-Market. By Miles Peter Andrews.,"","Andrews, Miles Peter, d. 1814.",1780,1780.,"printed by James and Richard Byrn, for the Company of booksellers,","Dublin :printed by James and Richard Byrn, for the Company of booksellers,1780.",Dublin :,"A variant has p. 36 misnumbered 63.; Reproduction of original from the British Library.; English Short Title Catalog, ESTC T126671.; Electronic data. Farmington Hills, Mich. : Thomson Gale, 2003. Page image (PNG). Digitized image of the microfilm version produced in Woodbridge, CT by Research Publications, 1982-2002 (later known as Primary Source Microfilm, an imprint of the Gale Group).",T126671,"","","",CW3314546237,CW114546237,Fire and water!,Fire and water!
K101052.000,ECCO,K101052.000.P4.xml,"The castle spectre: a drama. In five acts. ... By M.G. Lewis, ...","","Lewis, M. G. (Matthew Gregory), 1775-1818.",1798,1798.,"printed for J. Bell,","London :printed for J. Bell,1798.",London :,"In this issue, there is one rule between the author's statement and the quotation; a variant issue has 2 rules dividing the author's statement from the quotation.; Reproduction of original from the British Library.; English Short Title Catalog, ESTC T126752.; Electronic data. Farmington Hills, Mich. : Thomson Gale, 2003. Page image (PNG). Digitized image of the microfilm version produced in Woodbridge, CT by Research Publications, 1982-2002 (later known as Primary Source Microfilm, an imprint of the Gale Group).",T126752,"","","",CW3313696184,CW113696184,The castle spectre:,The castle spectre
K101059.000,ECCO,K101059.000.P4.xml,"The deserted daughter: a comedy. As it is acted at the Theatre Royal, Covent-Garden.","","Holcroft, Thomas, 1745-1809.",1795,1795.,"printed by N. Kelly, for P. Wogan, P. Byrne, J. Moore, W. Jones, J. Rice, T. M'Donnel, J. Jones, G. Folingsby, and N. Kelly,","Dublin :printed by N. Kelly, for P. Wogan, P. Byrne, J. Moore, W. Jones, J. Rice, T. M'Donnel, J. Jones, G. Folingsby, and N. Kelly,1795.",Dublin :,"Anonymous. By Thomas Holcroft.; Reproduction of original from the British Library.; English Short Title Catalog, ESTC T126759.; Electronic data. Farmington Hills, Mich. : Thomson Gale, 2003. Page image (PNG). Digitized image of the microfilm version produced in Woodbridge, CT by Research Publications, 1982-2002 (later known as Primary Source Microfilm, an imprint of the Gale Group).",T126759,"","","",CW3314463251,CW114463251,The deserted daughter:,The deserted daughter
K101642.000,ECCO,K101642.000.P4.xml,"The votary of wealth: a comedy, in five acts. As performed at the Theatre-Royal, Covent-Garden. By J. G.. Holman, ...","","Holman, J. G. (Joseph George), 1764-1817.",1799,1799.,"printed for T.N. Longman and O. Rees,","London :printed for T.N. Longman and O. Rees,1799.",London :,"With an epilogue and three final pages of advertisements.; Reproduction of original from the British Library.; English Short Title Catalog, ESTC T127633.; Electronic data. Farmington Hills, Mich. : Thomson Gale, 2003. Page image (PNG). Digitized image of the microfilm version produced in Woodbridge, CT by Research Publications, 1982-2002 (later known as Primary Source Microfilm, an imprint of the Gale Group).",T127633,"","","",CW3314238781,CW114238781,The votary of wealth;,The votary of wealth
K102279.000,ECCO,K102279.000.P4.xml,"The contract: a comedy. Of two acts. As it was performed at the Theatre Royal, in the Hay-Market.","","Francklin, Thomas, 1721-1784.",1776,1776.,"printed for the author, by J. Millidge: and sold by T. Davies; T. Cadell, and T. Evans,","London :printed for the author, by J. Millidge: and sold by T. Davies; T. Cadell, and T. Evans,1776.",London :,"Anonymous. By Thomas Francklin.; Reproduction of original from the British Library.; English Short Title Catalog, ESTC T128520.; Electronic data. Farmington Hills, Mich. : Thomson Gale, 2003. Page image (PNG). Digitized image of the microfilm version produced in Woodbridge, CT by Research Publications, 1982-2002 (later known as Primary Source Microfilm, an imprint of the Gale Group).",T128520,"","","",CW3312252404,CW112252404,The contract:,The contract
K102914.000,ECCO,K102914.000.P4.xml,"The upholsterer: or what news? A farce, in two acts. As it is performed at the Theatre Royal, in Drury-Lane. By the author of The apprentice.","","Murphy, Arthur, 1727-1805.",1758,1758.,"printed for P. Vaillant,","London :printed for P. Vaillant,1758.",London :,"Author of 'The apprentice' = Arthur Murphy.; Reproduction of original from the British Library.; English Short Title Catalog, ESTC T129409.; Electronic data. Farmington Hills, Mich. : Thomson Gale, 2003. Page image (PNG). Digitized image of the microfilm version produced in Woodbridge, CT by Research Publications, 1982-2002 (later known as Primary Source Microfilm, an imprint of the Gale Group).",T129409,"","","",CW3314111864,CW114111864,"The upholsterer,",The upholsterer
K102974.000,ECCO,K102974.000.P4.xml,The royal suppliants. A tragedy: As performed at the Theatre-Royal in Drury-Lane.,"","Delap, J. (John), 1725-1812.",1781,1781.,"printed by J. and W. Porter; for S. Price, W. Sleator, W. and H. Whitestone, R. Moncrieffe, C. Jenkin, T. Walker, R. Burton, and P. Byrn,","Dublin :printed by J. and W. Porter; for S. Price, W. Sleator, W. and H. Whitestone, R. Moncrieffe, C. Jenkin, T. Walker, R. Burton, and P. Byrn,1781.",Dublin :,"The dedication signed: J. Delap.; With a half-title.; Reproduction of original from the British Library.; English Short Title Catalog, ESTC T129479.; Electronic data. Farmington Hills, Mich. : Thomson Gale, 2003. Page image (PNG). Digitized image of the microfilm version produced in Woodbridge, CT by Research Publications, 1982-2002 (later known as Primary Source Microfilm, an imprint of the Gale Group).",T129479,"","","",CW3311338908,CW111338908,The royal suppliants. A tragedy.,The royal suppliants. A tragedy
K104108.000,ECCO,K104108.000.P4.xml,"Speed the plough: a comedy, in five acts. As performed with universal applause at the Theatre-Royal, Covent-Garden. By Thomas Morton, ...","","Morton, Thomas, 1764-1838.",1800,1800.,"printed by A. Strahan; for T. N. Longman and O. Rees,","London :printed by A. Strahan; for T. N. Longman and O. Rees,1800.",London :,"A reissue of the first edition with the titlepage partially reset.; With a final advertisement leaf.; Reproduction of original from the British Library.; English Short Title Catalog, ESTC T131173.; Electronic data. Farmington Hills, Mich. : Thomson Gale, 2003. Page image (PNG). Digitized image of the microfilm version produced in Woodbridge, CT by Research Publications, 1982-2002 (later known as Primary Source Microfilm, an imprint of the Gale Group).",T131173,"","","",CW3316562597,CW116562597,Speed the plough:,Speed the plough
K105471.000,ECCO,K105471.000.P4.xml,"The doctor and the apothecary: A musical entertainment in two acts. As performed at the Theatre-Royal, Drury-Lane.","","Cobb, James, 1756-1818.; Stephanie, Gottlieb, 1741-1800.",1788,1788.,"printed for C. Dilly,","London :printed for C. Dilly,1788.",London :,"Adapted by James Cobb from Gottlieb Stephanie's 'Der Apotheker und der Doktor' which is said to be based on a French play 'L'apothicaire de Murcie'.; With a half-title.; Reproduction of original from the British Library.; English Short Title Catalog, ESTC T133048.; Electronic data. Farmington Hills, Mich. : Thomson Gale, 2003. Page image (PNG). Digitized image of the microfilm version produced in Woodbridge, CT by Research Publications, 1982-2002 (later known as Primary Source Microfilm, an imprint of the Gale Group).",T133048,"","","",CW3313396504,CW113396504,The doctor and the apothecary.,The doctor and the apothecary
K105792.000,ECCO,K105792.000.P4.xml,"The school for arrogance: a comedy. As it is acted at the Theatre Royal, Covent Garden. By Thomas Holcroft.","","Holcroft, Thomas, 1745-1809.",1791,1791.,"printed for P. Wogan, P. Byrne, J. Moore, J. Jones, A. Grueber [and 5 others in Dublin],","Dublin :printed for P. Wogan, P. Byrne, J. Moore, J. Jones, A. Grueber [and 5 others in Dublin],1791.",Dublin :,"With a half-title and an epilogue.; Reproduction of original from the British Library.; English Short Title Catalog, ESTC T133469.; Electronic data. Farmington Hills, Mich. : Thomson Gale, 2003. Page image (PNG). Digitized image of the microfilm version produced in Woodbridge, CT by Research Publications, 1982-2002 (later known as Primary Source Microfilm, an imprint of the Gale Group).",T133469,"","","",CW3314722718,CW114722718,The school for arrogance:,The school for arrogance
K105913.000,ECCO,K105913.000.P4.xml,"The noble peasant: a comic opera, in three acts; as performed at the Theatre-Royal, in the Haymarket. By Thomas Holcroft.","","Holcroft, Thomas, 1745-1809.",1784,1784.,"printed by J. Exshaw, for the Company of booksellers,","Dublin :printed by J. Exshaw, for the Company of booksellers,1784.",Dublin :,"With a half-title.; Reproduction of original from the British Library.; English Short Title Catalog, ESTC T133666.; Electronic data. Farmington Hills, Mich. : Thomson Gale, 2003. Page image (PNG). Digitized image of the microfilm version produced in Woodbridge, CT by Research Publications, 1982-2002 (later known as Primary Source Microfilm, an imprint of the Gale Group).",T133666,"","","",CW3314137215,CW114137215,"The noble peasant,",The noble peasant
K106115.000,ECCO,K106115.000.P4.xml,"Airs and chorusses in The Princess of Georgia: an opera: written by Her Serene Highness the Margravine of Anspach, and performed at Brandenburgh-House Theatre, 1798.",Princess of Georgia,"Craven, Elizabeth Craven, Baroness, 1750-1828.",1798,1798?],"","[London?,1798?]","[London?,","Reproduction of original from the British Library.; English Short Title Catalog, ESTC T133946.; Electronic data. Farmington Hills, Mich. : Thomson Gale, 2003. Page image (PNG). Digitized image of the microfilm version produced in Woodbridge, CT by Research Publications, 1982-2002 (later known as Primary Source Microfilm, an imprint of the Gale Group).",T133946,"","","",CW3310560878,CW110560878,"Airs and chorusses in The Princess of Georgia,",Airs and chorusses in The Princess of Georgia
K108982.000,ECCO,K108982.000.P4.xml,The shepherd's artifice: a dramatic pastoral. As it is perform'd at the Theatre Royal in Covent Garden. The words written and the music compos'd by Mr. Dibdin.,"","Dibdin, Charles, 1745-1814.",1765,1765.,"printed for T. Becket and P. A. DeHondt,","London :printed for T. Becket and P. A. DeHondt,1765.",London :,"With a half-title.; Without the music.; Reproduction of original from the British Library.; English Short Title Catalog, ESTC T138146.; Electronic data. Farmington Hills, Mich. : Thomson Gale, 2003. Page image (PNG). Digitized image of the microfilm version produced in Woodbridge, CT by Research Publications, 1982-2002 (later known as Primary Source Microfilm, an imprint of the Gale Group).",T138146,"","","",CW3313955817,CW113955817,"The shepherd's artifice,",The shepherd's artifice
K109300.000,ECCO,K109300.000.P4.xml,"The fair penitent. A tragedy: Written by N. Rowe, Esq;.","","Rowe, Nicholas, 1674-1718.",1714,1714.,"printed for Jacob Tonson,","London :printed for Jacob Tonson,1714.",London :,"Reproduction of original from the British Library.; English Short Title Catalog, ESTC T138554.; Electronic data. Farmington Hills, Mich. : Thomson Gale, 2003. Page image (PNG). Digitized image of the microfilm version produced in Woodbridge, CT by Research Publications, 1982-2002 (later known as Primary Source Microfilm, an imprint of the Gale Group).",T138554,"","","",CW3313964410,CW113964410,The fair penitent. A tragedy.,The fair penitent. A tragedy
K114161.000,ECCO,K114161.000.P4.xml,"The dupes of fancy, or every man his hobby: a new farce: in two acts. As performed at the King's Theatre-Royal in the Hay-Market, with great applause. By George Saville Carey, ...","","Carey, George Saville, 1743-1807.",1792,1792.,"printed for Alex. Hogg; and sold by T. Lewis and by all other booksellers and stationers in every city, borough, town, and village in Great Britain and Ireland,","London :printed for Alex. Hogg; and sold by T. Lewis and by all other booksellers and stationers in every city, borough, town, and village in Great Britain and Ireland,1792.",London :,"Pp.52-56 contain 'A new catalogue of publications just printed for Alex. Hogg, .. '.; Reproduction of original from the British Library.; English Short Title Catalog, ESTC T146901.; Electronic data. Farmington Hills, Mich. : Thomson Gale, 2003. Page image (PNG). Digitized image of the microfilm version produced in Woodbridge, CT by Research Publications, 1982-2002 (later known as Primary Source Microfilm, an imprint of the Gale Group).",T146901,"","","",CW3314176124,CW114176124,"The dupes of fancy, or every man his hobby;","The dupes of fancy, or every man his hobby"
K116972.000,ECCO,K116972.000.P4.xml,"Songs duetts, choruses, &c. in a new and appropriate entertainment, called The glorious first of June: Performed, for the first time, by Their Majesties servants at the Theatre Royal Drury Lane, for the benefit of the widows and orphans of the brave men who fell in the engagements under Earl Howe.",Glorious first of June.,"Sheridan, Richard Brinsley, 1751-1816.; Cobb, James, 1756-1818.",1794,[1794],"printed by C. Lowndes, and sold in the Theatre,","London :printed by C. Lowndes, and sold in the Theatre,[1794]",London :,"Anonymous. By Richard Brinsley Sheridan and James Cobb.; Later revised by Sheridan as 'Cape St. Vincent'.; Reproduction of original from the British Library.; English Short Title Catalog, ESTC T155370.; Electronic data. Farmington Hills, Mich. : Thomson Gale, 2003. Page image (PNG). Digitized image of the microfilm version produced in Woodbridge, CT by Research Publications, 1982-2002 (later known as Primary Source Microfilm, an imprint of the Gale Group).",T155370,"","","",CW3312690614,CW112690614,"Songs duetts, choruses, &c.","Songs duetts, choruses, &c"
K117088.000,ECCO,K117088.000.P4.xml,The son-in-law: a comic opera: as it is acted at the Theatres Royal in London and Dublin.,"","O'Keeffe, John, 1747-1833.",1788,1788.,"printed for the booksellers,","Dublin :printed for the booksellers,1788.",Dublin :,"Anonymous. By John O'Keeffe.; Reproduction of original from the Cambridge University Library.; English Short Title Catalog, ESTC T155650.; Electronic data. Farmington Hills, Mich. : Thomson Gale, 2003. Page image (PNG). Digitized image of the microfilm version produced in Woodbridge, CT by Research Publications, 1982-2002 (later known as Primary Source Microfilm, an imprint of the Gale Group).",T155650,"","","",CW3307697359,CW107697359,"The son-in-Law,",The son-in-Law
K118235.000,ECCO,K118235.000.P4.xml,"Aerostation: or, the Templar's stratagem. A farce. In two acts. Written by F. Pilon, ... As it is performed with applause at the Theatre-Royal in Covent-Garden.","","Pilon, Frederick, 1750-1788.",1785,1785.,"printed by J. Exshaw, for the Company of Booksellers,","Dublin :printed by J. Exshaw, for the Company of Booksellers,1785.",Dublin :,"Reproduction of original from the Bodleian Library (Oxford).; English Short Title Catalog, ESTC T164526.; Electronic data. Farmington Hills, Mich. : Thomson Gale, 2003. Page image (PNG). Digitized image of the microfilm version produced in Woodbridge, CT by Research Publications, 1982-2002 (later known as Primary Source Microfilm, an imprint of the Gale Group).",T164526,"","","",CW3306682129,CW106682129,Aerostation;,Aerostation
K118311.000,ECCO,K118311.000.P4.xml,"Airs, duets, trios, &c. in the new comic opera, called Love finds the way. As performed at the Theatre-Royal in Covent-Garden:","","Hull, Thomas, 1728-1808.",1777,1777.,"printed for J. Bell,","London :printed for J. Bell,1777.",London :,"Anonymous. By Thomas Hull.; With a half-title.; Reproduction of original from the Bodleian Library (Oxford).; English Short Title Catalog, ESTC T164873.; Electronic data. Farmington Hills, Mich. : Thomson Gale, 2003. Page image (PNG). Digitized image of the microfilm version produced in Woodbridge, CT by Research Publications, 1982-2002 (later known as Primary Source Microfilm, an imprint of the Gale Group).",T164873,"","","",CW3306341334,CW106341334,"Airs, duets, trios, &c.","Airs, duets, trios, &c"
K120041.000,ECCO,K120041.000.P4.xml,"Miss in her teens: or, the medley of lovers. A farce in two acts. As it is performed at the Theatre-Royal in Covent-Garden.","","Garrick, David, 1717-1779.",1747,1747.,"printed for J. and R. Tonson,","London :printed for J. and R. Tonson,1747.",London :,"Adapted from Florent Carton Dancourt's 'La Parisienne' by David Garrick.; Reproduction of original from the Bodleian Library (Oxford).; English Short Title Catalog, ESTC T172668.; Electronic data. Farmington Hills, Mich. : Thomson Gale, 2003. Page image (PNG). Digitized image of the microfilm version produced in Woodbridge, CT by Research Publications, 1982-2002 (later known as Primary Source Microfilm, an imprint of the Gale Group).",T172668,"","","",CW3306682323,CW106682323,Miss in her teens:,Miss in her teens
K120974.000,ECCO,K120974.000.P4.xml,"The non-juror: A comedy. As it is acted at the Theatre-Royal, by His Majesty's servants. Writien [sic] by Mr. Cibber.","","Cibber, Colley, 1671-1757.; Molière, 1622-1673.",1718,1718.,"re-printed by Thomas Hume, for George Risk,","Dublin :re-printed by Thomas Hume, for George Risk,1718.",Dublin :,"Based on Molière's 'Tartuffe'.; Reproduction of original from the Bodleian Library (Oxford).; English Short Title Catalog, ESTC T176551.; Electronic data. Farmington Hills, Mich. : Thomson Gale, 2003. Page image (PNG). Digitized image of the microfilm version produced in Woodbridge, CT by Research Publications, 1982-2002 (later known as Primary Source Microfilm, an imprint of the Gale Group).",T176551,"","","",CW3307934794,CW107934794,The non-Juror.,The non-Juror
K121177.000,ECCO,K121177.000.P4.xml,The double dealer: A comedy. As it is acted at the Theatre Royal. By their Majesties servants. Written by Mr. Congreve.,"","Congreve, William, 1670-1729.",1706,1706.,"printed for Jacob Tonson,","London :printed for Jacob Tonson,1706.",London :,"With a final advertisement leaf.; Reproduction of original from the Bodleian Library (Oxford).; English Short Title Catalog, ESTC T177247.; Electronic data. Farmington Hills, Mich. : Thomson Gale, 2003. Page image (PNG). Digitized image of the microfilm version produced in Woodbridge, CT by Research Publications, 1982-2002 (later known as Primary Source Microfilm, an imprint of the Gale Group).",T177247,"","","",CW3308385153,CW108385153,The double-dealer.,The double-dealer
K122295.000,ECCO,K122295.000.P4.xml,Zobeide. A tragedy: As it is acted at the Theatre-Royal in Covent-Garden.,"","Cradock, Joseph, 1742-1826.",1762,1762.,"printed for T. Cadell,","London :printed for T. Cadell,1762.",London :,"Anonymous. By Joseph Cradock.; Based on Voltaire's 'Les Scythes'.; Reproduction of original from the Bodleian Library (Oxford).; English Short Title Catalog, ESTC T180966.; Electronic data. Farmington Hills, Mich. : Thomson Gale, 2003. Page image (PNG). Digitized image of the microfilm version produced in Woodbridge, CT by Research Publications, 1982-2002 (later known as Primary Source Microfilm, an imprint of the Gale Group).",T180966,"","","",CW3315537567,CW115537567,Zobeide.,Zobeide
K123155.000,ECCO,K123155.000.P4.xml,"The children in the wood: an opera, in two acts, as performed at the Royal Theatres of Drury-Lane and the Hay-Market.","","Morton, Thomas, 1764-1838.",1794,1794.,"printed for the curious, and not sold by the booksellers in general,","London :printed for the curious, and not sold by the booksellers in general,1794.",London :,"Anonymous. By Thomas Morton.; Reproduction of original from the Bodleian Library (Oxford).; English Short Title Catalog, ESTC T183980.; Electronic data. Farmington Hills, Mich. : Thomson Gale, 2003. Page image (PNG). Digitized image of the microfilm version produced in Woodbridge, CT by Research Publications, 1982-2002 (later known as Primary Source Microfilm, an imprint of the Gale Group).",T183980,"","","",CW3306501978,CW106501978,"The children in the wood,",The children in the wood
K123849.000,ECCO,K123849.000.P4.xml,The deserter. A new musical drama: as it is performed at the Theatre-Royal in Drury-Lane.,"","Dibdin, Charles, 1745-1814.; Sedaine, 1719-1797.",1773,1773.,"printed for J. Potts, D. Chamberlaine, W. Sleater, and R. Moncrieffe,","Dublin :printed for J. Potts, D. Chamberlaine, W. Sleater, and R. Moncrieffe,1773.",Dublin :,"Charles Dibdin's adaptation of 'Le déserteur' by Michael Jean Sedaine.; Without the music.; Reproduction of original from the Bodleian Library (Oxford).; English Short Title Catalog, ESTC T186035.; Electronic data. Farmington Hills, Mich. : Thomson Gale, 2003. Page image (PNG). Digitized image of the microfilm version produced in Woodbridge, CT by Research Publications, 1982-2002 (later known as Primary Source Microfilm, an imprint of the Gale Group).",T186035,"","","",CW3314083816,CW114083816,The deserter.,The deserter
K125710.000,ECCO,K125710.000.P4.xml,"The school for scandal: a comedy; as it is performed at the Theatres-Royal, in London and Dublin.","","Sheridan, Richard Brinsley, 1751-1816.",1781,1781.,"printed for J. Bew,","London :printed for J. Bew,1781.",London :,"Anonymous. By Richard B. Sheridan.; Reproduction of original from the Bodleian Library (Oxford).; English Short Title Catalog, ESTC T193639.; Electronic data. Farmington Hills, Mich. : Thomson Gale, 2003. Page image (PNG). Digitized image of the microfilm version produced in Woodbridge, CT by Research Publications, 1982-2002 (later known as Primary Source Microfilm, an imprint of the Gale Group).",T193639,"","","",CW3315661936,CW115661936,The school for scandal;,The school for scandal
K131816.000,ECCO,K131816.000.P4.xml,"Three weeks after marriage: a comedy, in two acts, as performed at the Theatre-Royal in Covent Garden.",What we must all come to,"Murphy, Arthur, 1727-1805.",1775,[1775?],"printed for E. Johnson,","London :printed for E. Johnson,[1775?]",London :,"Anonymous. By Arthur Murphy.; Originally performed and published in 1764 as 'What we must all come to'.; Reproduction of original from the British Library.; English Short Title Catalog, ESTC T224568.; Electronic data. Farmington Hills, Mich. : Thomson Gale, 2003. Page image (PNG). Digitized image of the microfilm version produced in Woodbridge, CT by Research Publications, 1982-2002 (later known as Primary Source Microfilm, an imprint of the Gale Group).",T224568,"","","",CW3307696075,CW107696075,Three weeks after marriage;,Three weeks after marriage
K132743.000,ECCO,K132743.000.P4.xml,The tragedy of Sophonisba: Acted at the Theatre-Royal in Drury-Lane. By His Majesty's servants. By Mr. Thomson.,"","Thomson, James, 1700-1748.",1730,1730.,"printed for A. Millar,","London :printed for A. Millar,1730.",London :,"The ornaments are those used by William Bowyer.; In this issue the press figures are as follows: pp. [6], 61 and 66 have the press figure 7; pp. 2, 15, 23, 33 and 68 have the press figure 2; and pp. 16 and 31 have the press figure 1.; Reproduction of original from the Cambridge University Library.; English Short Title Catalog, ESTC T230316.; Electronic data. Farmington Hills, Mich. : Thomson Gale, 2003. Page image (PNG). Digitized image of the microfilm version produced in Woodbridge, CT by Research Publications, 1982-2002 (later known as Primary Source Microfilm, an imprint of the Gale Group).",T230316,"","","",CW3307744278,CW107744278,The tragedy of Sophonisba.,The tragedy of Sophonisba
